system:index,date,precip_rate_mm_per_hr,.geo
20240801000000,2024-08-01 00:00,3.919999837875366,"{""type"":""MultiPoint"",""coordinates"":[]}"
20240801003000,2024-08-01 00:30,3.43999981880188,"{""type"":""MultiPoint"",""coordinates"":[]}"
20240801010000,2024-08-01 01:00,3.009999990463257,"{""type"":""MultiPoint"",""coordinates"":[]}"
20240801013000,2024-08-01 01:30,2.429999828338623,"{""type"":""MultiPoint"",""coordinates"":[]}"
20240801020000,2024-08-01 02:00,0.9799999594688416,"{""type"":""MultiPoint"",""coordinates"":[]}"
20240801023000,2024-08-01 02:30,0.4899999797344208,"{""type"":""MultiPoint"",""coordinates"":[]}"
20240801030000,2024-08-01 03:00,0.6599999666213989,"{""type"":""MultiPoint"",""coordinates"":[]}"
20240801033000,2024-08-01 03:30,0.5199999809265137,"{""type"":""MultiPoint"",""coordinates"":[]}"
20240801040000,2024-08-01 04:00,0.07999999821186066,"{""type"":""MultiPoint"",""coordinates"":[]}"
20240801043000,2024-08-01 04:30,0.0,"{""type"":""MultiPoint"",""coordinates"":[]}"
20240801050000,2024-08-01 05:00,0.0,"{""type"":""MultiPoint"",""coordinates"":[]}"
20240801053000,2024-08-01 05:30,0.0,"{""type"":""MultiPoint"",""coordinates"":[]}"
20240801060000,2024-08-01 06:00,0.0,"{""type"":""MultiPoint"",""coordinates"":[]}"
20240801063000,2024-08-01 06:30,0.0,"{""type"":""MultiPoint"",""coordinates"":[]}"
20240801070000,2024-08-01 07:00,0.0,"{""type"":""MultiPoint"",""coordinates"":[]}"
20240801073000,2024-08-01 07:30,0.0,"{""type"":""MultiPoint"",""coordinates"":[]}"
20240801080000,2024-08-01 08:00,0.1599999964237213,"{""type"":""MultiPoint"",""coordinates"":[]}"
20240801083000,2024-08-01 08:30,0.17000000178813934,"{""type"":""MultiPoint"",""coordinates"":[]}"
20240801090000,2024-08-01 09:00,0.1599999964237213,"{""type"":""MultiPoint"",""coordinates"":[]}"
20240801093000,2024-08-01 09:30,1.0099999904632568,"{""type"":""MultiPoint"",""coordinates"":[]}"
20240801100000,2024-08-01 10:00,0.0,"{""type"":""MultiPoint"",""coordinates"":[]}"
20240801103000,2024-08-01 10:30,0.0,"{""type"":""MultiPoint"",""coordinates"":[]}"
20240801110000,2024-08-01 11:00,0.0,"{""type"":""MultiPoint"",""coordinates"":[]}"
20240801113000,2024-08-01 11:30,0.0,"{""type"":""MultiPoint"",""coordinates"":[]}"
20240801120000,2024-08-01 12:00,0.0,"{""type"":""MultiPoint"",""coordinates"":[]}"
20240801123000,2024-08-01 12:30,0.0,"{""type"":""MultiPoint"",""coordinates"":[]}"
20240801130000,2024-08-01 13:00,0.0,"{""type"":""MultiPoint"",""coordinates"":[]}"
20240801133000,2024-08-01 13:30,0.29999998211860657,"{""type"":""MultiPoint"",""coordinates"":[]}"
20240801140000,2024-08-01 14:00,0.4399999976158142,"{""type"":""MultiPoint"",""coordinates"":[]}"
20240801143000,2024-08-01 14:30,1.3899999856948853,"{""type"":""MultiPoint"",""coordinates"":[]}"
20240801150000,2024-08-01 15:00,1.2200000286102295,"{""type"":""MultiPoint"",""coordinates"":[]}"
20240801153000,2024-08-01 15:30,0.4399999976158142,"{""type"":""MultiPoint"",""coordinates"":[]}"
20240801160000,2024-08-01 16:00,0.6800000071525574,"{""type"":""MultiPoint"",""coordinates"":[]}"
20240801163000,2024-08-01 16:30,0.5099999904632568,"{""type"":""MultiPoint"",""coordinates"":[]}"
20240801170000,2024-08-01 17:00,0.35999998450279236,"{""type"":""MultiPoint"",""coordinates"":[]}"
20240801173000,2024-08-01 17:30,0.07999999821186066,"{""type"":""MultiPoint"",""coordinates"":[]}"
20240801180000,2024-08-01 18:00,0.0,"{""type"":""MultiPoint"",""coordinates"":[]}"
20240801183000,2024-08-01 18:30,0.0,"{""type"":""MultiPoint"",""coordinates"":[]}"
20240801190000,2024-08-01 19:00,0.2199999988079071,"{""type"":""MultiPoint"",""coordinates"":[]}"
20240801193000,2024-08-01 19:30,0.3700000047683716,"{""type"":""MultiPoint"",""coordinates"":[]}"
20240801200000,2024-08-01 20:00,2.309999942779541,"{""type"":""MultiPoint"",""coordinates"":[]}"
20240801203000,2024-08-01 20:30,3.819999933242798,"{""type"":""MultiPoint"",""coordinates"":[]}"
20240801210000,2024-08-01 21:00,5.139999866485596,"{""type"":""MultiPoint"",""coordinates"":[]}"
20240801213000,2024-08-01 21:30,2.919999837875366,"{""type"":""MultiPoint"",""coordinates"":[]}"
20240801220000,2024-08-01 22:00,2.5299999713897705,"{""type"":""MultiPoint"",""coordinates"":[]}"
20240801223000,2024-08-01 22:30,2.2200000286102295,"{""type"":""MultiPoint"",""coordinates"":[]}"
20240801230000,2024-08-01 23:00,0.11999999731779099,"{""type"":""MultiPoint"",""coordinates"":[]}"
20240801233000,2024-08-01 23:30,0.26999998092651367,"{""type"":""MultiPoint"",""coordinates"":[]}"
20240802000000,2024-08-02 00:00,0.0,"{""type"":""MultiPoint"",""coordinates"":[]}"
20240802003000,2024-08-02 00:30,0.08999999612569809,"{""type"":""MultiPoint"",""coordinates"":[]}"
20240802010000,2024-08-02 01:00,0.0,"{""type"":""MultiPoint"",""coordinates"":[]}"
20240802013000,2024-08-02 01:30,0.0,"{""type"":""MultiPoint"",""coordinates"":[]}"
20240802020000,2024-08-02 02:00,0.0,"{""type"":""MultiPoint"",""coordinates"":[]}"
20240802023000,2024-08-02 02:30,0.0,"{""type"":""MultiPoint"",""coordinates"":[]}"
20240802030000,2024-08-02 03:00,0.0,"{""type"":""MultiPoint"",""coordinates"":[]}"
20240802033000,2024-08-02 03:30,0.0,"{""type"":""MultiPoint"",""coordinates"":[]}"
20240802040000,2024-08-02 04:00,0.0,"{""type"":""MultiPoint"",""coordinates"":[]}"
20240802043000,2024-08-02 04:30,0.0,"{""type"":""MultiPoint"",""coordinates"":[]}"
20240802050000,2024-08-02 05:00,0.0,"{""type"":""MultiPoint"",""coordinates"":[]}"
20240802053000,2024-08-02 05:30,0.0,"{""type"":""MultiPoint"",""coordinates"":[]}"
20240802060000,2024-08-02 06:00,0.0,"{""type"":""MultiPoint"",""coordinates"":[]}"
20240802063000,2024-08-02 06:30,0.0,"{""type"":""MultiPoint"",""coordinates"":[]}"
20240802070000,2024-08-02 07:00,0.0,"{""type"":""MultiPoint"",""coordinates"":[]}"
20240802073000,2024-08-02 07:30,0.0,"{""type"":""MultiPoint"",""coordinates"":[]}"
20240802080000,2024-08-02 08:00,0.0,"{""type"":""MultiPoint"",""coordinates"":[]}"
20240802083000,2024-08-02 08:30,0.0,"{""type"":""MultiPoint"",""coordinates"":[]}"
20240802090000,2024-08-02 09:00,0.0,"{""type"":""MultiPoint"",""coordinates"":[]}"
20240802093000,2024-08-02 09:30,0.0,"{""type"":""MultiPoint"",""coordinates"":[]}"
20240802100000,2024-08-02 10:00,0.0,"{""type"":""MultiPoint"",""coordinates"":[]}"
20240802103000,2024-08-02 10:30,0.0,"{""type"":""MultiPoint"",""coordinates"":[]}"
20240802110000,2024-08-02 11:00,0.0,"{""type"":""MultiPoint"",""coordinates"":[]}"
20240802113000,2024-08-02 11:30,0.0,"{""type"":""MultiPoint"",""coordinates"":[]}"
20240802120000,2024-08-02 12:00,0.05999999865889549,"{""type"":""MultiPoint"",""coordinates"":[]}"
20240802123000,2024-08-02 12:30,0.07999999821186066,"{""type"":""MultiPoint"",""coordinates"":[]}"
20240802130000,2024-08-02 13:00,0.09999999403953552,"{""type"":""MultiPoint"",""coordinates"":[]}"
20240802133000,2024-08-02 13:30,0.3400000035762787,"{""type"":""MultiPoint"",""coordinates"":[]}"
20240802140000,2024-08-02 14:00,0.8899999856948853,"{""type"":""MultiPoint"",""coordinates"":[]}"
20240802143000,2024-08-02 14:30,0.85999995470047,"{""type"":""MultiPoint"",""coordinates"":[]}"
20240802150000,2024-08-02 15:00,0.6299999952316284,"{""type"":""MultiPoint"",""coordinates"":[]}"
20240802153000,2024-08-02 15:30,0.5699999928474426,"{""type"":""MultiPoint"",""coordinates"":[]}"
20240802160000,2024-08-02 16:00,0.23999999463558197,"{""type"":""MultiPoint"",""coordinates"":[]}"
20240802163000,2024-08-02 16:30,0.05999999865889549,"{""type"":""MultiPoint"",""coordinates"":[]}"
20240802170000,2024-08-02 17:00,0.0,"{""type"":""MultiPoint"",""coordinates"":[]}"
20240802173000,2024-08-02 17:30,0.0,"{""type"":""MultiPoint"",""coordinates"":[]}"
20240802180000,2024-08-02 18:00,0.0,"{""type"":""MultiPoint"",""coordinates"":[]}"
20240802183000,2024-08-02 18:30,0.0,"{""type"":""MultiPoint"",""coordinates"":[]}"
20240802190000,2024-08-02 19:00,0.0,"{""type"":""MultiPoint"",""coordinates"":[]}"
20240802193000,2024-08-02 19:30,0.0,"{""type"":""MultiPoint"",""coordinates"":[]}"
20240802200000,2024-08-02 20:00,0.0,"{""type"":""MultiPoint"",""coordinates"":[]}"
20240802203000,2024-08-02 20:30,0.0,"{""type"":""MultiPoint"",""coordinates"":[]}"
20240802210000,2024-08-02 21:00,0.0,"{""type"":""MultiPoint"",""coordinates"":[]}"
20240802213000,2024-08-02 21:30,0.0,"{""type"":""MultiPoint"",""coordinates"":[]}"
20240802220000,2024-08-02 22:00,0.0,"{""type"":""MultiPoint"",""coordinates"":[]}"
20240802223000,2024-08-02 22:30,0.0,"{""type"":""MultiPoint"",""coordinates"":[]}"
20240802230000,2024-08-02 23:00,0.0,"{""type"":""MultiPoint"",""coordinates"":[]}"
20240802233000,2024-08-02 23:30,0.0,"{""type"":""MultiPoint"",""coordinates"":[]}"
20240803000000,2024-08-03 00:00,0.0,"{""type"":""MultiPoint"",""coordinates"":[]}"
20240803003000,2024-08-03 00:30,0.0,"{""type"":""MultiPoint"",""coordinates"":[]}"
20240803010000,2024-08-03 01:00,0.0,"{""type"":""MultiPoint"",""coordinates"":[]}"
20240803013000,2024-08-03 01:30,0.0,"{""type"":""MultiPoint"",""coordinates"":[]}"
20240803020000,2024-08-03 02:00,0.0,"{""type"":""MultiPoint"",""coordinates"":[]}"
20240803023000,2024-08-03 02:30,0.0,"{""type"":""MultiPoint"",""coordinates"":[]}"
20240803030000,2024-08-03 03:00,0.0,"{""type"":""MultiPoint"",""coordinates"":[]}"
20240803033000,2024-08-03 03:30,0.0,"{""type"":""MultiPoint"",""coordinates"":[]}"
20240803040000,2024-08-03 04:00,0.0,"{""type"":""MultiPoint"",""coordinates"":[]}"
20240803043000,2024-08-03 04:30,0.0,"{""type"":""MultiPoint"",""coordinates"":[]}"
20240803050000,2024-08-03 05:00,0.0,"{""type"":""MultiPoint"",""coordinates"":[]}"
20240803053000,2024-08-03 05:30,0.08999999612569809,"{""type"":""MultiPoint"",""coordinates"":[]}"
20240803060000,2024-08-03 06:00,0.0,"{""type"":""MultiPoint"",""coordinates"":[]}"
20240803063000,2024-08-03 06:30,0.0,"{""type"":""MultiPoint"",""coordinates"":[]}"
20240803070000,2024-08-03 07:00,0.0,"{""type"":""MultiPoint"",""coordinates"":[]}"
20240803073000,2024-08-03 07:30,0.0,"{""type"":""MultiPoint"",""coordinates"":[]}"
20240803080000,2024-08-03 08:00,0.0,"{""type"":""MultiPoint"",""coordinates"":[]}"
20240803083000,2024-08-03 08:30,0.0,"{""type"":""MultiPoint"",""coordinates"":[]}"
20240803090000,2024-08-03 09:00,0.0,"{""type"":""MultiPoint"",""coordinates"":[]}"
20240803093000,2024-08-03 09:30,0.0,"{""type"":""MultiPoint"",""coordinates"":[]}"
20240803100000,2024-08-03 10:00,0.0,"{""type"":""MultiPoint"",""coordinates"":[]}"
20240803103000,2024-08-03 10:30,0.0,"{""type"":""MultiPoint"",""coordinates"":[]}"
20240803110000,2024-08-03 11:00,0.0,"{""type"":""MultiPoint"",""coordinates"":[]}"
20240803113000,2024-08-03 11:30,0.0,"{""type"":""MultiPoint"",""coordinates"":[]}"
20240803120000,2024-08-03 12:00,0.0,"{""type"":""MultiPoint"",""coordinates"":[]}"
20240803123000,2024-08-03 12:30,0.0,"{""type"":""MultiPoint"",""coordinates"":[]}"
20240803130000,2024-08-03 13:00,0.0,"{""type"":""MultiPoint"",""coordinates"":[]}"
20240803133000,2024-08-03 13:30,0.0,"{""type"":""MultiPoint"",""coordinates"":[]}"
20240803140000,2024-08-03 14:00,0.0,"{""type"":""MultiPoint"",""coordinates"":[]}"
20240803143000,2024-08-03 14:30,0.0,"{""type"":""MultiPoint"",""coordinates"":[]}"
20240803150000,2024-08-03 15:00,0.0,"{""type"":""MultiPoint"",""coordinates"":[]}"
20240803153000,2024-08-03 15:30,0.0,"{""type"":""MultiPoint"",""coordinates"":[]}"
20240803160000,2024-08-03 16:00,0.0,"{""type"":""MultiPoint"",""coordinates"":[]}"
20240803163000,2024-08-03 16:30,0.0,"{""type"":""MultiPoint"",""coordinates"":[]}"
20240803170000,2024-08-03 17:00,0.0,"{""type"":""MultiPoint"",""coordinates"":[]}"
20240803173000,2024-08-03 17:30,0.0,"{""type"":""MultiPoint"",""coordinates"":[]}"
20240803180000,2024-08-03 18:00,0.0,"{""type"":""MultiPoint"",""coordinates"":[]}"
20240803183000,2024-08-03 18:30,0.3199999928474426,"{""type"":""MultiPoint"",""coordinates"":[]}"
20240803190000,2024-08-03 19:00,0.25999999046325684,"{""type"":""MultiPoint"",""coordinates"":[]}"
20240803193000,2024-08-03 19:30,0.0,"{""type"":""MultiPoint"",""coordinates"":[]}"
20240803200000,2024-08-03 20:00,0.0,"{""type"":""MultiPoint"",""coordinates"":[]}"
20240803203000,2024-08-03 20:30,0.0,"{""type"":""MultiPoint"",""coordinates"":[]}"
20240803210000,2024-08-03 21:00,0.0,"{""type"":""MultiPoint"",""coordinates"":[]}"
20240803213000,2024-08-03 21:30,0.23999999463558197,"{""type"":""MultiPoint"",""coordinates"":[]}"
20240803220000,2024-08-03 22:00,1.0299999713897705,"{""type"":""MultiPoint"",""coordinates"":[]}"
20240803223000,2024-08-03 22:30,1.090000033378601,"{""type"":""MultiPoint"",""coordinates"":[]}"
20240803230000,2024-08-03 23:00,1.3199999332427979,"{""type"":""MultiPoint"",""coordinates"":[]}"
20240803233000,2024-08-03 23:30,0.3199999928474426,"{""type"":""MultiPoint"",""coordinates"":[]}"
20240804000000,2024-08-04 00:00,0.19999998807907104,"{""type"":""MultiPoint"",""coordinates"":[]}"
20240804003000,2024-08-04 00:30,0.22999998927116394,"{""type"":""MultiPoint"",""coordinates"":[]}"
20240804010000,2024-08-04 01:00,0.0,"{""type"":""MultiPoint"",""coordinates"":[]}"
20240804013000,2024-08-04 01:30,0.0,"{""type"":""MultiPoint"",""coordinates"":[]}"
20240804020000,2024-08-04 02:00,0.0,"{""type"":""MultiPoint"",""coordinates"":[]}"
20240804023000,2024-08-04 02:30,0.0,"{""type"":""MultiPoint"",""coordinates"":[]}"
20240804030000,2024-08-04 03:00,0.03999999910593033,"{""type"":""MultiPoint"",""coordinates"":[]}"
20240804033000,2024-08-04 03:30,0.009999999776482582,"{""type"":""MultiPoint"",""coordinates"":[]}"
20240804040000,2024-08-04 04:00,0.08999999612569809,"{""type"":""MultiPoint"",""coordinates"":[]}"
20240804043000,2024-08-04 04:30,0.3499999940395355,"{""type"":""MultiPoint"",""coordinates"":[]}"
20240804050000,2024-08-04 05:00,0.19999998807907104,"{""type"":""MultiPoint"",""coordinates"":[]}"
20240804053000,2024-08-04 05:30,0.029999999329447746,"{""type"":""MultiPoint"",""coordinates"":[]}"
20240804060000,2024-08-04 06:00,0.0,"{""type"":""MultiPoint"",""coordinates"":[]}"
20240804063000,2024-08-04 06:30,0.0,"{""type"":""MultiPoint"",""coordinates"":[]}"
20240804070000,2024-08-04 07:00,0.0,"{""type"":""MultiPoint"",""coordinates"":[]}"
20240804073000,2024-08-04 07:30,0.0,"{""type"":""MultiPoint"",""coordinates"":[]}"
20240804080000,2024-08-04 08:00,0.0,"{""type"":""MultiPoint"",""coordinates"":[]}"
20240804083000,2024-08-04 08:30,0.0,"{""type"":""MultiPoint"",""coordinates"":[]}"
20240804090000,2024-08-04 09:00,0.0,"{""type"":""MultiPoint"",""coordinates"":[]}"
20240804093000,2024-08-04 09:30,0.0,"{""type"":""MultiPoint"",""coordinates"":[]}"
20240804100000,2024-08-04 10:00,0.0,"{""type"":""MultiPoint"",""coordinates"":[]}"
20240804103000,2024-08-04 10:30,0.0,"{""type"":""MultiPoint"",""coordinates"":[]}"
20240804110000,2024-08-04 11:00,0.07999999821186066,"{""type"":""MultiPoint"",""coordinates"":[]}"
20240804113000,2024-08-04 11:30,0.20999999344348907,"{""type"":""MultiPoint"",""coordinates"":[]}"
20240804120000,2024-08-04 12:00,0.29999998211860657,"{""type"":""MultiPoint"",""coordinates"":[]}"
20240804123000,2024-08-04 12:30,0.2800000011920929,"{""type"":""MultiPoint"",""coordinates"":[]}"
20240804130000,2024-08-04 13:00,0.2800000011920929,"{""type"":""MultiPoint"",""coordinates"":[]}"
20240804133000,2024-08-04 13:30,0.09999999403953552,"{""type"":""MultiPoint"",""coordinates"":[]}"
20240804140000,2024-08-04 14:00,0.03999999910593033,"{""type"":""MultiPoint"",""coordinates"":[]}"
20240804143000,2024-08-04 14:30,0.009999999776482582,"{""type"":""MultiPoint"",""coordinates"":[]}"
20240804150000,2024-08-04 15:00,0.0,"{""type"":""MultiPoint"",""coordinates"":[]}"
20240804153000,2024-08-04 15:30,0.0,"{""type"":""MultiPoint"",""coordinates"":[]}"
20240804160000,2024-08-04 16:00,0.0,"{""type"":""MultiPoint"",""coordinates"":[]}"
20240804163000,2024-08-04 16:30,0.07000000029802322,"{""type"":""MultiPoint"",""coordinates"":[]}"
20240804170000,2024-08-04 17:00,0.03999999910593033,"{""type"":""MultiPoint"",""coordinates"":[]}"
20240804173000,2024-08-04 17:30,0.0,"{""type"":""MultiPoint"",""coordinates"":[]}"
20240804180000,2024-08-04 18:00,0.0,"{""type"":""MultiPoint"",""coordinates"":[]}"
20240804183000,2024-08-04 18:30,0.0,"{""type"":""MultiPoint"",""coordinates"":[]}"
20240804190000,2024-08-04 19:00,0.0,"{""type"":""MultiPoint"",""coordinates"":[]}"
20240804193000,2024-08-04 19:30,0.0,"{""type"":""MultiPoint"",""coordinates"":[]}"
20240804200000,2024-08-04 20:00,0.10999999940395355,"{""type"":""MultiPoint"",""coordinates"":[]}"
20240804203000,2024-08-04 20:30,0.4099999964237213,"{""type"":""MultiPoint"",""coordinates"":[]}"
20240804210000,2024-08-04 21:00,0.0,"{""type"":""MultiPoint"",""coordinates"":[]}"
20240804213000,2024-08-04 21:30,0.0,"{""type"":""MultiPoint"",""coordinates"":[]}"
20240804220000,2024-08-04 22:00,0.0,"{""type"":""MultiPoint"",""coordinates"":[]}"
20240804223000,2024-08-04 22:30,0.0,"{""type"":""MultiPoint"",""coordinates"":[]}"
20240804230000,2024-08-04 23:00,0.0,"{""type"":""MultiPoint"",""coordinates"":[]}"
20240804233000,2024-08-04 23:30,0.03999999910593033,"{""type"":""MultiPoint"",""coordinates"":[]}"
20240805000000,2024-08-05 00:00,0.0,"{""type"":""MultiPoint"",""coordinates"":[]}"
20240805003000,2024-08-05 00:30,0.0,"{""type"":""MultiPoint"",""coordinates"":[]}"
20240805010000,2024-08-05 01:00,0.0,"{""type"":""MultiPoint"",""coordinates"":[]}"
20240805013000,2024-08-05 01:30,0.0,"{""type"":""MultiPoint"",""coordinates"":[]}"
20240805020000,2024-08-05 02:00,0.0,"{""type"":""MultiPoint"",""coordinates"":[]}"
20240805023000,2024-08-05 02:30,0.0,"{""type"":""MultiPoint"",""coordinates"":[]}"
20240805030000,2024-08-05 03:00,0.0,"{""type"":""MultiPoint"",""coordinates"":[]}"
20240805033000,2024-08-05 03:30,0.0,"{""type"":""MultiPoint"",""coordinates"":[]}"
20240805040000,2024-08-05 04:00,0.0,"{""type"":""MultiPoint"",""coordinates"":[]}"
20240805043000,2024-08-05 04:30,0.0,"{""type"":""MultiPoint"",""coordinates"":[]}"
20240805050000,2024-08-05 05:00,0.0,"{""type"":""MultiPoint"",""coordinates"":[]}"
20240805053000,2024-08-05 05:30,0.0,"{""type"":""MultiPoint"",""coordinates"":[]}"
20240805060000,2024-08-05 06:00,0.0,"{""type"":""MultiPoint"",""coordinates"":[]}"
20240805063000,2024-08-05 06:30,0.0,"{""type"":""MultiPoint"",""coordinates"":[]}"
20240805070000,2024-08-05 07:00,0.0,"{""type"":""MultiPoint"",""coordinates"":[]}"
20240805073000,2024-08-05 07:30,0.0,"{""type"":""MultiPoint"",""coordinates"":[]}"
20240805080000,2024-08-05 08:00,0.0,"{""type"":""MultiPoint"",""coordinates"":[]}"
20240805083000,2024-08-05 08:30,0.0,"{""type"":""MultiPoint"",""coordinates"":[]}"
20240805090000,2024-08-05 09:00,0.0,"{""type"":""MultiPoint"",""coordinates"":[]}"
20240805093000,2024-08-05 09:30,0.0,"{""type"":""MultiPoint"",""coordinates"":[]}"
20240805100000,2024-08-05 10:00,0.0,"{""type"":""MultiPoint"",""coordinates"":[]}"
20240805103000,2024-08-05 10:30,0.5899999737739563,"{""type"":""MultiPoint"",""coordinates"":[]}"
20240805110000,2024-08-05 11:00,0.550000011920929,"{""type"":""MultiPoint"",""coordinates"":[]}"
20240805113000,2024-08-05 11:30,1.7599999904632568,"{""type"":""MultiPoint"",""coordinates"":[]}"
20240805120000,2024-08-05 12:00,1.2400000095367432,"{""type"":""MultiPoint"",""coordinates"":[]}"
20240805123000,2024-08-05 12:30,1.0699999332427979,"{""type"":""MultiPoint"",""coordinates"":[]}"
20240805130000,2024-08-05 13:00,0.0,"{""type"":""MultiPoint"",""coordinates"":[]}"
20240805133000,2024-08-05 13:30,0.0,"{""type"":""MultiPoint"",""coordinates"":[]}"
20240805140000,2024-08-05 14:00,0.0,"{""type"":""MultiPoint"",""coordinates"":[]}"
20240805143000,2024-08-05 14:30,0.0,"{""type"":""MultiPoint"",""coordinates"":[]}"
20240805150000,2024-08-05 15:00,0.0,"{""type"":""MultiPoint"",""coordinates"":[]}"
20240805153000,2024-08-05 15:30,0.0,"{""type"":""MultiPoint"",""coordinates"":[]}"
20240805160000,2024-08-05 16:00,0.0,"{""type"":""MultiPoint"",""coordinates"":[]}"
20240805163000,2024-08-05 16:30,0.0,"{""type"":""MultiPoint"",""coordinates"":[]}"
20240805170000,2024-08-05 17:00,0.0,"{""type"":""MultiPoint"",""coordinates"":[]}"
20240805173000,2024-08-05 17:30,0.0,"{""type"":""MultiPoint"",""coordinates"":[]}"
20240805180000,2024-08-05 18:00,0.0,"{""type"":""MultiPoint"",""coordinates"":[]}"
20240805183000,2024-08-05 18:30,0.0,"{""type"":""MultiPoint"",""coordinates"":[]}"
20240805190000,2024-08-05 19:00,0.0,"{""type"":""MultiPoint"",""coordinates"":[]}"
20240805193000,2024-08-05 19:30,0.0,"{""type"":""MultiPoint"",""coordinates"":[]}"
20240805200000,2024-08-05 20:00,0.0,"{""type"":""MultiPoint"",""coordinates"":[]}"
20240805203000,2024-08-05 20:30,0.0,"{""type"":""MultiPoint"",""coordinates"":[]}"
20240805210000,2024-08-05 21:00,0.0,"{""type"":""MultiPoint"",""coordinates"":[]}"
20240805213000,2024-08-05 21:30,0.0,"{""type"":""MultiPoint"",""coordinates"":[]}"
20240805220000,2024-08-05 22:00,0.0,"{""type"":""MultiPoint"",""coordinates"":[]}"
20240805223000,2024-08-05 22:30,0.0,"{""type"":""MultiPoint"",""coordinates"":[]}"
20240805230000,2024-08-05 23:00,0.0,"{""type"":""MultiPoint"",""coordinates"":[]}"
20240805233000,2024-08-05 23:30,0.0,"{""type"":""MultiPoint"",""coordinates"":[]}"
20240806000000,2024-08-06 00:00,0.0,"{""type"":""MultiPoint"",""coordinates"":[]}"
20240806003000,2024-08-06 00:30,0.0,"{""type"":""MultiPoint"",""coordinates"":[]}"
20240806010000,2024-08-06 01:00,0.0,"{""type"":""MultiPoint"",""coordinates"":[]}"
20240806013000,2024-08-06 01:30,0.05999999865889549,"{""type"":""MultiPoint"",""coordinates"":[]}"
20240806020000,2024-08-06 02:00,0.0,"{""type"":""MultiPoint"",""coordinates"":[]}"
20240806023000,2024-08-06 02:30,0.0,"{""type"":""MultiPoint"",""coordinates"":[]}"
20240806030000,2024-08-06 03:00,0.0,"{""type"":""MultiPoint"",""coordinates"":[]}"
20240806033000,2024-08-06 03:30,0.0,"{""type"":""MultiPoint"",""coordinates"":[]}"
20240806040000,2024-08-06 04:00,0.019999999552965164,"{""type"":""MultiPoint"",""coordinates"":[]}"
20240806043000,2024-08-06 04:30,0.14999999105930328,"{""type"":""MultiPoint"",""coordinates"":[]}"
20240806050000,2024-08-06 05:00,0.3700000047683716,"{""type"":""MultiPoint"",""coordinates"":[]}"
20240806053000,2024-08-06 05:30,0.4399999976158142,"{""type"":""MultiPoint"",""coordinates"":[]}"
20240806060000,2024-08-06 06:00,0.28999999165534973,"{""type"":""MultiPoint"",""coordinates"":[]}"
20240806063000,2024-08-06 06:30,4.71999979019165,"{""type"":""MultiPoint"",""coordinates"":[]}"
20240806070000,2024-08-06 07:00,2.7699999809265137,"{""type"":""MultiPoint"",""coordinates"":[]}"
20240806073000,2024-08-06 07:30,0.949999988079071,"{""type"":""MultiPoint"",""coordinates"":[]}"
20240806080000,2024-08-06 08:00,2.169999837875366,"{""type"":""MultiPoint"",""coordinates"":[]}"
20240806083000,2024-08-06 08:30,2.3999998569488525,"{""type"":""MultiPoint"",""coordinates"":[]}"
20240806090000,2024-08-06 09:00,2.509999990463257,"{""type"":""MultiPoint"",""coordinates"":[]}"
20240806093000,2024-08-06 09:30,0.9199999570846558,"{""type"":""MultiPoint"",""coordinates"":[]}"
20240806100000,2024-08-06 10:00,0.6800000071525574,"{""type"":""MultiPoint"",""coordinates"":[]}"
20240806103000,2024-08-06 10:30,0.5799999833106995,"{""type"":""MultiPoint"",""coordinates"":[]}"
20240806110000,2024-08-06 11:00,0.25,"{""type"":""MultiPoint"",""coordinates"":[]}"
20240806113000,2024-08-06 11:30,0.19999998807907104,"{""type"":""MultiPoint"",""coordinates"":[]}"
20240806120000,2024-08-06 12:00,0.0,"{""type"":""MultiPoint"",""coordinates"":[]}"
20240806123000,2024-08-06 12:30,0.0,"{""type"":""MultiPoint"",""coordinates"":[]}"
20240806130000,2024-08-06 13:00,0.0,"{""type"":""MultiPoint"",""coordinates"":[]}"
20240806133000,2024-08-06 13:30,0.10999999940395355,"{""type"":""MultiPoint"",""coordinates"":[]}"
20240806140000,2024-08-06 14:00,0.0,"{""type"":""MultiPoint"",""coordinates"":[]}"
20240806143000,2024-08-06 14:30,0.0,"{""type"":""MultiPoint"",""coordinates"":[]}"
20240806150000,2024-08-06 15:00,0.07000000029802322,"{""type"":""MultiPoint"",""coordinates"":[]}"
20240806153000,2024-08-06 15:30,0.09999999403953552,"{""type"":""MultiPoint"",""coordinates"":[]}"
20240806160000,2024-08-06 16:00,0.0,"{""type"":""MultiPoint"",""coordinates"":[]}"
20240806163000,2024-08-06 16:30,0.0,"{""type"":""MultiPoint"",""coordinates"":[]}"
20240806170000,2024-08-06 17:00,0.0,"{""type"":""MultiPoint"",""coordinates"":[]}"
20240806173000,2024-08-06 17:30,0.0,"{""type"":""MultiPoint"",""coordinates"":[]}"
20240806180000,2024-08-06 18:00,0.0,"{""type"":""MultiPoint"",""coordinates"":[]}"
20240806183000,2024-08-06 18:30,0.0,"{""type"":""MultiPoint"",""coordinates"":[]}"
20240806190000,2024-08-06 19:00,0.0,"{""type"":""MultiPoint"",""coordinates"":[]}"
20240806193000,2024-08-06 19:30,0.0,"{""type"":""MultiPoint"",""coordinates"":[]}"
20240806200000,2024-08-06 20:00,0.0,"{""type"":""MultiPoint"",""coordinates"":[]}"
20240806203000,2024-08-06 20:30,0.0,"{""type"":""MultiPoint"",""coordinates"":[]}"
20240806210000,2024-08-06 21:00,0.0,"{""type"":""MultiPoint"",""coordinates"":[]}"
20240806213000,2024-08-06 21:30,0.0,"{""type"":""MultiPoint"",""coordinates"":[]}"
20240806220000,2024-08-06 22:00,0.0,"{""type"":""MultiPoint"",""coordinates"":[]}"
20240806223000,2024-08-06 22:30,0.0,"{""type"":""MultiPoint"",""coordinates"":[]}"
20240806230000,2024-08-06 23:00,0.0,"{""type"":""MultiPoint"",""coordinates"":[]}"
20240806233000,2024-08-06 23:30,0.0,"{""type"":""MultiPoint"",""coordinates"":[]}"
20240807000000,2024-08-07 00:00,0.0,"{""type"":""MultiPoint"",""coordinates"":[]}"
20240807003000,2024-08-07 00:30,0.0,"{""type"":""MultiPoint"",""coordinates"":[]}"
20240807010000,2024-08-07 01:00,0.0,"{""type"":""MultiPoint"",""coordinates"":[]}"
20240807013000,2024-08-07 01:30,0.0,"{""type"":""MultiPoint"",""coordinates"":[]}"
20240807020000,2024-08-07 02:00,0.0,"{""type"":""MultiPoint"",""coordinates"":[]}"
20240807023000,2024-08-07 02:30,0.0,"{""type"":""MultiPoint"",""coordinates"":[]}"
20240807030000,2024-08-07 03:00,0.0,"{""type"":""MultiPoint"",""coordinates"":[]}"
20240807033000,2024-08-07 03:30,0.0,"{""type"":""MultiPoint"",""coordinates"":[]}"
20240807040000,2024-08-07 04:00,0.0,"{""type"":""MultiPoint"",""coordinates"":[]}"
20240807043000,2024-08-07 04:30,0.0,"{""type"":""MultiPoint"",""coordinates"":[]}"
20240807050000,2024-08-07 05:00,0.0,"{""type"":""MultiPoint"",""coordinates"":[]}"
20240807053000,2024-08-07 05:30,0.0,"{""type"":""MultiPoint"",""coordinates"":[]}"
20240807060000,2024-08-07 06:00,0.0,"{""type"":""MultiPoint"",""coordinates"":[]}"
20240807063000,2024-08-07 06:30,0.0,"{""type"":""MultiPoint"",""coordinates"":[]}"
20240807070000,2024-08-07 07:00,0.0,"{""type"":""MultiPoint"",""coordinates"":[]}"
20240807073000,2024-08-07 07:30,0.0,"{""type"":""MultiPoint"",""coordinates"":[]}"
20240807080000,2024-08-07 08:00,0.0,"{""type"":""MultiPoint"",""coordinates"":[]}"
20240807083000,2024-08-07 08:30,0.0,"{""type"":""MultiPoint"",""coordinates"":[]}"
20240807090000,2024-08-07 09:00,0.0,"{""type"":""MultiPoint"",""coordinates"":[]}"
20240807093000,2024-08-07 09:30,0.0,"{""type"":""MultiPoint"",""coordinates"":[]}"
20240807100000,2024-08-07 10:00,0.019999999552965164,"{""type"":""MultiPoint"",""coordinates"":[]}"
20240807103000,2024-08-07 10:30,0.0,"{""type"":""MultiPoint"",""coordinates"":[]}"
20240807110000,2024-08-07 11:00,0.0,"{""type"":""MultiPoint"",""coordinates"":[]}"
20240807113000,2024-08-07 11:30,0.0,"{""type"":""MultiPoint"",""coordinates"":[]}"
20240807120000,2024-08-07 12:00,0.0,"{""type"":""MultiPoint"",""coordinates"":[]}"
20240807123000,2024-08-07 12:30,0.0,"{""type"":""MultiPoint"",""coordinates"":[]}"
20240807130000,2024-08-07 13:00,0.0,"{""type"":""MultiPoint"",""coordinates"":[]}"
20240807133000,2024-08-07 13:30,0.0,"{""type"":""MultiPoint"",""coordinates"":[]}"
20240807140000,2024-08-07 14:00,0.029999999329447746,"{""type"":""MultiPoint"",""coordinates"":[]}"
20240807143000,2024-08-07 14:30,0.04999999701976776,"{""type"":""MultiPoint"",""coordinates"":[]}"
20240807150000,2024-08-07 15:00,0.04999999701976776,"{""type"":""MultiPoint"",""coordinates"":[]}"
20240807153000,2024-08-07 15:30,0.03999999910593033,"{""type"":""MultiPoint"",""coordinates"":[]}"
20240807160000,2024-08-07 16:00,0.11999999731779099,"{""type"":""MultiPoint"",""coordinates"":[]}"
20240807163000,2024-08-07 16:30,0.04999999701976776,"{""type"":""MultiPoint"",""coordinates"":[]}"
20240807170000,2024-08-07 17:00,0.03999999910593033,"{""type"":""MultiPoint"",""coordinates"":[]}"
20240807173000,2024-08-07 17:30,0.0,"{""type"":""MultiPoint"",""coordinates"":[]}"
20240807180000,2024-08-07 18:00,0.0,"{""type"":""MultiPoint"",""coordinates"":[]}"
20240807183000,2024-08-07 18:30,0.0,"{""type"":""MultiPoint"",""coordinates"":[]}"
20240807190000,2024-08-07 19:00,0.0,"{""type"":""MultiPoint"",""coordinates"":[]}"
20240807193000,2024-08-07 19:30,0.0,"{""type"":""MultiPoint"",""coordinates"":[]}"
20240807200000,2024-08-07 20:00,0.0,"{""type"":""MultiPoint"",""coordinates"":[]}"
20240807203000,2024-08-07 20:30,0.0,"{""type"":""MultiPoint"",""coordinates"":[]}"
20240807210000,2024-08-07 21:00,0.0,"{""type"":""MultiPoint"",""coordinates"":[]}"
20240807213000,2024-08-07 21:30,0.0,"{""type"":""MultiPoint"",""coordinates"":[]}"
20240807220000,2024-08-07 22:00,0.0,"{""type"":""MultiPoint"",""coordinates"":[]}"
20240807223000,2024-08-07 22:30,0.0,"{""type"":""MultiPoint"",""coordinates"":[]}"
20240807230000,2024-08-07 23:00,0.0,"{""type"":""MultiPoint"",""coordinates"":[]}"
20240807233000,2024-08-07 23:30,0.0,"{""type"":""MultiPoint"",""coordinates"":[]}"
20240808000000,2024-08-08 00:00,0.0,"{""type"":""MultiPoint"",""coordinates"":[]}"
20240808003000,2024-08-08 00:30,0.0,"{""type"":""MultiPoint"",""coordinates"":[]}"
20240808010000,2024-08-08 01:00,0.0,"{""type"":""MultiPoint"",""coordinates"":[]}"
20240808013000,2024-08-08 01:30,0.0,"{""type"":""MultiPoint"",""coordinates"":[]}"
20240808020000,2024-08-08 02:00,0.0,"{""type"":""MultiPoint"",""coordinates"":[]}"
20240808023000,2024-08-08 02:30,0.0,"{""type"":""MultiPoint"",""coordinates"":[]}"
20240808030000,2024-08-08 03:00,0.0,"{""type"":""MultiPoint"",""coordinates"":[]}"
20240808033000,2024-08-08 03:30,0.0,"{""type"":""MultiPoint"",""coordinates"":[]}"
20240808040000,2024-08-08 04:00,1.5199999809265137,"{""type"":""MultiPoint"",""coordinates"":[]}"
20240808043000,2024-08-08 04:30,0.0,"{""type"":""MultiPoint"",""coordinates"":[]}"
20240808050000,2024-08-08 05:00,0.0,"{""type"":""MultiPoint"",""coordinates"":[]}"
20240808053000,2024-08-08 05:30,0.0,"{""type"":""MultiPoint"",""coordinates"":[]}"
20240808060000,2024-08-08 06:00,0.0,"{""type"":""MultiPoint"",""coordinates"":[]}"
20240808063000,2024-08-08 06:30,0.0,"{""type"":""MultiPoint"",""coordinates"":[]}"
20240808070000,2024-08-08 07:00,0.0,"{""type"":""MultiPoint"",""coordinates"":[]}"
20240808073000,2024-08-08 07:30,0.0,"{""type"":""MultiPoint"",""coordinates"":[]}"
20240808080000,2024-08-08 08:00,0.0,"{""type"":""MultiPoint"",""coordinates"":[]}"
20240808083000,2024-08-08 08:30,0.0,"{""type"":""MultiPoint"",""coordinates"":[]}"
20240808090000,2024-08-08 09:00,0.0,"{""type"":""MultiPoint"",""coordinates"":[]}"
20240808093000,2024-08-08 09:30,0.0,"{""type"":""MultiPoint"",""coordinates"":[]}"
20240808100000,2024-08-08 10:00,0.0,"{""type"":""MultiPoint"",""coordinates"":[]}"
20240808103000,2024-08-08 10:30,0.0,"{""type"":""MultiPoint"",""coordinates"":[]}"
20240808110000,2024-08-08 11:00,0.0,"{""type"":""MultiPoint"",""coordinates"":[]}"
20240808113000,2024-08-08 11:30,0.0,"{""type"":""MultiPoint"",""coordinates"":[]}"
20240808120000,2024-08-08 12:00,0.0,"{""type"":""MultiPoint"",""coordinates"":[]}"
20240808123000,2024-08-08 12:30,0.3499999940395355,"{""type"":""MultiPoint"",""coordinates"":[]}"
20240808130000,2024-08-08 13:00,0.0,"{""type"":""MultiPoint"",""coordinates"":[]}"
20240808133000,2024-08-08 13:30,0.0,"{""type"":""MultiPoint"",""coordinates"":[]}"
20240808140000,2024-08-08 14:00,0.0,"{""type"":""MultiPoint"",""coordinates"":[]}"
20240808143000,2024-08-08 14:30,0.03999999910593033,"{""type"":""MultiPoint"",""coordinates"":[]}"
20240808150000,2024-08-08 15:00,0.0,"{""type"":""MultiPoint"",""coordinates"":[]}"
20240808153000,2024-08-08 15:30,0.0,"{""type"":""MultiPoint"",""coordinates"":[]}"
20240808160000,2024-08-08 16:00,0.0,"{""type"":""MultiPoint"",""coordinates"":[]}"
20240808163000,2024-08-08 16:30,0.0,"{""type"":""MultiPoint"",""coordinates"":[]}"
20240808170000,2024-08-08 17:00,0.07999999821186066,"{""type"":""MultiPoint"",""coordinates"":[]}"
20240808173000,2024-08-08 17:30,0.25,"{""type"":""MultiPoint"",""coordinates"":[]}"
20240808180000,2024-08-08 18:00,0.0,"{""type"":""MultiPoint"",""coordinates"":[]}"
20240808183000,2024-08-08 18:30,0.0,"{""type"":""MultiPoint"",""coordinates"":[]}"
20240808190000,2024-08-08 19:00,0.0,"{""type"":""MultiPoint"",""coordinates"":[]}"
20240808193000,2024-08-08 19:30,0.0,"{""type"":""MultiPoint"",""coordinates"":[]}"
20240808200000,2024-08-08 20:00,0.0,"{""type"":""MultiPoint"",""coordinates"":[]}"
20240808203000,2024-08-08 20:30,0.0,"{""type"":""MultiPoint"",""coordinates"":[]}"
20240808210000,2024-08-08 21:00,0.0,"{""type"":""MultiPoint"",""coordinates"":[]}"
20240808213000,2024-08-08 21:30,0.0,"{""type"":""MultiPoint"",""coordinates"":[]}"
20240808220000,2024-08-08 22:00,0.03999999910593033,"{""type"":""MultiPoint"",""coordinates"":[]}"
20240808223000,2024-08-08 22:30,0.0,"{""type"":""MultiPoint"",""coordinates"":[]}"
20240808230000,2024-08-08 23:00,0.0,"{""type"":""MultiPoint"",""coordinates"":[]}"
20240808233000,2024-08-08 23:30,0.0,"{""type"":""MultiPoint"",""coordinates"":[]}"
20240809000000,2024-08-09 00:00,0.0,"{""type"":""MultiPoint"",""coordinates"":[]}"
20240809003000,2024-08-09 00:30,0.0,"{""type"":""MultiPoint"",""coordinates"":[]}"
20240809010000,2024-08-09 01:00,0.0,"{""type"":""MultiPoint"",""coordinates"":[]}"
20240809013000,2024-08-09 01:30,0.019999999552965164,"{""type"":""MultiPoint"",""coordinates"":[]}"
20240809020000,2024-08-09 02:00,0.3700000047683716,"{""type"":""MultiPoint"",""coordinates"":[]}"
20240809023000,2024-08-09 02:30,0.019999999552965164,"{""type"":""MultiPoint"",""coordinates"":[]}"
20240809030000,2024-08-09 03:00,0.0,"{""type"":""MultiPoint"",""coordinates"":[]}"
20240809033000,2024-08-09 03:30,0.0,"{""type"":""MultiPoint"",""coordinates"":[]}"
20240809040000,2024-08-09 04:00,0.0,"{""type"":""MultiPoint"",""coordinates"":[]}"
20240809043000,2024-08-09 04:30,0.0,"{""type"":""MultiPoint"",""coordinates"":[]}"
20240809050000,2024-08-09 05:00,0.0,"{""type"":""MultiPoint"",""coordinates"":[]}"
20240809053000,2024-08-09 05:30,0.0,"{""type"":""MultiPoint"",""coordinates"":[]}"
20240809060000,2024-08-09 06:00,0.0,"{""type"":""MultiPoint"",""coordinates"":[]}"
20240809063000,2024-08-09 06:30,0.0,"{""type"":""MultiPoint"",""coordinates"":[]}"
20240809070000,2024-08-09 07:00,0.0,"{""type"":""MultiPoint"",""coordinates"":[]}"
20240809073000,2024-08-09 07:30,0.0,"{""type"":""MultiPoint"",""coordinates"":[]}"
20240809080000,2024-08-09 08:00,0.0,"{""type"":""MultiPoint"",""coordinates"":[]}"
20240809083000,2024-08-09 08:30,0.0,"{""type"":""MultiPoint"",""coordinates"":[]}"
20240809090000,2024-08-09 09:00,0.05999999865889549,"{""type"":""MultiPoint"",""coordinates"":[]}"
20240809093000,2024-08-09 09:30,0.0,"{""type"":""MultiPoint"",""coordinates"":[]}"
20240809100000,2024-08-09 10:00,0.009999999776482582,"{""type"":""MultiPoint"",""coordinates"":[]}"
20240809103000,2024-08-09 10:30,0.0,"{""type"":""MultiPoint"",""coordinates"":[]}"
20240809110000,2024-08-09 11:00,0.04999999701976776,"{""type"":""MultiPoint"",""coordinates"":[]}"
20240809113000,2024-08-09 11:30,0.3700000047683716,"{""type"":""MultiPoint"",""coordinates"":[]}"
20240809120000,2024-08-09 12:00,0.22999998927116394,"{""type"":""MultiPoint"",""coordinates"":[]}"
20240809123000,2024-08-09 12:30,0.2199999988079071,"{""type"":""MultiPoint"",""coordinates"":[]}"
20240809130000,2024-08-09 13:00,0.14999999105930328,"{""type"":""MultiPoint"",""coordinates"":[]}"
20240809133000,2024-08-09 13:30,0.05999999865889549,"{""type"":""MultiPoint"",""coordinates"":[]}"
20240809140000,2024-08-09 14:00,0.03999999910593033,"{""type"":""MultiPoint"",""coordinates"":[]}"
20240809143000,2024-08-09 14:30,0.0,"{""type"":""MultiPoint"",""coordinates"":[]}"
20240809150000,2024-08-09 15:00,0.0,"{""type"":""MultiPoint"",""coordinates"":[]}"
20240809153000,2024-08-09 15:30,0.0,"{""type"":""MultiPoint"",""coordinates"":[]}"
20240809160000,2024-08-09 16:00,0.0,"{""type"":""MultiPoint"",""coordinates"":[]}"
20240809163000,2024-08-09 16:30,0.0,"{""type"":""MultiPoint"",""coordinates"":[]}"
20240809170000,2024-08-09 17:00,0.0,"{""type"":""MultiPoint"",""coordinates"":[]}"
20240809173000,2024-08-09 17:30,0.0,"{""type"":""MultiPoint"",""coordinates"":[]}"
20240809180000,2024-08-09 18:00,0.0,"{""type"":""MultiPoint"",""coordinates"":[]}"
20240809183000,2024-08-09 18:30,0.0,"{""type"":""MultiPoint"",""coordinates"":[]}"
20240809190000,2024-08-09 19:00,0.0,"{""type"":""MultiPoint"",""coordinates"":[]}"
20240809193000,2024-08-09 19:30,0.0,"{""type"":""MultiPoint"",""coordinates"":[]}"
20240809200000,2024-08-09 20:00,0.0,"{""type"":""MultiPoint"",""coordinates"":[]}"
20240809203000,2024-08-09 20:30,0.0,"{""type"":""MultiPoint"",""coordinates"":[]}"
20240809210000,2024-08-09 21:00,0.0,"{""type"":""MultiPoint"",""coordinates"":[]}"
20240809213000,2024-08-09 21:30,0.0,"{""type"":""MultiPoint"",""coordinates"":[]}"
20240809220000,2024-08-09 22:00,0.0,"{""type"":""MultiPoint"",""coordinates"":[]}"
20240809223000,2024-08-09 22:30,0.0,"{""type"":""MultiPoint"",""coordinates"":[]}"
20240809230000,2024-08-09 23:00,0.0,"{""type"":""MultiPoint"",""coordinates"":[]}"
20240809233000,2024-08-09 23:30,0.0,"{""type"":""MultiPoint"",""coordinates"":[]}"
20240810000000,2024-08-10 00:00,0.0,"{""type"":""MultiPoint"",""coordinates"":[]}"
20240810003000,2024-08-10 00:30,0.0,"{""type"":""MultiPoint"",""coordinates"":[]}"
20240810010000,2024-08-10 01:00,0.0,"{""type"":""MultiPoint"",""coordinates"":[]}"
20240810013000,2024-08-10 01:30,0.0,"{""type"":""MultiPoint"",""coordinates"":[]}"
20240810020000,2024-08-10 02:00,0.08999999612569809,"{""type"":""MultiPoint"",""coordinates"":[]}"
20240810023000,2024-08-10 02:30,0.0,"{""type"":""MultiPoint"",""coordinates"":[]}"
20240810030000,2024-08-10 03:00,0.0,"{""type"":""MultiPoint"",""coordinates"":[]}"
20240810033000,2024-08-10 03:30,0.0,"{""type"":""MultiPoint"",""coordinates"":[]}"
20240810040000,2024-08-10 04:00,0.0,"{""type"":""MultiPoint"",""coordinates"":[]}"
20240810043000,2024-08-10 04:30,0.0,"{""type"":""MultiPoint"",""coordinates"":[]}"
20240810050000,2024-08-10 05:00,0.0,"{""type"":""MultiPoint"",""coordinates"":[]}"
20240810053000,2024-08-10 05:30,0.0,"{""type"":""MultiPoint"",""coordinates"":[]}"
20240810060000,2024-08-10 06:00,0.0,"{""type"":""MultiPoint"",""coordinates"":[]}"
20240810063000,2024-08-10 06:30,0.0,"{""type"":""MultiPoint"",""coordinates"":[]}"
20240810070000,2024-08-10 07:00,0.0,"{""type"":""MultiPoint"",""coordinates"":[]}"
20240810073000,2024-08-10 07:30,0.0,"{""type"":""MultiPoint"",""coordinates"":[]}"
20240810080000,2024-08-10 08:00,0.0,"{""type"":""MultiPoint"",""coordinates"":[]}"
20240810083000,2024-08-10 08:30,0.0,"{""type"":""MultiPoint"",""coordinates"":[]}"
20240810090000,2024-08-10 09:00,0.0,"{""type"":""MultiPoint"",""coordinates"":[]}"
20240810093000,2024-08-10 09:30,0.0,"{""type"":""MultiPoint"",""coordinates"":[]}"
20240810100000,2024-08-10 10:00,0.0,"{""type"":""MultiPoint"",""coordinates"":[]}"
20240810103000,2024-08-10 10:30,0.0,"{""type"":""MultiPoint"",""coordinates"":[]}"
20240810110000,2024-08-10 11:00,0.0,"{""type"":""MultiPoint"",""coordinates"":[]}"
20240810113000,2024-08-10 11:30,0.0,"{""type"":""MultiPoint"",""coordinates"":[]}"
20240810120000,2024-08-10 12:00,0.0,"{""type"":""MultiPoint"",""coordinates"":[]}"
20240810123000,2024-08-10 12:30,0.0,"{""type"":""MultiPoint"",""coordinates"":[]}"
20240810130000,2024-08-10 13:00,0.0,"{""type"":""MultiPoint"",""coordinates"":[]}"
20240810133000,2024-08-10 13:30,0.0,"{""type"":""MultiPoint"",""coordinates"":[]}"
20240810140000,2024-08-10 14:00,0.0,"{""type"":""MultiPoint"",""coordinates"":[]}"
20240810143000,2024-08-10 14:30,0.0,"{""type"":""MultiPoint"",""coordinates"":[]}"
20240810150000,2024-08-10 15:00,0.0,"{""type"":""MultiPoint"",""coordinates"":[]}"
20240810153000,2024-08-10 15:30,0.0,"{""type"":""MultiPoint"",""coordinates"":[]}"
20240810160000,2024-08-10 16:00,0.0,"{""type"":""MultiPoint"",""coordinates"":[]}"
20240810163000,2024-08-10 16:30,0.0,"{""type"":""MultiPoint"",""coordinates"":[]}"
20240810170000,2024-08-10 17:00,0.0,"{""type"":""MultiPoint"",""coordinates"":[]}"
20240810173000,2024-08-10 17:30,0.0,"{""type"":""MultiPoint"",""coordinates"":[]}"
20240810180000,2024-08-10 18:00,0.0,"{""type"":""MultiPoint"",""coordinates"":[]}"
20240810183000,2024-08-10 18:30,0.0,"{""type"":""MultiPoint"",""coordinates"":[]}"
20240810190000,2024-08-10 19:00,0.0,"{""type"":""MultiPoint"",""coordinates"":[]}"
20240810193000,2024-08-10 19:30,0.0,"{""type"":""MultiPoint"",""coordinates"":[]}"
20240810200000,2024-08-10 20:00,0.0,"{""type"":""MultiPoint"",""coordinates"":[]}"
20240810203000,2024-08-10 20:30,0.0,"{""type"":""MultiPoint"",""coordinates"":[]}"
20240810210000,2024-08-10 21:00,0.0,"{""type"":""MultiPoint"",""coordinates"":[]}"
20240810213000,2024-08-10 21:30,0.0,"{""type"":""MultiPoint"",""coordinates"":[]}"
20240810220000,2024-08-10 22:00,0.0,"{""type"":""MultiPoint"",""coordinates"":[]}"
20240810223000,2024-08-10 22:30,1.309999942779541,"{""type"":""MultiPoint"",""coordinates"":[]}"
20240810230000,2024-08-10 23:00,0.44999998807907104,"{""type"":""MultiPoint"",""coordinates"":[]}"
20240810233000,2024-08-10 23:30,0.44999998807907104,"{""type"":""MultiPoint"",""coordinates"":[]}"
20240811000000,2024-08-11 00:00,0.4699999988079071,"{""type"":""MultiPoint"",""coordinates"":[]}"
20240811003000,2024-08-11 00:30,0.32999998331069946,"{""type"":""MultiPoint"",""coordinates"":[]}"
20240811010000,2024-08-11 01:00,0.44999998807907104,"{""type"":""MultiPoint"",""coordinates"":[]}"
20240811013000,2024-08-11 01:30,0.009999999776482582,"{""type"":""MultiPoint"",""coordinates"":[]}"
20240811020000,2024-08-11 02:00,0.0,"{""type"":""MultiPoint"",""coordinates"":[]}"
20240811023000,2024-08-11 02:30,0.0,"{""type"":""MultiPoint"",""coordinates"":[]}"
20240811030000,2024-08-11 03:00,0.0,"{""type"":""MultiPoint"",""coordinates"":[]}"
20240811033000,2024-08-11 03:30,0.0,"{""type"":""MultiPoint"",""coordinates"":[]}"
20240811040000,2024-08-11 04:00,0.0,"{""type"":""MultiPoint"",""coordinates"":[]}"
20240811043000,2024-08-11 04:30,0.0,"{""type"":""MultiPoint"",""coordinates"":[]}"
20240811050000,2024-08-11 05:00,0.0,"{""type"":""MultiPoint"",""coordinates"":[]}"
20240811053000,2024-08-11 05:30,0.0,"{""type"":""MultiPoint"",""coordinates"":[]}"
20240811060000,2024-08-11 06:00,0.0,"{""type"":""MultiPoint"",""coordinates"":[]}"
20240811063000,2024-08-11 06:30,0.0,"{""type"":""MultiPoint"",""coordinates"":[]}"
20240811070000,2024-08-11 07:00,0.0,"{""type"":""MultiPoint"",""coordinates"":[]}"
20240811073000,2024-08-11 07:30,0.0,"{""type"":""MultiPoint"",""coordinates"":[]}"
20240811080000,2024-08-11 08:00,0.0,"{""type"":""MultiPoint"",""coordinates"":[]}"
20240811083000,2024-08-11 08:30,0.0,"{""type"":""MultiPoint"",""coordinates"":[]}"
20240811090000,2024-08-11 09:00,0.0,"{""type"":""MultiPoint"",""coordinates"":[]}"
20240811093000,2024-08-11 09:30,0.0,"{""type"":""MultiPoint"",""coordinates"":[]}"
20240811100000,2024-08-11 10:00,0.0,"{""type"":""MultiPoint"",""coordinates"":[]}"
20240811103000,2024-08-11 10:30,0.0,"{""type"":""MultiPoint"",""coordinates"":[]}"
20240811110000,2024-08-11 11:00,0.0,"{""type"":""MultiPoint"",""coordinates"":[]}"
20240811113000,2024-08-11 11:30,0.0,"{""type"":""MultiPoint"",""coordinates"":[]}"
20240811120000,2024-08-11 12:00,0.0,"{""type"":""MultiPoint"",""coordinates"":[]}"
20240811123000,2024-08-11 12:30,0.0,"{""type"":""MultiPoint"",""coordinates"":[]}"
20240811130000,2024-08-11 13:00,0.0,"{""type"":""MultiPoint"",""coordinates"":[]}"
20240811133000,2024-08-11 13:30,0.0,"{""type"":""MultiPoint"",""coordinates"":[]}"
20240811140000,2024-08-11 14:00,0.0,"{""type"":""MultiPoint"",""coordinates"":[]}"
20240811143000,2024-08-11 14:30,0.0,"{""type"":""MultiPoint"",""coordinates"":[]}"
20240811150000,2024-08-11 15:00,0.23999999463558197,"{""type"":""MultiPoint"",""coordinates"":[]}"
20240811153000,2024-08-11 15:30,2.9700000286102295,"{""type"":""MultiPoint"",""coordinates"":[]}"
20240811160000,2024-08-11 16:00,2.6599998474121094,"{""type"":""MultiPoint"",""coordinates"":[]}"
20240811163000,2024-08-11 16:30,0.32999998331069946,"{""type"":""MultiPoint"",""coordinates"":[]}"
20240811170000,2024-08-11 17:00,0.35999998450279236,"{""type"":""MultiPoint"",""coordinates"":[]}"
20240811173000,2024-08-11 17:30,0.23999999463558197,"{""type"":""MultiPoint"",""coordinates"":[]}"
20240811180000,2024-08-11 18:00,1.1899999380111694,"{""type"":""MultiPoint"",""coordinates"":[]}"
20240811183000,2024-08-11 18:30,0.28999999165534973,"{""type"":""MultiPoint"",""coordinates"":[]}"
20240811190000,2024-08-11 19:00,0.14000000059604645,"{""type"":""MultiPoint"",""coordinates"":[]}"
20240811193000,2024-08-11 19:30,0.0,"{""type"":""MultiPoint"",""coordinates"":[]}"
20240811200000,2024-08-11 20:00,0.0,"{""type"":""MultiPoint"",""coordinates"":[]}"
20240811203000,2024-08-11 20:30,0.0,"{""type"":""MultiPoint"",""coordinates"":[]}"
20240811210000,2024-08-11 21:00,0.0,"{""type"":""MultiPoint"",""coordinates"":[]}"
20240811213000,2024-08-11 21:30,0.0,"{""type"":""MultiPoint"",""coordinates"":[]}"
20240811220000,2024-08-11 22:00,0.5199999809265137,"{""type"":""MultiPoint"",""coordinates"":[]}"
20240811223000,2024-08-11 22:30,0.7599999904632568,"{""type"":""MultiPoint"",""coordinates"":[]}"
20240811230000,2024-08-11 23:00,0.0,"{""type"":""MultiPoint"",""coordinates"":[]}"
20240811233000,2024-08-11 23:30,1.1999999284744263,"{""type"":""MultiPoint"",""coordinates"":[]}"
20240812000000,2024-08-12 00:00,0.0,"{""type"":""MultiPoint"",""coordinates"":[]}"
20240812003000,2024-08-12 00:30,0.0,"{""type"":""MultiPoint"",""coordinates"":[]}"
20240812010000,2024-08-12 01:00,0.0,"{""type"":""MultiPoint"",""coordinates"":[]}"
20240812013000,2024-08-12 01:30,0.0,"{""type"":""MultiPoint"",""coordinates"":[]}"
20240812020000,2024-08-12 02:00,0.0,"{""type"":""MultiPoint"",""coordinates"":[]}"
20240812023000,2024-08-12 02:30,0.0,"{""type"":""MultiPoint"",""coordinates"":[]}"
20240812030000,2024-08-12 03:00,0.0,"{""type"":""MultiPoint"",""coordinates"":[]}"
20240812033000,2024-08-12 03:30,0.0,"{""type"":""MultiPoint"",""coordinates"":[]}"
20240812040000,2024-08-12 04:00,0.0,"{""type"":""MultiPoint"",""coordinates"":[]}"
20240812043000,2024-08-12 04:30,0.3400000035762787,"{""type"":""MultiPoint"",""coordinates"":[]}"
20240812050000,2024-08-12 05:00,0.0,"{""type"":""MultiPoint"",""coordinates"":[]}"
20240812053000,2024-08-12 05:30,0.0,"{""type"":""MultiPoint"",""coordinates"":[]}"
20240812060000,2024-08-12 06:00,0.0,"{""type"":""MultiPoint"",""coordinates"":[]}"
20240812063000,2024-08-12 06:30,0.7199999690055847,"{""type"":""MultiPoint"",""coordinates"":[]}"
20240812070000,2024-08-12 07:00,0.25999999046325684,"{""type"":""MultiPoint"",""coordinates"":[]}"
20240812073000,2024-08-12 07:30,0.47999998927116394,"{""type"":""MultiPoint"",""coordinates"":[]}"
20240812080000,2024-08-12 08:00,1.7400000095367432,"{""type"":""MultiPoint"",""coordinates"":[]}"
20240812083000,2024-08-12 08:30,1.2999999523162842,"{""type"":""MultiPoint"",""coordinates"":[]}"
20240812090000,2024-08-12 09:00,0.8100000023841858,"{""type"":""MultiPoint"",""coordinates"":[]}"
20240812093000,2024-08-12 09:30,0.23999999463558197,"{""type"":""MultiPoint"",""coordinates"":[]}"
20240812100000,2024-08-12 10:00,0.6299999952316284,"{""type"":""MultiPoint"",""coordinates"":[]}"
20240812103000,2024-08-12 10:30,0.6499999761581421,"{""type"":""MultiPoint"",""coordinates"":[]}"
20240812110000,2024-08-12 11:00,1.0799999237060547,"{""type"":""MultiPoint"",""coordinates"":[]}"
20240812113000,2024-08-12 11:30,0.0,"{""type"":""MultiPoint"",""coordinates"":[]}"
20240812120000,2024-08-12 12:00,0.0,"{""type"":""MultiPoint"",""coordinates"":[]}"
20240812123000,2024-08-12 12:30,0.0,"{""type"":""MultiPoint"",""coordinates"":[]}"
20240812130000,2024-08-12 13:00,0.05999999865889549,"{""type"":""MultiPoint"",""coordinates"":[]}"
20240812133000,2024-08-12 13:30,0.0,"{""type"":""MultiPoint"",""coordinates"":[]}"
20240812140000,2024-08-12 14:00,0.0,"{""type"":""MultiPoint"",""coordinates"":[]}"
20240812143000,2024-08-12 14:30,0.0,"{""type"":""MultiPoint"",""coordinates"":[]}"
20240812150000,2024-08-12 15:00,0.0,"{""type"":""MultiPoint"",""coordinates"":[]}"
20240812153000,2024-08-12 15:30,0.0,"{""type"":""MultiPoint"",""coordinates"":[]}"
20240812160000,2024-08-12 16:00,0.0,"{""type"":""MultiPoint"",""coordinates"":[]}"
20240812163000,2024-08-12 16:30,0.0,"{""type"":""MultiPoint"",""coordinates"":[]}"
20240812170000,2024-08-12 17:00,0.0,"{""type"":""MultiPoint"",""coordinates"":[]}"
20240812173000,2024-08-12 17:30,0.0,"{""type"":""MultiPoint"",""coordinates"":[]}"
20240812180000,2024-08-12 18:00,0.0,"{""type"":""MultiPoint"",""coordinates"":[]}"
20240812183000,2024-08-12 18:30,0.0,"{""type"":""MultiPoint"",""coordinates"":[]}"
20240812190000,2024-08-12 19:00,0.0,"{""type"":""MultiPoint"",""coordinates"":[]}"
20240812193000,2024-08-12 19:30,0.0,"{""type"":""MultiPoint"",""coordinates"":[]}"
20240812200000,2024-08-12 20:00,0.0,"{""type"":""MultiPoint"",""coordinates"":[]}"
20240812203000,2024-08-12 20:30,0.0,"{""type"":""MultiPoint"",""coordinates"":[]}"
20240812210000,2024-08-12 21:00,0.0,"{""type"":""MultiPoint"",""coordinates"":[]}"
20240812213000,2024-08-12 21:30,0.0,"{""type"":""MultiPoint"",""coordinates"":[]}"
20240812220000,2024-08-12 22:00,0.0,"{""type"":""MultiPoint"",""coordinates"":[]}"
20240812223000,2024-08-12 22:30,0.0,"{""type"":""MultiPoint"",""coordinates"":[]}"
20240812230000,2024-08-12 23:00,0.0,"{""type"":""MultiPoint"",""coordinates"":[]}"
20240812233000,2024-08-12 23:30,0.0,"{""type"":""MultiPoint"",""coordinates"":[]}"
20240813000000,2024-08-13 00:00,0.0,"{""type"":""MultiPoint"",""coordinates"":[]}"
20240813003000,2024-08-13 00:30,0.0,"{""type"":""MultiPoint"",""coordinates"":[]}"
20240813010000,2024-08-13 01:00,0.0,"{""type"":""MultiPoint"",""coordinates"":[]}"
20240813013000,2024-08-13 01:30,0.0,"{""type"":""MultiPoint"",""coordinates"":[]}"
20240813020000,2024-08-13 02:00,0.0,"{""type"":""MultiPoint"",""coordinates"":[]}"
20240813023000,2024-08-13 02:30,0.0,"{""type"":""MultiPoint"",""coordinates"":[]}"
20240813030000,2024-08-13 03:00,0.0,"{""type"":""MultiPoint"",""coordinates"":[]}"
20240813033000,2024-08-13 03:30,0.0,"{""type"":""MultiPoint"",""coordinates"":[]}"
20240813040000,2024-08-13 04:00,0.0,"{""type"":""MultiPoint"",""coordinates"":[]}"
20240813043000,2024-08-13 04:30,0.0,"{""type"":""MultiPoint"",""coordinates"":[]}"
20240813050000,2024-08-13 05:00,0.0,"{""type"":""MultiPoint"",""coordinates"":[]}"
20240813053000,2024-08-13 05:30,0.0,"{""type"":""MultiPoint"",""coordinates"":[]}"
20240813060000,2024-08-13 06:00,0.0,"{""type"":""MultiPoint"",""coordinates"":[]}"
20240813063000,2024-08-13 06:30,0.0,"{""type"":""MultiPoint"",""coordinates"":[]}"
20240813070000,2024-08-13 07:00,0.0,"{""type"":""MultiPoint"",""coordinates"":[]}"
20240813073000,2024-08-13 07:30,0.0,"{""type"":""MultiPoint"",""coordinates"":[]}"
20240813080000,2024-08-13 08:00,0.0,"{""type"":""MultiPoint"",""coordinates"":[]}"
20240813083000,2024-08-13 08:30,0.0,"{""type"":""MultiPoint"",""coordinates"":[]}"
20240813090000,2024-08-13 09:00,0.0,"{""type"":""MultiPoint"",""coordinates"":[]}"
20240813093000,2024-08-13 09:30,0.0,"{""type"":""MultiPoint"",""coordinates"":[]}"
20240813100000,2024-08-13 10:00,0.03999999910593033,"{""type"":""MultiPoint"",""coordinates"":[]}"
20240813103000,2024-08-13 10:30,0.08999999612569809,"{""type"":""MultiPoint"",""coordinates"":[]}"
20240813110000,2024-08-13 11:00,0.3400000035762787,"{""type"":""MultiPoint"",""coordinates"":[]}"
20240813113000,2024-08-13 11:30,0.41999998688697815,"{""type"":""MultiPoint"",""coordinates"":[]}"
20240813120000,2024-08-13 12:00,0.0,"{""type"":""MultiPoint"",""coordinates"":[]}"
20240813123000,2024-08-13 12:30,0.0,"{""type"":""MultiPoint"",""coordinates"":[]}"
20240813130000,2024-08-13 13:00,0.0,"{""type"":""MultiPoint"",""coordinates"":[]}"
20240813133000,2024-08-13 13:30,0.0,"{""type"":""MultiPoint"",""coordinates"":[]}"
20240813140000,2024-08-13 14:00,0.0,"{""type"":""MultiPoint"",""coordinates"":[]}"
20240813143000,2024-08-13 14:30,0.0,"{""type"":""MultiPoint"",""coordinates"":[]}"
20240813150000,2024-08-13 15:00,0.0,"{""type"":""MultiPoint"",""coordinates"":[]}"
20240813153000,2024-08-13 15:30,0.0,"{""type"":""MultiPoint"",""coordinates"":[]}"
20240813160000,2024-08-13 16:00,0.0,"{""type"":""MultiPoint"",""coordinates"":[]}"
20240813163000,2024-08-13 16:30,0.0,"{""type"":""MultiPoint"",""coordinates"":[]}"
20240813170000,2024-08-13 17:00,0.0,"{""type"":""MultiPoint"",""coordinates"":[]}"
20240813173000,2024-08-13 17:30,0.0,"{""type"":""MultiPoint"",""coordinates"":[]}"
20240813180000,2024-08-13 18:00,0.0,"{""type"":""MultiPoint"",""coordinates"":[]}"
20240813183000,2024-08-13 18:30,0.0,"{""type"":""MultiPoint"",""coordinates"":[]}"
20240813190000,2024-08-13 19:00,0.0,"{""type"":""MultiPoint"",""coordinates"":[]}"
20240813193000,2024-08-13 19:30,0.0,"{""type"":""MultiPoint"",""coordinates"":[]}"
20240813200000,2024-08-13 20:00,0.0,"{""type"":""MultiPoint"",""coordinates"":[]}"
20240813203000,2024-08-13 20:30,0.0,"{""type"":""MultiPoint"",""coordinates"":[]}"
20240813210000,2024-08-13 21:00,0.0,"{""type"":""MultiPoint"",""coordinates"":[]}"
20240813213000,2024-08-13 21:30,0.0,"{""type"":""MultiPoint"",""coordinates"":[]}"
20240813220000,2024-08-13 22:00,0.0,"{""type"":""MultiPoint"",""coordinates"":[]}"
20240813223000,2024-08-13 22:30,0.0,"{""type"":""MultiPoint"",""coordinates"":[]}"
20240813230000,2024-08-13 23:00,0.0,"{""type"":""MultiPoint"",""coordinates"":[]}"
20240813233000,2024-08-13 23:30,0.0,"{""type"":""MultiPoint"",""coordinates"":[]}"
20240814000000,2024-08-14 00:00,0.0,"{""type"":""MultiPoint"",""coordinates"":[]}"
20240814003000,2024-08-14 00:30,0.0,"{""type"":""MultiPoint"",""coordinates"":[]}"
20240814010000,2024-08-14 01:00,0.10999999940395355,"{""type"":""MultiPoint"",""coordinates"":[]}"
20240814013000,2024-08-14 01:30,0.25,"{""type"":""MultiPoint"",""coordinates"":[]}"
20240814020000,2024-08-14 02:00,0.019999999552965164,"{""type"":""MultiPoint"",""coordinates"":[]}"
20240814023000,2024-08-14 02:30,0.03999999910593033,"{""type"":""MultiPoint"",""coordinates"":[]}"
20240814030000,2024-08-14 03:00,4.789999961853027,"{""type"":""MultiPoint"",""coordinates"":[]}"
20240814033000,2024-08-14 03:30,0.2199999988079071,"{""type"":""MultiPoint"",""coordinates"":[]}"
20240814040000,2024-08-14 04:00,0.0,"{""type"":""MultiPoint"",""coordinates"":[]}"
20240814043000,2024-08-14 04:30,0.14000000059604645,"{""type"":""MultiPoint"",""coordinates"":[]}"
20240814050000,2024-08-14 05:00,0.14000000059604645,"{""type"":""MultiPoint"",""coordinates"":[]}"
20240814053000,2024-08-14 05:30,0.12999999523162842,"{""type"":""MultiPoint"",""coordinates"":[]}"
20240814060000,2024-08-14 06:00,0.07000000029802322,"{""type"":""MultiPoint"",""coordinates"":[]}"
20240814063000,2024-08-14 06:30,0.0,"{""type"":""MultiPoint"",""coordinates"":[]}"
20240814070000,2024-08-14 07:00,0.0,"{""type"":""MultiPoint"",""coordinates"":[]}"
20240814073000,2024-08-14 07:30,0.0,"{""type"":""MultiPoint"",""coordinates"":[]}"
20240814080000,2024-08-14 08:00,0.0,"{""type"":""MultiPoint"",""coordinates"":[]}"
20240814083000,2024-08-14 08:30,0.0,"{""type"":""MultiPoint"",""coordinates"":[]}"
20240814090000,2024-08-14 09:00,0.0,"{""type"":""MultiPoint"",""coordinates"":[]}"
20240814093000,2024-08-14 09:30,0.0,"{""type"":""MultiPoint"",""coordinates"":[]}"
20240814100000,2024-08-14 10:00,0.0,"{""type"":""MultiPoint"",""coordinates"":[]}"
20240814103000,2024-08-14 10:30,0.0,"{""type"":""MultiPoint"",""coordinates"":[]}"
20240814110000,2024-08-14 11:00,0.029999999329447746,"{""type"":""MultiPoint"",""coordinates"":[]}"
20240814113000,2024-08-14 11:30,0.0,"{""type"":""MultiPoint"",""coordinates"":[]}"
20240814120000,2024-08-14 12:00,1.9399999380111694,"{""type"":""MultiPoint"",""coordinates"":[]}"
20240814123000,2024-08-14 12:30,0.0,"{""type"":""MultiPoint"",""coordinates"":[]}"
20240814130000,2024-08-14 13:00,0.0,"{""type"":""MultiPoint"",""coordinates"":[]}"
20240814133000,2024-08-14 13:30,0.0,"{""type"":""MultiPoint"",""coordinates"":[]}"
20240814140000,2024-08-14 14:00,0.0,"{""type"":""MultiPoint"",""coordinates"":[]}"
20240814143000,2024-08-14 14:30,0.0,"{""type"":""MultiPoint"",""coordinates"":[]}"
20240814150000,2024-08-14 15:00,0.0,"{""type"":""MultiPoint"",""coordinates"":[]}"
20240814153000,2024-08-14 15:30,0.0,"{""type"":""MultiPoint"",""coordinates"":[]}"
20240814160000,2024-08-14 16:00,0.0,"{""type"":""MultiPoint"",""coordinates"":[]}"
20240814163000,2024-08-14 16:30,0.0,"{""type"":""MultiPoint"",""coordinates"":[]}"
20240814170000,2024-08-14 17:00,0.0,"{""type"":""MultiPoint"",""coordinates"":[]}"
20240814173000,2024-08-14 17:30,0.0,"{""type"":""MultiPoint"",""coordinates"":[]}"
20240814180000,2024-08-14 18:00,0.0,"{""type"":""MultiPoint"",""coordinates"":[]}"
20240814183000,2024-08-14 18:30,0.0,"{""type"":""MultiPoint"",""coordinates"":[]}"
20240814190000,2024-08-14 19:00,0.0,"{""type"":""MultiPoint"",""coordinates"":[]}"
20240814193000,2024-08-14 19:30,0.0,"{""type"":""MultiPoint"",""coordinates"":[]}"
20240814200000,2024-08-14 20:00,0.0,"{""type"":""MultiPoint"",""coordinates"":[]}"
20240814203000,2024-08-14 20:30,0.0,"{""type"":""MultiPoint"",""coordinates"":[]}"
20240814210000,2024-08-14 21:00,0.0,"{""type"":""MultiPoint"",""coordinates"":[]}"
20240814213000,2024-08-14 21:30,0.0,"{""type"":""MultiPoint"",""coordinates"":[]}"
20240814220000,2024-08-14 22:00,0.0,"{""type"":""MultiPoint"",""coordinates"":[]}"
20240814223000,2024-08-14 22:30,1.709999918937683,"{""type"":""MultiPoint"",""coordinates"":[]}"
20240814230000,2024-08-14 23:00,0.0,"{""type"":""MultiPoint"",""coordinates"":[]}"
20240814233000,2024-08-14 23:30,0.0,"{""type"":""MultiPoint"",""coordinates"":[]}"
20240815000000,2024-08-15 00:00,0.0,"{""type"":""MultiPoint"",""coordinates"":[]}"
20240815003000,2024-08-15 00:30,0.0,"{""type"":""MultiPoint"",""coordinates"":[]}"
20240815010000,2024-08-15 01:00,1.8299999237060547,"{""type"":""MultiPoint"",""coordinates"":[]}"
20240815013000,2024-08-15 01:30,0.0,"{""type"":""MultiPoint"",""coordinates"":[]}"
20240815020000,2024-08-15 02:00,0.0,"{""type"":""MultiPoint"",""coordinates"":[]}"
20240815023000,2024-08-15 02:30,0.0,"{""type"":""MultiPoint"",""coordinates"":[]}"
20240815030000,2024-08-15 03:00,0.0,"{""type"":""MultiPoint"",""coordinates"":[]}"
20240815033000,2024-08-15 03:30,0.0,"{""type"":""MultiPoint"",""coordinates"":[]}"
20240815040000,2024-08-15 04:00,0.0,"{""type"":""MultiPoint"",""coordinates"":[]}"
20240815043000,2024-08-15 04:30,0.0,"{""type"":""MultiPoint"",""coordinates"":[]}"
20240815050000,2024-08-15 05:00,0.0,"{""type"":""MultiPoint"",""coordinates"":[]}"
20240815053000,2024-08-15 05:30,0.3499999940395355,"{""type"":""MultiPoint"",""coordinates"":[]}"
20240815060000,2024-08-15 06:00,0.7400000095367432,"{""type"":""MultiPoint"",""coordinates"":[]}"
20240815063000,2024-08-15 06:30,0.11999999731779099,"{""type"":""MultiPoint"",""coordinates"":[]}"
20240815070000,2024-08-15 07:00,0.41999998688697815,"{""type"":""MultiPoint"",""coordinates"":[]}"
20240815073000,2024-08-15 07:30,1.5399999618530273,"{""type"":""MultiPoint"",""coordinates"":[]}"
20240815080000,2024-08-15 08:00,2.7100000381469727,"{""type"":""MultiPoint"",""coordinates"":[]}"
20240815083000,2024-08-15 08:30,2.7899999618530273,"{""type"":""MultiPoint"",""coordinates"":[]}"
20240815090000,2024-08-15 09:00,1.7699999809265137,"{""type"":""MultiPoint"",""coordinates"":[]}"
20240815093000,2024-08-15 09:30,0.0,"{""type"":""MultiPoint"",""coordinates"":[]}"
20240815100000,2024-08-15 10:00,0.0,"{""type"":""MultiPoint"",""coordinates"":[]}"
20240815103000,2024-08-15 10:30,1.1999999284744263,"{""type"":""MultiPoint"",""coordinates"":[]}"
20240815110000,2024-08-15 11:00,0.07999999821186066,"{""type"":""MultiPoint"",""coordinates"":[]}"
20240815113000,2024-08-15 11:30,0.04999999701976776,"{""type"":""MultiPoint"",""coordinates"":[]}"
20240815120000,2024-08-15 12:00,0.0,"{""type"":""MultiPoint"",""coordinates"":[]}"
20240815123000,2024-08-15 12:30,0.0,"{""type"":""MultiPoint"",""coordinates"":[]}"
20240815130000,2024-08-15 13:00,0.0,"{""type"":""MultiPoint"",""coordinates"":[]}"
20240815133000,2024-08-15 13:30,0.0,"{""type"":""MultiPoint"",""coordinates"":[]}"
20240815140000,2024-08-15 14:00,0.0,"{""type"":""MultiPoint"",""coordinates"":[]}"
20240815143000,2024-08-15 14:30,0.0,"{""type"":""MultiPoint"",""coordinates"":[]}"
20240815150000,2024-08-15 15:00,0.0,"{""type"":""MultiPoint"",""coordinates"":[]}"
20240815153000,2024-08-15 15:30,0.0,"{""type"":""MultiPoint"",""coordinates"":[]}"
20240815160000,2024-08-15 16:00,0.0,"{""type"":""MultiPoint"",""coordinates"":[]}"
20240815163000,2024-08-15 16:30,0.0,"{""type"":""MultiPoint"",""coordinates"":[]}"
20240815170000,2024-08-15 17:00,0.0,"{""type"":""MultiPoint"",""coordinates"":[]}"
20240815173000,2024-08-15 17:30,0.05999999865889549,"{""type"":""MultiPoint"",""coordinates"":[]}"
20240815180000,2024-08-15 18:00,0.3199999928474426,"{""type"":""MultiPoint"",""coordinates"":[]}"
20240815183000,2024-08-15 18:30,0.6299999952316284,"{""type"":""MultiPoint"",""coordinates"":[]}"
20240815190000,2024-08-15 19:00,0.6299999952316284,"{""type"":""MultiPoint"",""coordinates"":[]}"
20240815193000,2024-08-15 19:30,1.059999942779541,"{""type"":""MultiPoint"",""coordinates"":[]}"
20240815200000,2024-08-15 20:00,1.3899999856948853,"{""type"":""MultiPoint"",""coordinates"":[]}"
20240815203000,2024-08-15 20:30,1.5999999046325684,"{""type"":""MultiPoint"",""coordinates"":[]}"
20240815210000,2024-08-15 21:00,1.9399999380111694,"{""type"":""MultiPoint"",""coordinates"":[]}"
20240815213000,2024-08-15 21:30,1.8199999332427979,"{""type"":""MultiPoint"",""coordinates"":[]}"
20240815220000,2024-08-15 22:00,2.129999876022339,"{""type"":""MultiPoint"",""coordinates"":[]}"
20240815223000,2024-08-15 22:30,2.700000047683716,"{""type"":""MultiPoint"",""coordinates"":[]}"
20240815230000,2024-08-15 23:00,1.9299999475479126,"{""type"":""MultiPoint"",""coordinates"":[]}"
20240815233000,2024-08-15 23:30,1.4399999380111694,"{""type"":""MultiPoint"",""coordinates"":[]}"
20240816000000,2024-08-16 00:00,1.2699999809265137,"{""type"":""MultiPoint"",""coordinates"":[]}"
20240816003000,2024-08-16 00:30,1.75,"{""type"":""MultiPoint"",""coordinates"":[]}"
20240816010000,2024-08-16 01:00,1.6899999380111694,"{""type"":""MultiPoint"",""coordinates"":[]}"
20240816013000,2024-08-16 01:30,1.5499999523162842,"{""type"":""MultiPoint"",""coordinates"":[]}"
20240816020000,2024-08-16 02:00,0.8399999737739563,"{""type"":""MultiPoint"",""coordinates"":[]}"
20240816023000,2024-08-16 02:30,0.5199999809265137,"{""type"":""MultiPoint"",""coordinates"":[]}"
20240816030000,2024-08-16 03:00,0.14999999105930328,"{""type"":""MultiPoint"",""coordinates"":[]}"
20240816033000,2024-08-16 03:30,0.0,"{""type"":""MultiPoint"",""coordinates"":[]}"
20240816040000,2024-08-16 04:00,0.0,"{""type"":""MultiPoint"",""coordinates"":[]}"
20240816043000,2024-08-16 04:30,0.0,"{""type"":""MultiPoint"",""coordinates"":[]}"
20240816050000,2024-08-16 05:00,0.0,"{""type"":""MultiPoint"",""coordinates"":[]}"
20240816053000,2024-08-16 05:30,0.0,"{""type"":""MultiPoint"",""coordinates"":[]}"
20240816060000,2024-08-16 06:00,0.0,"{""type"":""MultiPoint"",""coordinates"":[]}"
20240816063000,2024-08-16 06:30,0.0,"{""type"":""MultiPoint"",""coordinates"":[]}"
20240816070000,2024-08-16 07:00,0.0,"{""type"":""MultiPoint"",""coordinates"":[]}"
20240816073000,2024-08-16 07:30,0.0,"{""type"":""MultiPoint"",""coordinates"":[]}"
20240816080000,2024-08-16 08:00,0.0,"{""type"":""MultiPoint"",""coordinates"":[]}"
20240816083000,2024-08-16 08:30,0.0,"{""type"":""MultiPoint"",""coordinates"":[]}"
20240816090000,2024-08-16 09:00,0.0,"{""type"":""MultiPoint"",""coordinates"":[]}"
20240816093000,2024-08-16 09:30,0.0,"{""type"":""MultiPoint"",""coordinates"":[]}"
20240816100000,2024-08-16 10:00,0.0,"{""type"":""MultiPoint"",""coordinates"":[]}"
20240816103000,2024-08-16 10:30,0.0,"{""type"":""MultiPoint"",""coordinates"":[]}"
20240816110000,2024-08-16 11:00,0.0,"{""type"":""MultiPoint"",""coordinates"":[]}"
20240816113000,2024-08-16 11:30,0.0,"{""type"":""MultiPoint"",""coordinates"":[]}"
20240816120000,2024-08-16 12:00,0.0,"{""type"":""MultiPoint"",""coordinates"":[]}"
20240816123000,2024-08-16 12:30,0.0,"{""type"":""MultiPoint"",""coordinates"":[]}"
20240816130000,2024-08-16 13:00,0.0,"{""type"":""MultiPoint"",""coordinates"":[]}"
20240816133000,2024-08-16 13:30,0.0,"{""type"":""MultiPoint"",""coordinates"":[]}"
20240816140000,2024-08-16 14:00,0.0,"{""type"":""MultiPoint"",""coordinates"":[]}"
20240816143000,2024-08-16 14:30,0.0,"{""type"":""MultiPoint"",""coordinates"":[]}"
20240816150000,2024-08-16 15:00,2.629999876022339,"{""type"":""MultiPoint"",""coordinates"":[]}"
20240816153000,2024-08-16 15:30,5.299999713897705,"{""type"":""MultiPoint"",""coordinates"":[]}"
20240816160000,2024-08-16 16:00,4.079999923706055,"{""type"":""MultiPoint"",""coordinates"":[]}"
20240816163000,2024-08-16 16:30,0.20999999344348907,"{""type"":""MultiPoint"",""coordinates"":[]}"
20240816170000,2024-08-16 17:00,0.0,"{""type"":""MultiPoint"",""coordinates"":[]}"
20240816173000,2024-08-16 17:30,0.0,"{""type"":""MultiPoint"",""coordinates"":[]}"
20240816180000,2024-08-16 18:00,2.669999837875366,"{""type"":""MultiPoint"",""coordinates"":[]}"
20240816183000,2024-08-16 18:30,1.8600000143051147,"{""type"":""MultiPoint"",""coordinates"":[]}"
20240816190000,2024-08-16 19:00,0.0,"{""type"":""MultiPoint"",""coordinates"":[]}"
20240816193000,2024-08-16 19:30,0.0,"{""type"":""MultiPoint"",""coordinates"":[]}"
20240816200000,2024-08-16 20:00,0.0,"{""type"":""MultiPoint"",""coordinates"":[]}"
20240816203000,2024-08-16 20:30,0.0,"{""type"":""MultiPoint"",""coordinates"":[]}"
20240816210000,2024-08-16 21:00,0.0,"{""type"":""MultiPoint"",""coordinates"":[]}"
20240816213000,2024-08-16 21:30,0.0,"{""type"":""MultiPoint"",""coordinates"":[]}"
20240816220000,2024-08-16 22:00,0.0,"{""type"":""MultiPoint"",""coordinates"":[]}"
20240816223000,2024-08-16 22:30,0.0,"{""type"":""MultiPoint"",""coordinates"":[]}"
20240816230000,2024-08-16 23:00,0.0,"{""type"":""MultiPoint"",""coordinates"":[]}"
20240816233000,2024-08-16 23:30,0.0,"{""type"":""MultiPoint"",""coordinates"":[]}"
20240817000000,2024-08-17 00:00,0.0,"{""type"":""MultiPoint"",""coordinates"":[]}"
20240817003000,2024-08-17 00:30,0.0,"{""type"":""MultiPoint"",""coordinates"":[]}"
20240817010000,2024-08-17 01:00,0.0,"{""type"":""MultiPoint"",""coordinates"":[]}"
20240817013000,2024-08-17 01:30,0.0,"{""type"":""MultiPoint"",""coordinates"":[]}"
20240817020000,2024-08-17 02:00,0.0,"{""type"":""MultiPoint"",""coordinates"":[]}"
20240817023000,2024-08-17 02:30,0.0,"{""type"":""MultiPoint"",""coordinates"":[]}"
20240817030000,2024-08-17 03:00,0.0,"{""type"":""MultiPoint"",""coordinates"":[]}"
20240817033000,2024-08-17 03:30,0.0,"{""type"":""MultiPoint"",""coordinates"":[]}"
20240817040000,2024-08-17 04:00,0.0,"{""type"":""MultiPoint"",""coordinates"":[]}"
20240817043000,2024-08-17 04:30,0.0,"{""type"":""MultiPoint"",""coordinates"":[]}"
20240817050000,2024-08-17 05:00,0.0,"{""type"":""MultiPoint"",""coordinates"":[]}"
20240817053000,2024-08-17 05:30,0.0,"{""type"":""MultiPoint"",""coordinates"":[]}"
20240817060000,2024-08-17 06:00,0.0,"{""type"":""MultiPoint"",""coordinates"":[]}"
20240817063000,2024-08-17 06:30,0.0,"{""type"":""MultiPoint"",""coordinates"":[]}"
20240817070000,2024-08-17 07:00,0.0,"{""type"":""MultiPoint"",""coordinates"":[]}"
20240817073000,2024-08-17 07:30,0.0,"{""type"":""MultiPoint"",""coordinates"":[]}"
20240817080000,2024-08-17 08:00,0.0,"{""type"":""MultiPoint"",""coordinates"":[]}"
20240817083000,2024-08-17 08:30,0.0,"{""type"":""MultiPoint"",""coordinates"":[]}"
20240817090000,2024-08-17 09:00,0.0,"{""type"":""MultiPoint"",""coordinates"":[]}"
20240817093000,2024-08-17 09:30,0.0,"{""type"":""MultiPoint"",""coordinates"":[]}"
20240817100000,2024-08-17 10:00,0.0,"{""type"":""MultiPoint"",""coordinates"":[]}"
20240817103000,2024-08-17 10:30,0.0,"{""type"":""MultiPoint"",""coordinates"":[]}"
20240817110000,2024-08-17 11:00,0.0,"{""type"":""MultiPoint"",""coordinates"":[]}"
20240817113000,2024-08-17 11:30,0.0,"{""type"":""MultiPoint"",""coordinates"":[]}"
20240817120000,2024-08-17 12:00,0.1899999976158142,"{""type"":""MultiPoint"",""coordinates"":[]}"
20240817123000,2024-08-17 12:30,0.6599999666213989,"{""type"":""MultiPoint"",""coordinates"":[]}"
20240817130000,2024-08-17 13:00,0.5099999904632568,"{""type"":""MultiPoint"",""coordinates"":[]}"
20240817133000,2024-08-17 13:30,0.4699999988079071,"{""type"":""MultiPoint"",""coordinates"":[]}"
20240817140000,2024-08-17 14:00,0.4699999988079071,"{""type"":""MultiPoint"",""coordinates"":[]}"
20240817143000,2024-08-17 14:30,0.0,"{""type"":""MultiPoint"",""coordinates"":[]}"
20240817150000,2024-08-17 15:00,0.0,"{""type"":""MultiPoint"",""coordinates"":[]}"
20240817153000,2024-08-17 15:30,0.0,"{""type"":""MultiPoint"",""coordinates"":[]}"
20240817160000,2024-08-17 16:00,0.0,"{""type"":""MultiPoint"",""coordinates"":[]}"
20240817163000,2024-08-17 16:30,0.0,"{""type"":""MultiPoint"",""coordinates"":[]}"
20240817170000,2024-08-17 17:00,0.0,"{""type"":""MultiPoint"",""coordinates"":[]}"
20240817173000,2024-08-17 17:30,0.0,"{""type"":""MultiPoint"",""coordinates"":[]}"
20240817180000,2024-08-17 18:00,0.0,"{""type"":""MultiPoint"",""coordinates"":[]}"
20240817183000,2024-08-17 18:30,0.0,"{""type"":""MultiPoint"",""coordinates"":[]}"
20240817190000,2024-08-17 19:00,0.0,"{""type"":""MultiPoint"",""coordinates"":[]}"
20240817193000,2024-08-17 19:30,0.0,"{""type"":""MultiPoint"",""coordinates"":[]}"
20240817200000,2024-08-17 20:00,0.0,"{""type"":""MultiPoint"",""coordinates"":[]}"
20240817203000,2024-08-17 20:30,0.0,"{""type"":""MultiPoint"",""coordinates"":[]}"
20240817210000,2024-08-17 21:00,0.0,"{""type"":""MultiPoint"",""coordinates"":[]}"
20240817213000,2024-08-17 21:30,0.0,"{""type"":""MultiPoint"",""coordinates"":[]}"
20240817220000,2024-08-17 22:00,0.0,"{""type"":""MultiPoint"",""coordinates"":[]}"
20240817223000,2024-08-17 22:30,0.0,"{""type"":""MultiPoint"",""coordinates"":[]}"
20240817230000,2024-08-17 23:00,0.0,"{""type"":""MultiPoint"",""coordinates"":[]}"
20240817233000,2024-08-17 23:30,0.0,"{""type"":""MultiPoint"",""coordinates"":[]}"
20240818000000,2024-08-18 00:00,0.0,"{""type"":""MultiPoint"",""coordinates"":[]}"
20240818003000,2024-08-18 00:30,0.0,"{""type"":""MultiPoint"",""coordinates"":[]}"
20240818010000,2024-08-18 01:00,0.0,"{""type"":""MultiPoint"",""coordinates"":[]}"
20240818013000,2024-08-18 01:30,0.0,"{""type"":""MultiPoint"",""coordinates"":[]}"
20240818020000,2024-08-18 02:00,0.0,"{""type"":""MultiPoint"",""coordinates"":[]}"
20240818023000,2024-08-18 02:30,0.14000000059604645,"{""type"":""MultiPoint"",""coordinates"":[]}"
20240818030000,2024-08-18 03:00,0.20999999344348907,"{""type"":""MultiPoint"",""coordinates"":[]}"
20240818033000,2024-08-18 03:30,0.4599999785423279,"{""type"":""MultiPoint"",""coordinates"":[]}"
20240818040000,2024-08-18 04:00,0.20999999344348907,"{""type"":""MultiPoint"",""coordinates"":[]}"
20240818043000,2024-08-18 04:30,0.1899999976158142,"{""type"":""MultiPoint"",""coordinates"":[]}"
20240818050000,2024-08-18 05:00,1.0099999904632568,"{""type"":""MultiPoint"",""coordinates"":[]}"
20240818053000,2024-08-18 05:30,0.20999999344348907,"{""type"":""MultiPoint"",""coordinates"":[]}"
20240818060000,2024-08-18 06:00,0.0,"{""type"":""MultiPoint"",""coordinates"":[]}"
20240818063000,2024-08-18 06:30,0.0,"{""type"":""MultiPoint"",""coordinates"":[]}"
20240818070000,2024-08-18 07:00,0.0,"{""type"":""MultiPoint"",""coordinates"":[]}"
20240818073000,2024-08-18 07:30,0.0,"{""type"":""MultiPoint"",""coordinates"":[]}"
20240818080000,2024-08-18 08:00,0.0,"{""type"":""MultiPoint"",""coordinates"":[]}"
20240818083000,2024-08-18 08:30,0.0,"{""type"":""MultiPoint"",""coordinates"":[]}"
20240818090000,2024-08-18 09:00,0.0,"{""type"":""MultiPoint"",""coordinates"":[]}"
20240818093000,2024-08-18 09:30,0.0,"{""type"":""MultiPoint"",""coordinates"":[]}"
20240818100000,2024-08-18 10:00,0.0,"{""type"":""MultiPoint"",""coordinates"":[]}"
20240818103000,2024-08-18 10:30,0.0,"{""type"":""MultiPoint"",""coordinates"":[]}"
20240818110000,2024-08-18 11:00,0.0,"{""type"":""MultiPoint"",""coordinates"":[]}"
20240818113000,2024-08-18 11:30,0.0,"{""type"":""MultiPoint"",""coordinates"":[]}"
20240818120000,2024-08-18 12:00,0.0,"{""type"":""MultiPoint"",""coordinates"":[]}"
20240818123000,2024-08-18 12:30,0.0,"{""type"":""MultiPoint"",""coordinates"":[]}"
20240818130000,2024-08-18 13:00,0.0,"{""type"":""MultiPoint"",""coordinates"":[]}"
20240818133000,2024-08-18 13:30,0.0,"{""type"":""MultiPoint"",""coordinates"":[]}"
20240818140000,2024-08-18 14:00,0.7799999713897705,"{""type"":""MultiPoint"",""coordinates"":[]}"
20240818143000,2024-08-18 14:30,0.09999999403953552,"{""type"":""MultiPoint"",""coordinates"":[]}"
20240818150000,2024-08-18 15:00,3.8299999237060547,"{""type"":""MultiPoint"",""coordinates"":[]}"
20240818153000,2024-08-18 15:30,2.7699999809265137,"{""type"":""MultiPoint"",""coordinates"":[]}"
20240818160000,2024-08-18 16:00,2.9099998474121094,"{""type"":""MultiPoint"",""coordinates"":[]}"
20240818163000,2024-08-18 16:30,0.5600000023841858,"{""type"":""MultiPoint"",""coordinates"":[]}"
20240818170000,2024-08-18 17:00,0.6399999856948853,"{""type"":""MultiPoint"",""coordinates"":[]}"
20240818173000,2024-08-18 17:30,0.3400000035762787,"{""type"":""MultiPoint"",""coordinates"":[]}"
20240818180000,2024-08-18 18:00,0.20999999344348907,"{""type"":""MultiPoint"",""coordinates"":[]}"
20240818183000,2024-08-18 18:30,0.0,"{""type"":""MultiPoint"",""coordinates"":[]}"
20240818190000,2024-08-18 19:00,0.0,"{""type"":""MultiPoint"",""coordinates"":[]}"
20240818193000,2024-08-18 19:30,0.0,"{""type"":""MultiPoint"",""coordinates"":[]}"
20240818200000,2024-08-18 20:00,0.0,"{""type"":""MultiPoint"",""coordinates"":[]}"
20240818203000,2024-08-18 20:30,0.0,"{""type"":""MultiPoint"",""coordinates"":[]}"
20240818210000,2024-08-18 21:00,0.1599999964237213,"{""type"":""MultiPoint"",""coordinates"":[]}"
20240818213000,2024-08-18 21:30,1.6299999952316284,"{""type"":""MultiPoint"",""coordinates"":[]}"
20240818220000,2024-08-18 22:00,10.359999656677246,"{""type"":""MultiPoint"",""coordinates"":[]}"
20240818223000,2024-08-18 22:30,11.15999984741211,"{""type"":""MultiPoint"",""coordinates"":[]}"
20240818230000,2024-08-18 23:00,5.170000076293945,"{""type"":""MultiPoint"",""coordinates"":[]}"
20240818233000,2024-08-18 23:30,3.3499999046325684,"{""type"":""MultiPoint"",""coordinates"":[]}"
20240819000000,2024-08-19 00:00,6.369999885559082,"{""type"":""MultiPoint"",""coordinates"":[]}"
20240819003000,2024-08-19 00:30,3.879999876022339,"{""type"":""MultiPoint"",""coordinates"":[]}"
20240819010000,2024-08-19 01:00,1.7899999618530273,"{""type"":""MultiPoint"",""coordinates"":[]}"
20240819013000,2024-08-19 01:30,0.17000000178813934,"{""type"":""MultiPoint"",""coordinates"":[]}"
20240819020000,2024-08-19 02:00,0.5299999713897705,"{""type"":""MultiPoint"",""coordinates"":[]}"
20240819023000,2024-08-19 02:30,1.0699999332427979,"{""type"":""MultiPoint"",""coordinates"":[]}"
20240819030000,2024-08-19 03:00,1.0699999332427979,"{""type"":""MultiPoint"",""coordinates"":[]}"
20240819033000,2024-08-19 03:30,0.11999999731779099,"{""type"":""MultiPoint"",""coordinates"":[]}"
20240819040000,2024-08-19 04:00,3.8299999237060547,"{""type"":""MultiPoint"",""coordinates"":[]}"
20240819043000,2024-08-19 04:30,0.0,"{""type"":""MultiPoint"",""coordinates"":[]}"
20240819050000,2024-08-19 05:00,0.0,"{""type"":""MultiPoint"",""coordinates"":[]}"
20240819053000,2024-08-19 05:30,0.0,"{""type"":""MultiPoint"",""coordinates"":[]}"
20240819060000,2024-08-19 06:00,0.0,"{""type"":""MultiPoint"",""coordinates"":[]}"
20240819063000,2024-08-19 06:30,0.09999999403953552,"{""type"":""MultiPoint"",""coordinates"":[]}"
20240819070000,2024-08-19 07:00,0.03999999910593033,"{""type"":""MultiPoint"",""coordinates"":[]}"
20240819073000,2024-08-19 07:30,0.0,"{""type"":""MultiPoint"",""coordinates"":[]}"
20240819080000,2024-08-19 08:00,0.0,"{""type"":""MultiPoint"",""coordinates"":[]}"
20240819083000,2024-08-19 08:30,0.0,"{""type"":""MultiPoint"",""coordinates"":[]}"
20240819090000,2024-08-19 09:00,0.0,"{""type"":""MultiPoint"",""coordinates"":[]}"
20240819093000,2024-08-19 09:30,0.0,"{""type"":""MultiPoint"",""coordinates"":[]}"
20240819100000,2024-08-19 10:00,0.0,"{""type"":""MultiPoint"",""coordinates"":[]}"
20240819103000,2024-08-19 10:30,0.0,"{""type"":""MultiPoint"",""coordinates"":[]}"
20240819110000,2024-08-19 11:00,0.0,"{""type"":""MultiPoint"",""coordinates"":[]}"
20240819113000,2024-08-19 11:30,0.0,"{""type"":""MultiPoint"",""coordinates"":[]}"
20240819120000,2024-08-19 12:00,0.0,"{""type"":""MultiPoint"",""coordinates"":[]}"
20240819123000,2024-08-19 12:30,0.0,"{""type"":""MultiPoint"",""coordinates"":[]}"
20240819130000,2024-08-19 13:00,0.3499999940395355,"{""type"":""MultiPoint"",""coordinates"":[]}"
20240819133000,2024-08-19 13:30,0.28999999165534973,"{""type"":""MultiPoint"",""coordinates"":[]}"
20240819140000,2024-08-19 14:00,1.46999990940094,"{""type"":""MultiPoint"",""coordinates"":[]}"
20240819143000,2024-08-19 14:30,0.6800000071525574,"{""type"":""MultiPoint"",""coordinates"":[]}"
20240819150000,2024-08-19 15:00,0.19999998807907104,"{""type"":""MultiPoint"",""coordinates"":[]}"
20240819153000,2024-08-19 15:30,0.25999999046325684,"{""type"":""MultiPoint"",""coordinates"":[]}"
20240819160000,2024-08-19 16:00,0.0,"{""type"":""MultiPoint"",""coordinates"":[]}"
20240819163000,2024-08-19 16:30,0.0,"{""type"":""MultiPoint"",""coordinates"":[]}"
20240819170000,2024-08-19 17:00,0.08999999612569809,"{""type"":""MultiPoint"",""coordinates"":[]}"
20240819173000,2024-08-19 17:30,0.0,"{""type"":""MultiPoint"",""coordinates"":[]}"
20240819180000,2024-08-19 18:00,0.0,"{""type"":""MultiPoint"",""coordinates"":[]}"
20240819183000,2024-08-19 18:30,0.0,"{""type"":""MultiPoint"",""coordinates"":[]}"
20240819190000,2024-08-19 19:00,0.0,"{""type"":""MultiPoint"",""coordinates"":[]}"
20240819193000,2024-08-19 19:30,0.0,"{""type"":""MultiPoint"",""coordinates"":[]}"
20240819200000,2024-08-19 20:00,0.0,"{""type"":""MultiPoint"",""coordinates"":[]}"
20240819203000,2024-08-19 20:30,0.0,"{""type"":""MultiPoint"",""coordinates"":[]}"
20240819210000,2024-08-19 21:00,0.0,"{""type"":""MultiPoint"",""coordinates"":[]}"
20240819213000,2024-08-19 21:30,0.0,"{""type"":""MultiPoint"",""coordinates"":[]}"
20240819220000,2024-08-19 22:00,0.0,"{""type"":""MultiPoint"",""coordinates"":[]}"
20240819223000,2024-08-19 22:30,0.0,"{""type"":""MultiPoint"",""coordinates"":[]}"
20240819230000,2024-08-19 23:00,0.0,"{""type"":""MultiPoint"",""coordinates"":[]}"
20240819233000,2024-08-19 23:30,0.0,"{""type"":""MultiPoint"",""coordinates"":[]}"
20240820000000,2024-08-20 00:00,0.0,"{""type"":""MultiPoint"",""coordinates"":[]}"
20240820003000,2024-08-20 00:30,0.0,"{""type"":""MultiPoint"",""coordinates"":[]}"
20240820010000,2024-08-20 01:00,0.0,"{""type"":""MultiPoint"",""coordinates"":[]}"
20240820013000,2024-08-20 01:30,0.0,"{""type"":""MultiPoint"",""coordinates"":[]}"
20240820020000,2024-08-20 02:00,0.0,"{""type"":""MultiPoint"",""coordinates"":[]}"
20240820023000,2024-08-20 02:30,0.0,"{""type"":""MultiPoint"",""coordinates"":[]}"
20240820030000,2024-08-20 03:00,0.0,"{""type"":""MultiPoint"",""coordinates"":[]}"
20240820033000,2024-08-20 03:30,0.0,"{""type"":""MultiPoint"",""coordinates"":[]}"
20240820040000,2024-08-20 04:00,0.0,"{""type"":""MultiPoint"",""coordinates"":[]}"
20240820043000,2024-08-20 04:30,0.0,"{""type"":""MultiPoint"",""coordinates"":[]}"
20240820050000,2024-08-20 05:00,0.0,"{""type"":""MultiPoint"",""coordinates"":[]}"
20240820053000,2024-08-20 05:30,0.0,"{""type"":""MultiPoint"",""coordinates"":[]}"
20240820060000,2024-08-20 06:00,0.0,"{""type"":""MultiPoint"",""coordinates"":[]}"
20240820063000,2024-08-20 06:30,0.0,"{""type"":""MultiPoint"",""coordinates"":[]}"
20240820070000,2024-08-20 07:00,0.0,"{""type"":""MultiPoint"",""coordinates"":[]}"
20240820073000,2024-08-20 07:30,0.0,"{""type"":""MultiPoint"",""coordinates"":[]}"
20240820080000,2024-08-20 08:00,0.0,"{""type"":""MultiPoint"",""coordinates"":[]}"
20240820083000,2024-08-20 08:30,0.0,"{""type"":""MultiPoint"",""coordinates"":[]}"
20240820090000,2024-08-20 09:00,0.0,"{""type"":""MultiPoint"",""coordinates"":[]}"
20240820093000,2024-08-20 09:30,0.0,"{""type"":""MultiPoint"",""coordinates"":[]}"
20240820100000,2024-08-20 10:00,0.0,"{""type"":""MultiPoint"",""coordinates"":[]}"
20240820103000,2024-08-20 10:30,0.0,"{""type"":""MultiPoint"",""coordinates"":[]}"
20240820110000,2024-08-20 11:00,0.0,"{""type"":""MultiPoint"",""coordinates"":[]}"
20240820113000,2024-08-20 11:30,0.0,"{""type"":""MultiPoint"",""coordinates"":[]}"
20240820120000,2024-08-20 12:00,0.0,"{""type"":""MultiPoint"",""coordinates"":[]}"
20240820123000,2024-08-20 12:30,0.0,"{""type"":""MultiPoint"",""coordinates"":[]}"
20240820130000,2024-08-20 13:00,0.0,"{""type"":""MultiPoint"",""coordinates"":[]}"
20240820133000,2024-08-20 13:30,0.0,"{""type"":""MultiPoint"",""coordinates"":[]}"
20240820140000,2024-08-20 14:00,0.0,"{""type"":""MultiPoint"",""coordinates"":[]}"
20240820143000,2024-08-20 14:30,0.0,"{""type"":""MultiPoint"",""coordinates"":[]}"
20240820150000,2024-08-20 15:00,0.0,"{""type"":""MultiPoint"",""coordinates"":[]}"
20240820153000,2024-08-20 15:30,0.0,"{""type"":""MultiPoint"",""coordinates"":[]}"
20240820160000,2024-08-20 16:00,0.0,"{""type"":""MultiPoint"",""coordinates"":[]}"
20240820163000,2024-08-20 16:30,0.0,"{""type"":""MultiPoint"",""coordinates"":[]}"
20240820170000,2024-08-20 17:00,0.0,"{""type"":""MultiPoint"",""coordinates"":[]}"
20240820173000,2024-08-20 17:30,0.0,"{""type"":""MultiPoint"",""coordinates"":[]}"
20240820180000,2024-08-20 18:00,0.0,"{""type"":""MultiPoint"",""coordinates"":[]}"
20240820183000,2024-08-20 18:30,0.0,"{""type"":""MultiPoint"",""coordinates"":[]}"
20240820190000,2024-08-20 19:00,0.0,"{""type"":""MultiPoint"",""coordinates"":[]}"
20240820193000,2024-08-20 19:30,0.0,"{""type"":""MultiPoint"",""coordinates"":[]}"
20240820200000,2024-08-20 20:00,0.0,"{""type"":""MultiPoint"",""coordinates"":[]}"
20240820203000,2024-08-20 20:30,0.0,"{""type"":""MultiPoint"",""coordinates"":[]}"
20240820210000,2024-08-20 21:00,0.0,"{""type"":""MultiPoint"",""coordinates"":[]}"
20240820213000,2024-08-20 21:30,0.0,"{""type"":""MultiPoint"",""coordinates"":[]}"
20240820220000,2024-08-20 22:00,0.0,"{""type"":""MultiPoint"",""coordinates"":[]}"
20240820223000,2024-08-20 22:30,0.0,"{""type"":""MultiPoint"",""coordinates"":[]}"
20240820230000,2024-08-20 23:00,0.0,"{""type"":""MultiPoint"",""coordinates"":[]}"
20240820233000,2024-08-20 23:30,0.0,"{""type"":""MultiPoint"",""coordinates"":[]}"
20240821000000,2024-08-21 00:00,0.0,"{""type"":""MultiPoint"",""coordinates"":[]}"
20240821003000,2024-08-21 00:30,0.0,"{""type"":""MultiPoint"",""coordinates"":[]}"
20240821010000,2024-08-21 01:00,0.0,"{""type"":""MultiPoint"",""coordinates"":[]}"
20240821013000,2024-08-21 01:30,0.0,"{""type"":""MultiPoint"",""coordinates"":[]}"
20240821020000,2024-08-21 02:00,0.0,"{""type"":""MultiPoint"",""coordinates"":[]}"
20240821023000,2024-08-21 02:30,0.0,"{""type"":""MultiPoint"",""coordinates"":[]}"
20240821030000,2024-08-21 03:00,0.0,"{""type"":""MultiPoint"",""coordinates"":[]}"
20240821033000,2024-08-21 03:30,0.0,"{""type"":""MultiPoint"",""coordinates"":[]}"
20240821040000,2024-08-21 04:00,0.0,"{""type"":""MultiPoint"",""coordinates"":[]}"
20240821043000,2024-08-21 04:30,0.0,"{""type"":""MultiPoint"",""coordinates"":[]}"
20240821050000,2024-08-21 05:00,0.0,"{""type"":""MultiPoint"",""coordinates"":[]}"
20240821053000,2024-08-21 05:30,0.0,"{""type"":""MultiPoint"",""coordinates"":[]}"
20240821060000,2024-08-21 06:00,0.0,"{""type"":""MultiPoint"",""coordinates"":[]}"
20240821063000,2024-08-21 06:30,0.0,"{""type"":""MultiPoint"",""coordinates"":[]}"
20240821070000,2024-08-21 07:00,0.0,"{""type"":""MultiPoint"",""coordinates"":[]}"
20240821073000,2024-08-21 07:30,0.0,"{""type"":""MultiPoint"",""coordinates"":[]}"
20240821080000,2024-08-21 08:00,0.0,"{""type"":""MultiPoint"",""coordinates"":[]}"
20240821083000,2024-08-21 08:30,0.0,"{""type"":""MultiPoint"",""coordinates"":[]}"
20240821090000,2024-08-21 09:00,0.0,"{""type"":""MultiPoint"",""coordinates"":[]}"
20240821093000,2024-08-21 09:30,0.0,"{""type"":""MultiPoint"",""coordinates"":[]}"
20240821100000,2024-08-21 10:00,0.0,"{""type"":""MultiPoint"",""coordinates"":[]}"
20240821103000,2024-08-21 10:30,0.0,"{""type"":""MultiPoint"",""coordinates"":[]}"
20240821110000,2024-08-21 11:00,0.0,"{""type"":""MultiPoint"",""coordinates"":[]}"
20240821113000,2024-08-21 11:30,0.0,"{""type"":""MultiPoint"",""coordinates"":[]}"
20240821120000,2024-08-21 12:00,0.0,"{""type"":""MultiPoint"",""coordinates"":[]}"
20240821123000,2024-08-21 12:30,0.0,"{""type"":""MultiPoint"",""coordinates"":[]}"
20240821130000,2024-08-21 13:00,0.0,"{""type"":""MultiPoint"",""coordinates"":[]}"
20240821133000,2024-08-21 13:30,0.10999999940395355,"{""type"":""MultiPoint"",""coordinates"":[]}"
20240821140000,2024-08-21 14:00,0.1899999976158142,"{""type"":""MultiPoint"",""coordinates"":[]}"
20240821143000,2024-08-21 14:30,0.10999999940395355,"{""type"":""MultiPoint"",""coordinates"":[]}"
20240821150000,2024-08-21 15:00,0.14000000059604645,"{""type"":""MultiPoint"",""coordinates"":[]}"
20240821153000,2024-08-21 15:30,0.0,"{""type"":""MultiPoint"",""coordinates"":[]}"
20240821160000,2024-08-21 16:00,0.10999999940395355,"{""type"":""MultiPoint"",""coordinates"":[]}"
20240821163000,2024-08-21 16:30,0.0,"{""type"":""MultiPoint"",""coordinates"":[]}"
20240821170000,2024-08-21 17:00,0.0,"{""type"":""MultiPoint"",""coordinates"":[]}"
20240821173000,2024-08-21 17:30,0.0,"{""type"":""MultiPoint"",""coordinates"":[]}"
20240821180000,2024-08-21 18:00,0.0,"{""type"":""MultiPoint"",""coordinates"":[]}"
20240821183000,2024-08-21 18:30,0.0,"{""type"":""MultiPoint"",""coordinates"":[]}"
20240821190000,2024-08-21 19:00,0.0,"{""type"":""MultiPoint"",""coordinates"":[]}"
20240821193000,2024-08-21 19:30,0.0,"{""type"":""MultiPoint"",""coordinates"":[]}"
20240821200000,2024-08-21 20:00,0.0,"{""type"":""MultiPoint"",""coordinates"":[]}"
20240821203000,2024-08-21 20:30,0.0,"{""type"":""MultiPoint"",""coordinates"":[]}"
20240821210000,2024-08-21 21:00,0.0,"{""type"":""MultiPoint"",""coordinates"":[]}"
20240821213000,2024-08-21 21:30,0.0,"{""type"":""MultiPoint"",""coordinates"":[]}"
20240821220000,2024-08-21 22:00,0.0,"{""type"":""MultiPoint"",""coordinates"":[]}"
20240821223000,2024-08-21 22:30,0.0,"{""type"":""MultiPoint"",""coordinates"":[]}"
20240821230000,2024-08-21 23:00,0.0,"{""type"":""MultiPoint"",""coordinates"":[]}"
20240821233000,2024-08-21 23:30,0.0,"{""type"":""MultiPoint"",""coordinates"":[]}"
20240822000000,2024-08-22 00:00,0.0,"{""type"":""MultiPoint"",""coordinates"":[]}"
20240822003000,2024-08-22 00:30,0.0,"{""type"":""MultiPoint"",""coordinates"":[]}"
20240822010000,2024-08-22 01:00,0.0,"{""type"":""MultiPoint"",""coordinates"":[]}"
20240822013000,2024-08-22 01:30,0.0,"{""type"":""MultiPoint"",""coordinates"":[]}"
20240822020000,2024-08-22 02:00,0.0,"{""type"":""MultiPoint"",""coordinates"":[]}"
20240822023000,2024-08-22 02:30,0.0,"{""type"":""MultiPoint"",""coordinates"":[]}"
20240822030000,2024-08-22 03:00,0.0,"{""type"":""MultiPoint"",""coordinates"":[]}"
20240822033000,2024-08-22 03:30,0.0,"{""type"":""MultiPoint"",""coordinates"":[]}"
20240822040000,2024-08-22 04:00,0.0,"{""type"":""MultiPoint"",""coordinates"":[]}"
20240822043000,2024-08-22 04:30,0.0,"{""type"":""MultiPoint"",""coordinates"":[]}"
20240822050000,2024-08-22 05:00,0.0,"{""type"":""MultiPoint"",""coordinates"":[]}"
20240822053000,2024-08-22 05:30,0.0,"{""type"":""MultiPoint"",""coordinates"":[]}"
20240822060000,2024-08-22 06:00,0.0,"{""type"":""MultiPoint"",""coordinates"":[]}"
20240822063000,2024-08-22 06:30,0.0,"{""type"":""MultiPoint"",""coordinates"":[]}"
20240822070000,2024-08-22 07:00,0.0,"{""type"":""MultiPoint"",""coordinates"":[]}"
20240822073000,2024-08-22 07:30,0.0,"{""type"":""MultiPoint"",""coordinates"":[]}"
20240822080000,2024-08-22 08:00,0.0,"{""type"":""MultiPoint"",""coordinates"":[]}"
20240822083000,2024-08-22 08:30,0.0,"{""type"":""MultiPoint"",""coordinates"":[]}"
20240822090000,2024-08-22 09:00,0.0,"{""type"":""MultiPoint"",""coordinates"":[]}"
20240822093000,2024-08-22 09:30,0.0,"{""type"":""MultiPoint"",""coordinates"":[]}"
20240822100000,2024-08-22 10:00,0.0,"{""type"":""MultiPoint"",""coordinates"":[]}"
20240822103000,2024-08-22 10:30,0.0,"{""type"":""MultiPoint"",""coordinates"":[]}"
20240822110000,2024-08-22 11:00,0.0,"{""type"":""MultiPoint"",""coordinates"":[]}"
20240822113000,2024-08-22 11:30,0.0,"{""type"":""MultiPoint"",""coordinates"":[]}"
20240822120000,2024-08-22 12:00,0.0,"{""type"":""MultiPoint"",""coordinates"":[]}"
20240822123000,2024-08-22 12:30,0.0,"{""type"":""MultiPoint"",""coordinates"":[]}"
20240822130000,2024-08-22 13:00,0.0,"{""type"":""MultiPoint"",""coordinates"":[]}"
20240822133000,2024-08-22 13:30,0.0,"{""type"":""MultiPoint"",""coordinates"":[]}"
20240822140000,2024-08-22 14:00,0.0,"{""type"":""MultiPoint"",""coordinates"":[]}"
20240822143000,2024-08-22 14:30,0.0,"{""type"":""MultiPoint"",""coordinates"":[]}"
20240822150000,2024-08-22 15:00,1.0499999523162842,"{""type"":""MultiPoint"",""coordinates"":[]}"
20240822153000,2024-08-22 15:30,3.169999837875366,"{""type"":""MultiPoint"",""coordinates"":[]}"
20240822160000,2024-08-22 16:00,12.329999923706055,"{""type"":""MultiPoint"",""coordinates"":[]}"
20240822163000,2024-08-22 16:30,25.119998931884766,"{""type"":""MultiPoint"",""coordinates"":[]}"
20240822170000,2024-08-22 17:00,13.0,"{""type"":""MultiPoint"",""coordinates"":[]}"
20240822173000,2024-08-22 17:30,21.75,"{""type"":""MultiPoint"",""coordinates"":[]}"
20240822180000,2024-08-22 18:00,4.659999847412109,"{""type"":""MultiPoint"",""coordinates"":[]}"
20240822183000,2024-08-22 18:30,2.990000009536743,"{""type"":""MultiPoint"",""coordinates"":[]}"
20240822190000,2024-08-22 19:00,2.2100000381469727,"{""type"":""MultiPoint"",""coordinates"":[]}"
20240822193000,2024-08-22 19:30,1.7400000095367432,"{""type"":""MultiPoint"",""coordinates"":[]}"
20240822200000,2024-08-22 20:00,1.0699999332427979,"{""type"":""MultiPoint"",""coordinates"":[]}"
20240822203000,2024-08-22 20:30,0.85999995470047,"{""type"":""MultiPoint"",""coordinates"":[]}"
20240822210000,2024-08-22 21:00,0.3700000047683716,"{""type"":""MultiPoint"",""coordinates"":[]}"
20240822213000,2024-08-22 21:30,0.3199999928474426,"{""type"":""MultiPoint"",""coordinates"":[]}"
20240822220000,2024-08-22 22:00,0.09999999403953552,"{""type"":""MultiPoint"",""coordinates"":[]}"
20240822223000,2024-08-22 22:30,0.0,"{""type"":""MultiPoint"",""coordinates"":[]}"
20240822230000,2024-08-22 23:00,0.0,"{""type"":""MultiPoint"",""coordinates"":[]}"
20240822233000,2024-08-22 23:30,0.0,"{""type"":""MultiPoint"",""coordinates"":[]}"
20240823000000,2024-08-23 00:00,0.0,"{""type"":""MultiPoint"",""coordinates"":[]}"
20240823003000,2024-08-23 00:30,0.0,"{""type"":""MultiPoint"",""coordinates"":[]}"
20240823010000,2024-08-23 01:00,0.0,"{""type"":""MultiPoint"",""coordinates"":[]}"
20240823013000,2024-08-23 01:30,0.1599999964237213,"{""type"":""MultiPoint"",""coordinates"":[]}"
20240823020000,2024-08-23 02:00,0.0,"{""type"":""MultiPoint"",""coordinates"":[]}"
20240823023000,2024-08-23 02:30,0.0,"{""type"":""MultiPoint"",""coordinates"":[]}"
20240823030000,2024-08-23 03:00,0.0,"{""type"":""MultiPoint"",""coordinates"":[]}"
20240823033000,2024-08-23 03:30,0.0,"{""type"":""MultiPoint"",""coordinates"":[]}"
20240823040000,2024-08-23 04:00,0.5899999737739563,"{""type"":""MultiPoint"",""coordinates"":[]}"
20240823043000,2024-08-23 04:30,0.7799999713897705,"{""type"":""MultiPoint"",""coordinates"":[]}"
20240823050000,2024-08-23 05:00,0.5799999833106995,"{""type"":""MultiPoint"",""coordinates"":[]}"
20240823053000,2024-08-23 05:30,0.3799999952316284,"{""type"":""MultiPoint"",""coordinates"":[]}"
20240823060000,2024-08-23 06:00,0.26999998092651367,"{""type"":""MultiPoint"",""coordinates"":[]}"
20240823063000,2024-08-23 06:30,0.09999999403953552,"{""type"":""MultiPoint"",""coordinates"":[]}"
20240823070000,2024-08-23 07:00,0.0,"{""type"":""MultiPoint"",""coordinates"":[]}"
20240823073000,2024-08-23 07:30,0.0,"{""type"":""MultiPoint"",""coordinates"":[]}"
20240823080000,2024-08-23 08:00,0.0,"{""type"":""MultiPoint"",""coordinates"":[]}"
20240823083000,2024-08-23 08:30,0.0,"{""type"":""MultiPoint"",""coordinates"":[]}"
20240823090000,2024-08-23 09:00,0.32999998331069946,"{""type"":""MultiPoint"",""coordinates"":[]}"
20240823093000,2024-08-23 09:30,0.0,"{""type"":""MultiPoint"",""coordinates"":[]}"
20240823100000,2024-08-23 10:00,0.0,"{""type"":""MultiPoint"",""coordinates"":[]}"
20240823103000,2024-08-23 10:30,0.0,"{""type"":""MultiPoint"",""coordinates"":[]}"
20240823110000,2024-08-23 11:00,0.0,"{""type"":""MultiPoint"",""coordinates"":[]}"
20240823113000,2024-08-23 11:30,0.0,"{""type"":""MultiPoint"",""coordinates"":[]}"
20240823120000,2024-08-23 12:00,0.0,"{""type"":""MultiPoint"",""coordinates"":[]}"
20240823123000,2024-08-23 12:30,0.0,"{""type"":""MultiPoint"",""coordinates"":[]}"
20240823130000,2024-08-23 13:00,0.0,"{""type"":""MultiPoint"",""coordinates"":[]}"
20240823133000,2024-08-23 13:30,0.0,"{""type"":""MultiPoint"",""coordinates"":[]}"
20240823140000,2024-08-23 14:00,0.0,"{""type"":""MultiPoint"",""coordinates"":[]}"
20240823143000,2024-08-23 14:30,0.0,"{""type"":""MultiPoint"",""coordinates"":[]}"
20240823150000,2024-08-23 15:00,0.0,"{""type"":""MultiPoint"",""coordinates"":[]}"
20240823153000,2024-08-23 15:30,0.0,"{""type"":""MultiPoint"",""coordinates"":[]}"
20240823160000,2024-08-23 16:00,0.0,"{""type"":""MultiPoint"",""coordinates"":[]}"
20240823163000,2024-08-23 16:30,0.0,"{""type"":""MultiPoint"",""coordinates"":[]}"
20240823170000,2024-08-23 17:00,0.0,"{""type"":""MultiPoint"",""coordinates"":[]}"
20240823173000,2024-08-23 17:30,0.0,"{""type"":""MultiPoint"",""coordinates"":[]}"
20240823180000,2024-08-23 18:00,0.0,"{""type"":""MultiPoint"",""coordinates"":[]}"
20240823183000,2024-08-23 18:30,0.0,"{""type"":""MultiPoint"",""coordinates"":[]}"
20240823190000,2024-08-23 19:00,0.0,"{""type"":""MultiPoint"",""coordinates"":[]}"
20240823193000,2024-08-23 19:30,0.0,"{""type"":""MultiPoint"",""coordinates"":[]}"
20240823200000,2024-08-23 20:00,0.0,"{""type"":""MultiPoint"",""coordinates"":[]}"
20240823203000,2024-08-23 20:30,0.0,"{""type"":""MultiPoint"",""coordinates"":[]}"
20240823210000,2024-08-23 21:00,0.0,"{""type"":""MultiPoint"",""coordinates"":[]}"
20240823213000,2024-08-23 21:30,0.0,"{""type"":""MultiPoint"",""coordinates"":[]}"
20240823220000,2024-08-23 22:00,0.0,"{""type"":""MultiPoint"",""coordinates"":[]}"
20240823223000,2024-08-23 22:30,0.0,"{""type"":""MultiPoint"",""coordinates"":[]}"
20240823230000,2024-08-23 23:00,0.0,"{""type"":""MultiPoint"",""coordinates"":[]}"
20240823233000,2024-08-23 23:30,0.0,"{""type"":""MultiPoint"",""coordinates"":[]}"
20240824000000,2024-08-24 00:00,0.0,"{""type"":""MultiPoint"",""coordinates"":[]}"
20240824003000,2024-08-24 00:30,0.0,"{""type"":""MultiPoint"",""coordinates"":[]}"
20240824010000,2024-08-24 01:00,0.0,"{""type"":""MultiPoint"",""coordinates"":[]}"
20240824013000,2024-08-24 01:30,0.0,"{""type"":""MultiPoint"",""coordinates"":[]}"
20240824020000,2024-08-24 02:00,0.0,"{""type"":""MultiPoint"",""coordinates"":[]}"
20240824023000,2024-08-24 02:30,0.0,"{""type"":""MultiPoint"",""coordinates"":[]}"
20240824030000,2024-08-24 03:00,0.0,"{""type"":""MultiPoint"",""coordinates"":[]}"
20240824033000,2024-08-24 03:30,0.0,"{""type"":""MultiPoint"",""coordinates"":[]}"
20240824040000,2024-08-24 04:00,0.0,"{""type"":""MultiPoint"",""coordinates"":[]}"
20240824043000,2024-08-24 04:30,0.0,"{""type"":""MultiPoint"",""coordinates"":[]}"
20240824050000,2024-08-24 05:00,0.0,"{""type"":""MultiPoint"",""coordinates"":[]}"
20240824053000,2024-08-24 05:30,0.0,"{""type"":""MultiPoint"",""coordinates"":[]}"
20240824060000,2024-08-24 06:00,0.0,"{""type"":""MultiPoint"",""coordinates"":[]}"
20240824063000,2024-08-24 06:30,0.0,"{""type"":""MultiPoint"",""coordinates"":[]}"
20240824070000,2024-08-24 07:00,0.0,"{""type"":""MultiPoint"",""coordinates"":[]}"
20240824073000,2024-08-24 07:30,0.14000000059604645,"{""type"":""MultiPoint"",""coordinates"":[]}"
20240824080000,2024-08-24 08:00,0.0,"{""type"":""MultiPoint"",""coordinates"":[]}"
20240824083000,2024-08-24 08:30,0.0,"{""type"":""MultiPoint"",""coordinates"":[]}"
20240824090000,2024-08-24 09:00,0.0,"{""type"":""MultiPoint"",""coordinates"":[]}"
20240824093000,2024-08-24 09:30,0.0,"{""type"":""MultiPoint"",""coordinates"":[]}"
20240824100000,2024-08-24 10:00,0.0,"{""type"":""MultiPoint"",""coordinates"":[]}"
20240824103000,2024-08-24 10:30,0.0,"{""type"":""MultiPoint"",""coordinates"":[]}"
20240824110000,2024-08-24 11:00,0.0,"{""type"":""MultiPoint"",""coordinates"":[]}"
20240824113000,2024-08-24 11:30,0.0,"{""type"":""MultiPoint"",""coordinates"":[]}"
20240824120000,2024-08-24 12:00,0.0,"{""type"":""MultiPoint"",""coordinates"":[]}"
20240824123000,2024-08-24 12:30,0.23999999463558197,"{""type"":""MultiPoint"",""coordinates"":[]}"
20240824130000,2024-08-24 13:00,0.2800000011920929,"{""type"":""MultiPoint"",""coordinates"":[]}"
20240824133000,2024-08-24 13:30,0.07999999821186066,"{""type"":""MultiPoint"",""coordinates"":[]}"
20240824140000,2024-08-24 14:00,0.07999999821186066,"{""type"":""MultiPoint"",""coordinates"":[]}"
20240824143000,2024-08-24 14:30,0.0,"{""type"":""MultiPoint"",""coordinates"":[]}"
20240824150000,2024-08-24 15:00,0.0,"{""type"":""MultiPoint"",""coordinates"":[]}"
20240824153000,2024-08-24 15:30,0.04999999701976776,"{""type"":""MultiPoint"",""coordinates"":[]}"
20240824160000,2024-08-24 16:00,0.0,"{""type"":""MultiPoint"",""coordinates"":[]}"
20240824163000,2024-08-24 16:30,0.0,"{""type"":""MultiPoint"",""coordinates"":[]}"
20240824170000,2024-08-24 17:00,0.0,"{""type"":""MultiPoint"",""coordinates"":[]}"
20240824173000,2024-08-24 17:30,0.0,"{""type"":""MultiPoint"",""coordinates"":[]}"
20240824180000,2024-08-24 18:00,0.0,"{""type"":""MultiPoint"",""coordinates"":[]}"
20240824183000,2024-08-24 18:30,0.0,"{""type"":""MultiPoint"",""coordinates"":[]}"
20240824190000,2024-08-24 19:00,0.0,"{""type"":""MultiPoint"",""coordinates"":[]}"
20240824193000,2024-08-24 19:30,0.550000011920929,"{""type"":""MultiPoint"",""coordinates"":[]}"
20240824200000,2024-08-24 20:00,0.5799999833106995,"{""type"":""MultiPoint"",""coordinates"":[]}"
20240824203000,2024-08-24 20:30,0.17999999225139618,"{""type"":""MultiPoint"",""coordinates"":[]}"
20240824210000,2024-08-24 21:00,0.17000000178813934,"{""type"":""MultiPoint"",""coordinates"":[]}"
20240824213000,2024-08-24 21:30,2.0999999046325684,"{""type"":""MultiPoint"",""coordinates"":[]}"
20240824220000,2024-08-24 22:00,1.0399999618530273,"{""type"":""MultiPoint"",""coordinates"":[]}"
20240824223000,2024-08-24 22:30,0.0,"{""type"":""MultiPoint"",""coordinates"":[]}"
20240824230000,2024-08-24 23:00,0.0,"{""type"":""MultiPoint"",""coordinates"":[]}"
20240824233000,2024-08-24 23:30,0.07999999821186066,"{""type"":""MultiPoint"",""coordinates"":[]}"
20240825000000,2024-08-25 00:00,0.0,"{""type"":""MultiPoint"",""coordinates"":[]}"
20240825003000,2024-08-25 00:30,0.0,"{""type"":""MultiPoint"",""coordinates"":[]}"
20240825010000,2024-08-25 01:00,0.0,"{""type"":""MultiPoint"",""coordinates"":[]}"
20240825013000,2024-08-25 01:30,0.17000000178813934,"{""type"":""MultiPoint"",""coordinates"":[]}"
20240825020000,2024-08-25 02:00,0.0,"{""type"":""MultiPoint"",""coordinates"":[]}"
20240825023000,2024-08-25 02:30,0.0,"{""type"":""MultiPoint"",""coordinates"":[]}"
20240825030000,2024-08-25 03:00,0.0,"{""type"":""MultiPoint"",""coordinates"":[]}"
20240825033000,2024-08-25 03:30,0.0,"{""type"":""MultiPoint"",""coordinates"":[]}"
20240825040000,2024-08-25 04:00,0.0,"{""type"":""MultiPoint"",""coordinates"":[]}"
20240825043000,2024-08-25 04:30,0.0,"{""type"":""MultiPoint"",""coordinates"":[]}"
20240825050000,2024-08-25 05:00,0.0,"{""type"":""MultiPoint"",""coordinates"":[]}"
20240825053000,2024-08-25 05:30,0.0,"{""type"":""MultiPoint"",""coordinates"":[]}"
20240825060000,2024-08-25 06:00,0.3999999761581421,"{""type"":""MultiPoint"",""coordinates"":[]}"
20240825063000,2024-08-25 06:30,0.5199999809265137,"{""type"":""MultiPoint"",""coordinates"":[]}"
20240825070000,2024-08-25 07:00,1.209999918937683,"{""type"":""MultiPoint"",""coordinates"":[]}"
20240825073000,2024-08-25 07:30,1.8700000047683716,"{""type"":""MultiPoint"",""coordinates"":[]}"
20240825080000,2024-08-25 08:00,2.619999885559082,"{""type"":""MultiPoint"",""coordinates"":[]}"
20240825083000,2024-08-25 08:30,3.379999876022339,"{""type"":""MultiPoint"",""coordinates"":[]}"
20240825090000,2024-08-25 09:00,2.569999933242798,"{""type"":""MultiPoint"",""coordinates"":[]}"
20240825093000,2024-08-25 09:30,2.0199999809265137,"{""type"":""MultiPoint"",""coordinates"":[]}"
20240825100000,2024-08-25 10:00,12.529999732971191,"{""type"":""MultiPoint"",""coordinates"":[]}"
20240825103000,2024-08-25 10:30,6.150000095367432,"{""type"":""MultiPoint"",""coordinates"":[]}"
20240825110000,2024-08-25 11:00,8.399999618530273,"{""type"":""MultiPoint"",""coordinates"":[]}"
20240825113000,2024-08-25 11:30,8.389999389648438,"{""type"":""MultiPoint"",""coordinates"":[]}"
20240825120000,2024-08-25 12:00,9.829999923706055,"{""type"":""MultiPoint"",""coordinates"":[]}"
20240825123000,2024-08-25 12:30,6.509999752044678,"{""type"":""MultiPoint"",""coordinates"":[]}"
20240825130000,2024-08-25 13:00,2.5999999046325684,"{""type"":""MultiPoint"",""coordinates"":[]}"
20240825133000,2024-08-25 13:30,1.0699999332427979,"{""type"":""MultiPoint"",""coordinates"":[]}"
20240825140000,2024-08-25 14:00,0.6499999761581421,"{""type"":""MultiPoint"",""coordinates"":[]}"
20240825143000,2024-08-25 14:30,0.09999999403953552,"{""type"":""MultiPoint"",""coordinates"":[]}"
20240825150000,2024-08-25 15:00,0.32999998331069946,"{""type"":""MultiPoint"",""coordinates"":[]}"
20240825153000,2024-08-25 15:30,0.5699999928474426,"{""type"":""MultiPoint"",""coordinates"":[]}"
20240825160000,2024-08-25 16:00,0.19999998807907104,"{""type"":""MultiPoint"",""coordinates"":[]}"
20240825163000,2024-08-25 16:30,0.14999999105930328,"{""type"":""MultiPoint"",""coordinates"":[]}"
20240825170000,2024-08-25 17:00,0.14999999105930328,"{""type"":""MultiPoint"",""coordinates"":[]}"
20240825173000,2024-08-25 17:30,0.09999999403953552,"{""type"":""MultiPoint"",""coordinates"":[]}"
20240825180000,2024-08-25 18:00,0.07999999821186066,"{""type"":""MultiPoint"",""coordinates"":[]}"
20240825183000,2024-08-25 18:30,0.0,"{""type"":""MultiPoint"",""coordinates"":[]}"
20240825190000,2024-08-25 19:00,0.0,"{""type"":""MultiPoint"",""coordinates"":[]}"
20240825193000,2024-08-25 19:30,0.0,"{""type"":""MultiPoint"",""coordinates"":[]}"
20240825200000,2024-08-25 20:00,0.0,"{""type"":""MultiPoint"",""coordinates"":[]}"
20240825203000,2024-08-25 20:30,0.0,"{""type"":""MultiPoint"",""coordinates"":[]}"
20240825210000,2024-08-25 21:00,0.0,"{""type"":""MultiPoint"",""coordinates"":[]}"
20240825213000,2024-08-25 21:30,0.0,"{""type"":""MultiPoint"",""coordinates"":[]}"
20240825220000,2024-08-25 22:00,0.11999999731779099,"{""type"":""MultiPoint"",""coordinates"":[]}"
20240825223000,2024-08-25 22:30,0.2800000011920929,"{""type"":""MultiPoint"",""coordinates"":[]}"
20240825230000,2024-08-25 23:00,0.47999998927116394,"{""type"":""MultiPoint"",""coordinates"":[]}"
20240825233000,2024-08-25 23:30,0.14999999105930328,"{""type"":""MultiPoint"",""coordinates"":[]}"
20240826000000,2024-08-26 00:00,0.09999999403953552,"{""type"":""MultiPoint"",""coordinates"":[]}"
20240826003000,2024-08-26 00:30,0.07000000029802322,"{""type"":""MultiPoint"",""coordinates"":[]}"
20240826010000,2024-08-26 01:00,0.08999999612569809,"{""type"":""MultiPoint"",""coordinates"":[]}"
20240826013000,2024-08-26 01:30,0.0,"{""type"":""MultiPoint"",""coordinates"":[]}"
20240826020000,2024-08-26 02:00,0.0,"{""type"":""MultiPoint"",""coordinates"":[]}"
20240826023000,2024-08-26 02:30,0.0,"{""type"":""MultiPoint"",""coordinates"":[]}"
20240826030000,2024-08-26 03:00,0.0,"{""type"":""MultiPoint"",""coordinates"":[]}"
20240826033000,2024-08-26 03:30,0.0,"{""type"":""MultiPoint"",""coordinates"":[]}"
20240826040000,2024-08-26 04:00,0.0,"{""type"":""MultiPoint"",""coordinates"":[]}"
20240826043000,2024-08-26 04:30,0.0,"{""type"":""MultiPoint"",""coordinates"":[]}"
20240826050000,2024-08-26 05:00,0.0,"{""type"":""MultiPoint"",""coordinates"":[]}"
20240826053000,2024-08-26 05:30,0.0,"{""type"":""MultiPoint"",""coordinates"":[]}"
20240826060000,2024-08-26 06:00,0.0,"{""type"":""MultiPoint"",""coordinates"":[]}"
20240826063000,2024-08-26 06:30,0.0,"{""type"":""MultiPoint"",""coordinates"":[]}"
20240826070000,2024-08-26 07:00,0.0,"{""type"":""MultiPoint"",""coordinates"":[]}"
20240826073000,2024-08-26 07:30,0.0,"{""type"":""MultiPoint"",""coordinates"":[]}"
20240826080000,2024-08-26 08:00,0.0,"{""type"":""MultiPoint"",""coordinates"":[]}"
20240826083000,2024-08-26 08:30,0.0,"{""type"":""MultiPoint"",""coordinates"":[]}"
20240826090000,2024-08-26 09:00,0.0,"{""type"":""MultiPoint"",""coordinates"":[]}"
20240826093000,2024-08-26 09:30,0.0,"{""type"":""MultiPoint"",""coordinates"":[]}"
20240826100000,2024-08-26 10:00,0.0,"{""type"":""MultiPoint"",""coordinates"":[]}"
20240826103000,2024-08-26 10:30,0.0,"{""type"":""MultiPoint"",""coordinates"":[]}"
20240826110000,2024-08-26 11:00,0.0,"{""type"":""MultiPoint"",""coordinates"":[]}"
20240826113000,2024-08-26 11:30,0.0,"{""type"":""MultiPoint"",""coordinates"":[]}"
20240826120000,2024-08-26 12:00,0.0,"{""type"":""MultiPoint"",""coordinates"":[]}"
20240826123000,2024-08-26 12:30,0.0,"{""type"":""MultiPoint"",""coordinates"":[]}"
20240826130000,2024-08-26 13:00,0.0,"{""type"":""MultiPoint"",""coordinates"":[]}"
20240826133000,2024-08-26 13:30,0.0,"{""type"":""MultiPoint"",""coordinates"":[]}"
20240826140000,2024-08-26 14:00,0.0,"{""type"":""MultiPoint"",""coordinates"":[]}"
20240826143000,2024-08-26 14:30,0.0,"{""type"":""MultiPoint"",""coordinates"":[]}"
20240826150000,2024-08-26 15:00,0.0,"{""type"":""MultiPoint"",""coordinates"":[]}"
20240826153000,2024-08-26 15:30,0.0,"{""type"":""MultiPoint"",""coordinates"":[]}"
20240826160000,2024-08-26 16:00,0.0,"{""type"":""MultiPoint"",""coordinates"":[]}"
20240826163000,2024-08-26 16:30,0.0,"{""type"":""MultiPoint"",""coordinates"":[]}"
20240826170000,2024-08-26 17:00,0.0,"{""type"":""MultiPoint"",""coordinates"":[]}"
20240826173000,2024-08-26 17:30,0.0,"{""type"":""MultiPoint"",""coordinates"":[]}"
20240826180000,2024-08-26 18:00,0.0,"{""type"":""MultiPoint"",""coordinates"":[]}"
20240826183000,2024-08-26 18:30,0.0,"{""type"":""MultiPoint"",""coordinates"":[]}"
20240826190000,2024-08-26 19:00,0.0,"{""type"":""MultiPoint"",""coordinates"":[]}"
20240826193000,2024-08-26 19:30,0.0,"{""type"":""MultiPoint"",""coordinates"":[]}"
20240826200000,2024-08-26 20:00,0.0,"{""type"":""MultiPoint"",""coordinates"":[]}"
20240826203000,2024-08-26 20:30,0.0,"{""type"":""MultiPoint"",""coordinates"":[]}"
20240826210000,2024-08-26 21:00,0.0,"{""type"":""MultiPoint"",""coordinates"":[]}"
20240826213000,2024-08-26 21:30,0.0,"{""type"":""MultiPoint"",""coordinates"":[]}"
20240826220000,2024-08-26 22:00,0.0,"{""type"":""MultiPoint"",""coordinates"":[]}"
20240826223000,2024-08-26 22:30,0.0,"{""type"":""MultiPoint"",""coordinates"":[]}"
20240826230000,2024-08-26 23:00,0.0,"{""type"":""MultiPoint"",""coordinates"":[]}"
20240826233000,2024-08-26 23:30,0.0,"{""type"":""MultiPoint"",""coordinates"":[]}"
20240827000000,2024-08-27 00:00,0.0,"{""type"":""MultiPoint"",""coordinates"":[]}"
20240827003000,2024-08-27 00:30,0.0,"{""type"":""MultiPoint"",""coordinates"":[]}"
20240827010000,2024-08-27 01:00,0.0,"{""type"":""MultiPoint"",""coordinates"":[]}"
20240827013000,2024-08-27 01:30,0.0,"{""type"":""MultiPoint"",""coordinates"":[]}"
20240827020000,2024-08-27 02:00,0.0,"{""type"":""MultiPoint"",""coordinates"":[]}"
20240827023000,2024-08-27 02:30,0.0,"{""type"":""MultiPoint"",""coordinates"":[]}"
20240827030000,2024-08-27 03:00,0.0,"{""type"":""MultiPoint"",""coordinates"":[]}"
20240827033000,2024-08-27 03:30,0.0,"{""type"":""MultiPoint"",""coordinates"":[]}"
20240827040000,2024-08-27 04:00,0.0,"{""type"":""MultiPoint"",""coordinates"":[]}"
20240827043000,2024-08-27 04:30,0.0,"{""type"":""MultiPoint"",""coordinates"":[]}"
20240827050000,2024-08-27 05:00,0.0,"{""type"":""MultiPoint"",""coordinates"":[]}"
20240827053000,2024-08-27 05:30,0.0,"{""type"":""MultiPoint"",""coordinates"":[]}"
20240827060000,2024-08-27 06:00,0.0,"{""type"":""MultiPoint"",""coordinates"":[]}"
20240827063000,2024-08-27 06:30,0.0,"{""type"":""MultiPoint"",""coordinates"":[]}"
20240827070000,2024-08-27 07:00,0.0,"{""type"":""MultiPoint"",""coordinates"":[]}"
20240827073000,2024-08-27 07:30,0.0,"{""type"":""MultiPoint"",""coordinates"":[]}"
20240827080000,2024-08-27 08:00,0.0,"{""type"":""MultiPoint"",""coordinates"":[]}"
20240827083000,2024-08-27 08:30,0.0,"{""type"":""MultiPoint"",""coordinates"":[]}"
20240827090000,2024-08-27 09:00,0.0,"{""type"":""MultiPoint"",""coordinates"":[]}"
20240827093000,2024-08-27 09:30,0.0,"{""type"":""MultiPoint"",""coordinates"":[]}"
20240827100000,2024-08-27 10:00,0.0,"{""type"":""MultiPoint"",""coordinates"":[]}"
20240827103000,2024-08-27 10:30,0.0,"{""type"":""MultiPoint"",""coordinates"":[]}"
20240827110000,2024-08-27 11:00,0.0,"{""type"":""MultiPoint"",""coordinates"":[]}"
20240827113000,2024-08-27 11:30,0.0,"{""type"":""MultiPoint"",""coordinates"":[]}"
20240827120000,2024-08-27 12:00,0.0,"{""type"":""MultiPoint"",""coordinates"":[]}"
20240827123000,2024-08-27 12:30,0.0,"{""type"":""MultiPoint"",""coordinates"":[]}"
20240827130000,2024-08-27 13:00,0.0,"{""type"":""MultiPoint"",""coordinates"":[]}"
20240827133000,2024-08-27 13:30,0.0,"{""type"":""MultiPoint"",""coordinates"":[]}"
20240827140000,2024-08-27 14:00,0.0,"{""type"":""MultiPoint"",""coordinates"":[]}"
20240827143000,2024-08-27 14:30,0.0,"{""type"":""MultiPoint"",""coordinates"":[]}"
20240827150000,2024-08-27 15:00,0.0,"{""type"":""MultiPoint"",""coordinates"":[]}"
20240827153000,2024-08-27 15:30,0.0,"{""type"":""MultiPoint"",""coordinates"":[]}"
20240827160000,2024-08-27 16:00,0.07000000029802322,"{""type"":""MultiPoint"",""coordinates"":[]}"
20240827163000,2024-08-27 16:30,0.05999999865889549,"{""type"":""MultiPoint"",""coordinates"":[]}"
20240827170000,2024-08-27 17:00,0.0,"{""type"":""MultiPoint"",""coordinates"":[]}"
20240827173000,2024-08-27 17:30,1.0799999237060547,"{""type"":""MultiPoint"",""coordinates"":[]}"
20240827180000,2024-08-27 18:00,0.029999999329447746,"{""type"":""MultiPoint"",""coordinates"":[]}"
20240827183000,2024-08-27 18:30,0.0,"{""type"":""MultiPoint"",""coordinates"":[]}"
20240827190000,2024-08-27 19:00,0.0,"{""type"":""MultiPoint"",""coordinates"":[]}"
20240827193000,2024-08-27 19:30,0.0,"{""type"":""MultiPoint"",""coordinates"":[]}"
20240827200000,2024-08-27 20:00,0.0,"{""type"":""MultiPoint"",""coordinates"":[]}"
20240827203000,2024-08-27 20:30,0.0,"{""type"":""MultiPoint"",""coordinates"":[]}"
20240827210000,2024-08-27 21:00,0.0,"{""type"":""MultiPoint"",""coordinates"":[]}"
20240827213000,2024-08-27 21:30,0.0,"{""type"":""MultiPoint"",""coordinates"":[]}"
20240827220000,2024-08-27 22:00,0.0,"{""type"":""MultiPoint"",""coordinates"":[]}"
20240827223000,2024-08-27 22:30,0.0,"{""type"":""MultiPoint"",""coordinates"":[]}"
20240827230000,2024-08-27 23:00,0.0,"{""type"":""MultiPoint"",""coordinates"":[]}"
20240827233000,2024-08-27 23:30,0.0,"{""type"":""MultiPoint"",""coordinates"":[]}"
20240828000000,2024-08-28 00:00,0.0,"{""type"":""MultiPoint"",""coordinates"":[]}"
20240828003000,2024-08-28 00:30,0.0,"{""type"":""MultiPoint"",""coordinates"":[]}"
20240828010000,2024-08-28 01:00,0.0,"{""type"":""MultiPoint"",""coordinates"":[]}"
20240828013000,2024-08-28 01:30,0.0,"{""type"":""MultiPoint"",""coordinates"":[]}"
20240828020000,2024-08-28 02:00,0.0,"{""type"":""MultiPoint"",""coordinates"":[]}"
20240828023000,2024-08-28 02:30,0.0,"{""type"":""MultiPoint"",""coordinates"":[]}"
20240828030000,2024-08-28 03:00,0.0,"{""type"":""MultiPoint"",""coordinates"":[]}"
20240828033000,2024-08-28 03:30,0.0,"{""type"":""MultiPoint"",""coordinates"":[]}"
20240828040000,2024-08-28 04:00,0.0,"{""type"":""MultiPoint"",""coordinates"":[]}"
20240828043000,2024-08-28 04:30,0.0,"{""type"":""MultiPoint"",""coordinates"":[]}"
20240828050000,2024-08-28 05:00,0.0,"{""type"":""MultiPoint"",""coordinates"":[]}"
20240828053000,2024-08-28 05:30,0.0,"{""type"":""MultiPoint"",""coordinates"":[]}"
20240828060000,2024-08-28 06:00,0.0,"{""type"":""MultiPoint"",""coordinates"":[]}"
20240828063000,2024-08-28 06:30,0.0,"{""type"":""MultiPoint"",""coordinates"":[]}"
20240828070000,2024-08-28 07:00,0.0,"{""type"":""MultiPoint"",""coordinates"":[]}"
20240828073000,2024-08-28 07:30,0.0,"{""type"":""MultiPoint"",""coordinates"":[]}"
20240828080000,2024-08-28 08:00,0.0,"{""type"":""MultiPoint"",""coordinates"":[]}"
20240828083000,2024-08-28 08:30,0.0,"{""type"":""MultiPoint"",""coordinates"":[]}"
20240828090000,2024-08-28 09:00,0.0,"{""type"":""MultiPoint"",""coordinates"":[]}"
20240828093000,2024-08-28 09:30,0.0,"{""type"":""MultiPoint"",""coordinates"":[]}"
20240828100000,2024-08-28 10:00,0.0,"{""type"":""MultiPoint"",""coordinates"":[]}"
20240828103000,2024-08-28 10:30,0.0,"{""type"":""MultiPoint"",""coordinates"":[]}"
20240828110000,2024-08-28 11:00,0.0,"{""type"":""MultiPoint"",""coordinates"":[]}"
20240828113000,2024-08-28 11:30,0.26999998092651367,"{""type"":""MultiPoint"",""coordinates"":[]}"
20240828120000,2024-08-28 12:00,0.26999998092651367,"{""type"":""MultiPoint"",""coordinates"":[]}"
20240828123000,2024-08-28 12:30,0.41999998688697815,"{""type"":""MultiPoint"",""coordinates"":[]}"
20240828130000,2024-08-28 13:00,0.11999999731779099,"{""type"":""MultiPoint"",""coordinates"":[]}"
20240828133000,2024-08-28 13:30,0.03999999910593033,"{""type"":""MultiPoint"",""coordinates"":[]}"
20240828140000,2024-08-28 14:00,0.0,"{""type"":""MultiPoint"",""coordinates"":[]}"
20240828143000,2024-08-28 14:30,0.0,"{""type"":""MultiPoint"",""coordinates"":[]}"
20240828150000,2024-08-28 15:00,0.0,"{""type"":""MultiPoint"",""coordinates"":[]}"
20240828153000,2024-08-28 15:30,0.0,"{""type"":""MultiPoint"",""coordinates"":[]}"
20240828160000,2024-08-28 16:00,0.0,"{""type"":""MultiPoint"",""coordinates"":[]}"
20240828163000,2024-08-28 16:30,0.0,"{""type"":""MultiPoint"",""coordinates"":[]}"
20240828170000,2024-08-28 17:00,0.0,"{""type"":""MultiPoint"",""coordinates"":[]}"
20240828173000,2024-08-28 17:30,0.0,"{""type"":""MultiPoint"",""coordinates"":[]}"
20240828180000,2024-08-28 18:00,0.0,"{""type"":""MultiPoint"",""coordinates"":[]}"
20240828183000,2024-08-28 18:30,0.0,"{""type"":""MultiPoint"",""coordinates"":[]}"
20240828190000,2024-08-28 19:00,0.0,"{""type"":""MultiPoint"",""coordinates"":[]}"
20240828193000,2024-08-28 19:30,0.0,"{""type"":""MultiPoint"",""coordinates"":[]}"
20240828200000,2024-08-28 20:00,0.0,"{""type"":""MultiPoint"",""coordinates"":[]}"
20240828203000,2024-08-28 20:30,0.0,"{""type"":""MultiPoint"",""coordinates"":[]}"
20240828210000,2024-08-28 21:00,0.08999999612569809,"{""type"":""MultiPoint"",""coordinates"":[]}"
20240828213000,2024-08-28 21:30,0.0,"{""type"":""MultiPoint"",""coordinates"":[]}"
20240828220000,2024-08-28 22:00,0.11999999731779099,"{""type"":""MultiPoint"",""coordinates"":[]}"
20240828223000,2024-08-28 22:30,0.0,"{""type"":""MultiPoint"",""coordinates"":[]}"
20240828230000,2024-08-28 23:00,0.0,"{""type"":""MultiPoint"",""coordinates"":[]}"
20240828233000,2024-08-28 23:30,0.0,"{""type"":""MultiPoint"",""coordinates"":[]}"
20240829000000,2024-08-29 00:00,0.0,"{""type"":""MultiPoint"",""coordinates"":[]}"
20240829003000,2024-08-29 00:30,0.0,"{""type"":""MultiPoint"",""coordinates"":[]}"
20240829010000,2024-08-29 01:00,0.0,"{""type"":""MultiPoint"",""coordinates"":[]}"
20240829013000,2024-08-29 01:30,0.0,"{""type"":""MultiPoint"",""coordinates"":[]}"
20240829020000,2024-08-29 02:00,0.0,"{""type"":""MultiPoint"",""coordinates"":[]}"
20240829023000,2024-08-29 02:30,0.0,"{""type"":""MultiPoint"",""coordinates"":[]}"
20240829030000,2024-08-29 03:00,0.0,"{""type"":""MultiPoint"",""coordinates"":[]}"
20240829033000,2024-08-29 03:30,0.019999999552965164,"{""type"":""MultiPoint"",""coordinates"":[]}"
20240829040000,2024-08-29 04:00,0.0,"{""type"":""MultiPoint"",""coordinates"":[]}"
20240829043000,2024-08-29 04:30,0.0,"{""type"":""MultiPoint"",""coordinates"":[]}"
20240829050000,2024-08-29 05:00,0.0,"{""type"":""MultiPoint"",""coordinates"":[]}"
20240829053000,2024-08-29 05:30,0.0,"{""type"":""MultiPoint"",""coordinates"":[]}"
20240829060000,2024-08-29 06:00,0.0,"{""type"":""MultiPoint"",""coordinates"":[]}"
20240829063000,2024-08-29 06:30,0.0,"{""type"":""MultiPoint"",""coordinates"":[]}"
20240829070000,2024-08-29 07:00,0.6100000143051147,"{""type"":""MultiPoint"",""coordinates"":[]}"
20240829073000,2024-08-29 07:30,0.0,"{""type"":""MultiPoint"",""coordinates"":[]}"
20240829080000,2024-08-29 08:00,0.0,"{""type"":""MultiPoint"",""coordinates"":[]}"
20240829083000,2024-08-29 08:30,0.0,"{""type"":""MultiPoint"",""coordinates"":[]}"
20240829090000,2024-08-29 09:00,0.0,"{""type"":""MultiPoint"",""coordinates"":[]}"
20240829093000,2024-08-29 09:30,0.0,"{""type"":""MultiPoint"",""coordinates"":[]}"
20240829100000,2024-08-29 10:00,0.0,"{""type"":""MultiPoint"",""coordinates"":[]}"
20240829103000,2024-08-29 10:30,0.26999998092651367,"{""type"":""MultiPoint"",""coordinates"":[]}"
20240829110000,2024-08-29 11:00,0.0,"{""type"":""MultiPoint"",""coordinates"":[]}"
20240829113000,2024-08-29 11:30,0.25999999046325684,"{""type"":""MultiPoint"",""coordinates"":[]}"
20240829120000,2024-08-29 12:00,0.85999995470047,"{""type"":""MultiPoint"",""coordinates"":[]}"
20240829123000,2024-08-29 12:30,2.0199999809265137,"{""type"":""MultiPoint"",""coordinates"":[]}"
20240829130000,2024-08-29 13:00,3.9499998092651367,"{""type"":""MultiPoint"",""coordinates"":[]}"
20240829133000,2024-08-29 13:30,9.619999885559082,"{""type"":""MultiPoint"",""coordinates"":[]}"
20240829140000,2024-08-29 14:00,13.609999656677246,"{""type"":""MultiPoint"",""coordinates"":[]}"
20240829143000,2024-08-29 14:30,9.229999542236328,"{""type"":""MultiPoint"",""coordinates"":[]}"
20240829150000,2024-08-29 15:00,9.170000076293945,"{""type"":""MultiPoint"",""coordinates"":[]}"
20240829153000,2024-08-29 15:30,7.919999599456787,"{""type"":""MultiPoint"",""coordinates"":[]}"
20240829160000,2024-08-29 16:00,4.670000076293945,"{""type"":""MultiPoint"",""coordinates"":[]}"
20240829163000,2024-08-29 16:30,4.099999904632568,"{""type"":""MultiPoint"",""coordinates"":[]}"
20240829170000,2024-08-29 17:00,2.559999942779541,"{""type"":""MultiPoint"",""coordinates"":[]}"
20240829173000,2024-08-29 17:30,1.2999999523162842,"{""type"":""MultiPoint"",""coordinates"":[]}"
20240829180000,2024-08-29 18:00,1.0,"{""type"":""MultiPoint"",""coordinates"":[]}"
20240829183000,2024-08-29 18:30,0.10999999940395355,"{""type"":""MultiPoint"",""coordinates"":[]}"
20240829190000,2024-08-29 19:00,0.019999999552965164,"{""type"":""MultiPoint"",""coordinates"":[]}"
20240829193000,2024-08-29 19:30,0.04999999701976776,"{""type"":""MultiPoint"",""coordinates"":[]}"
20240829200000,2024-08-29 20:00,0.0,"{""type"":""MultiPoint"",""coordinates"":[]}"
20240829203000,2024-08-29 20:30,0.0,"{""type"":""MultiPoint"",""coordinates"":[]}"
20240829210000,2024-08-29 21:00,0.0,"{""type"":""MultiPoint"",""coordinates"":[]}"
20240829213000,2024-08-29 21:30,0.0,"{""type"":""MultiPoint"",""coordinates"":[]}"
20240829220000,2024-08-29 22:00,0.0,"{""type"":""MultiPoint"",""coordinates"":[]}"
20240829223000,2024-08-29 22:30,0.0,"{""type"":""MultiPoint"",""coordinates"":[]}"
20240829230000,2024-08-29 23:00,0.0,"{""type"":""MultiPoint"",""coordinates"":[]}"
20240829233000,2024-08-29 23:30,0.0,"{""type"":""MultiPoint"",""coordinates"":[]}"
20240830000000,2024-08-30 00:00,0.0,"{""type"":""MultiPoint"",""coordinates"":[]}"
20240830003000,2024-08-30 00:30,0.0,"{""type"":""MultiPoint"",""coordinates"":[]}"
20240830010000,2024-08-30 01:00,0.0,"{""type"":""MultiPoint"",""coordinates"":[]}"
20240830013000,2024-08-30 01:30,0.0,"{""type"":""MultiPoint"",""coordinates"":[]}"
20240830020000,2024-08-30 02:00,0.07999999821186066,"{""type"":""MultiPoint"",""coordinates"":[]}"
20240830023000,2024-08-30 02:30,0.0,"{""type"":""MultiPoint"",""coordinates"":[]}"
20240830030000,2024-08-30 03:00,0.0,"{""type"":""MultiPoint"",""coordinates"":[]}"
20240830033000,2024-08-30 03:30,0.0,"{""type"":""MultiPoint"",""coordinates"":[]}"
20240830040000,2024-08-30 04:00,0.0,"{""type"":""MultiPoint"",""coordinates"":[]}"
20240830043000,2024-08-30 04:30,0.0,"{""type"":""MultiPoint"",""coordinates"":[]}"
20240830050000,2024-08-30 05:00,0.0,"{""type"":""MultiPoint"",""coordinates"":[]}"
20240830053000,2024-08-30 05:30,0.0,"{""type"":""MultiPoint"",""coordinates"":[]}"
20240830060000,2024-08-30 06:00,0.0,"{""type"":""MultiPoint"",""coordinates"":[]}"
20240830063000,2024-08-30 06:30,0.0,"{""type"":""MultiPoint"",""coordinates"":[]}"
20240830070000,2024-08-30 07:00,0.0,"{""type"":""MultiPoint"",""coordinates"":[]}"
20240830073000,2024-08-30 07:30,0.23999999463558197,"{""type"":""MultiPoint"",""coordinates"":[]}"
20240830080000,2024-08-30 08:00,0.3100000023841858,"{""type"":""MultiPoint"",""coordinates"":[]}"
20240830083000,2024-08-30 08:30,0.1899999976158142,"{""type"":""MultiPoint"",""coordinates"":[]}"
20240830090000,2024-08-30 09:00,0.0,"{""type"":""MultiPoint"",""coordinates"":[]}"
20240830093000,2024-08-30 09:30,0.0,"{""type"":""MultiPoint"",""coordinates"":[]}"
20240830100000,2024-08-30 10:00,0.0,"{""type"":""MultiPoint"",""coordinates"":[]}"
20240830103000,2024-08-30 10:30,0.0,"{""type"":""MultiPoint"",""coordinates"":[]}"
20240830110000,2024-08-30 11:00,0.0,"{""type"":""MultiPoint"",""coordinates"":[]}"
20240830113000,2024-08-30 11:30,0.0,"{""type"":""MultiPoint"",""coordinates"":[]}"
20240830120000,2024-08-30 12:00,0.3999999761581421,"{""type"":""MultiPoint"",""coordinates"":[]}"
20240830123000,2024-08-30 12:30,0.0,"{""type"":""MultiPoint"",""coordinates"":[]}"
20240830130000,2024-08-30 13:00,0.0,"{""type"":""MultiPoint"",""coordinates"":[]}"
20240830133000,2024-08-30 13:30,0.0,"{""type"":""MultiPoint"",""coordinates"":[]}"
20240830140000,2024-08-30 14:00,0.0,"{""type"":""MultiPoint"",""coordinates"":[]}"
20240830143000,2024-08-30 14:30,0.0,"{""type"":""MultiPoint"",""coordinates"":[]}"
20240830150000,2024-08-30 15:00,0.0,"{""type"":""MultiPoint"",""coordinates"":[]}"
20240830153000,2024-08-30 15:30,0.0,"{""type"":""MultiPoint"",""coordinates"":[]}"
20240830160000,2024-08-30 16:00,0.0,"{""type"":""MultiPoint"",""coordinates"":[]}"
20240830163000,2024-08-30 16:30,0.0,"{""type"":""MultiPoint"",""coordinates"":[]}"
20240830170000,2024-08-30 17:00,0.9699999690055847,"{""type"":""MultiPoint"",""coordinates"":[]}"
20240830173000,2024-08-30 17:30,0.35999998450279236,"{""type"":""MultiPoint"",""coordinates"":[]}"
20240830180000,2024-08-30 18:00,0.0,"{""type"":""MultiPoint"",""coordinates"":[]}"
20240830183000,2024-08-30 18:30,0.0,"{""type"":""MultiPoint"",""coordinates"":[]}"
20240830190000,2024-08-30 19:00,0.0,"{""type"":""MultiPoint"",""coordinates"":[]}"
20240830193000,2024-08-30 19:30,0.0,"{""type"":""MultiPoint"",""coordinates"":[]}"
20240830200000,2024-08-30 20:00,0.0,"{""type"":""MultiPoint"",""coordinates"":[]}"
20240830203000,2024-08-30 20:30,0.0,"{""type"":""MultiPoint"",""coordinates"":[]}"
20240830210000,2024-08-30 21:00,0.0,"{""type"":""MultiPoint"",""coordinates"":[]}"
20240830213000,2024-08-30 21:30,0.0,"{""type"":""MultiPoint"",""coordinates"":[]}"
20240830220000,2024-08-30 22:00,0.0,"{""type"":""MultiPoint"",""coordinates"":[]}"
20240830223000,2024-08-30 22:30,0.0,"{""type"":""MultiPoint"",""coordinates"":[]}"
20240830230000,2024-08-30 23:00,0.0,"{""type"":""MultiPoint"",""coordinates"":[]}"
20240830233000,2024-08-30 23:30,0.0,"{""type"":""MultiPoint"",""coordinates"":[]}"
20240831000000,2024-08-31 00:00,0.38999998569488525,"{""type"":""MultiPoint"",""coordinates"":[]}"
20240831003000,2024-08-31 00:30,0.0,"{""type"":""MultiPoint"",""coordinates"":[]}"
20240831010000,2024-08-31 01:00,0.0,"{""type"":""MultiPoint"",""coordinates"":[]}"
20240831013000,2024-08-31 01:30,0.0,"{""type"":""MultiPoint"",""coordinates"":[]}"
20240831020000,2024-08-31 02:00,0.0,"{""type"":""MultiPoint"",""coordinates"":[]}"
20240831023000,2024-08-31 02:30,0.0,"{""type"":""MultiPoint"",""coordinates"":[]}"
20240831030000,2024-08-31 03:00,0.0,"{""type"":""MultiPoint"",""coordinates"":[]}"
20240831033000,2024-08-31 03:30,0.0,"{""type"":""MultiPoint"",""coordinates"":[]}"
20240831040000,2024-08-31 04:00,0.0,"{""type"":""MultiPoint"",""coordinates"":[]}"
20240831043000,2024-08-31 04:30,0.0,"{""type"":""MultiPoint"",""coordinates"":[]}"
20240831050000,2024-08-31 05:00,0.0,"{""type"":""MultiPoint"",""coordinates"":[]}"
20240831053000,2024-08-31 05:30,0.0,"{""type"":""MultiPoint"",""coordinates"":[]}"
20240831060000,2024-08-31 06:00,0.0,"{""type"":""MultiPoint"",""coordinates"":[]}"
20240831063000,2024-08-31 06:30,0.0,"{""type"":""MultiPoint"",""coordinates"":[]}"
20240831070000,2024-08-31 07:00,0.0,"{""type"":""MultiPoint"",""coordinates"":[]}"
20240831073000,2024-08-31 07:30,0.0,"{""type"":""MultiPoint"",""coordinates"":[]}"
20240831080000,2024-08-31 08:00,0.0,"{""type"":""MultiPoint"",""coordinates"":[]}"
20240831083000,2024-08-31 08:30,0.0,"{""type"":""MultiPoint"",""coordinates"":[]}"
20240831090000,2024-08-31 09:00,0.0,"{""type"":""MultiPoint"",""coordinates"":[]}"
20240831093000,2024-08-31 09:30,0.0,"{""type"":""MultiPoint"",""coordinates"":[]}"
20240831100000,2024-08-31 10:00,0.0,"{""type"":""MultiPoint"",""coordinates"":[]}"
20240831103000,2024-08-31 10:30,0.0,"{""type"":""MultiPoint"",""coordinates"":[]}"
20240831110000,2024-08-31 11:00,0.0,"{""type"":""MultiPoint"",""coordinates"":[]}"
20240831113000,2024-08-31 11:30,0.0,"{""type"":""MultiPoint"",""coordinates"":[]}"
20240831120000,2024-08-31 12:00,0.0,"{""type"":""MultiPoint"",""coordinates"":[]}"
20240831123000,2024-08-31 12:30,0.3100000023841858,"{""type"":""MultiPoint"",""coordinates"":[]}"
20240831130000,2024-08-31 13:00,0.0,"{""type"":""MultiPoint"",""coordinates"":[]}"
20240831133000,2024-08-31 13:30,0.0,"{""type"":""MultiPoint"",""coordinates"":[]}"
20240831140000,2024-08-31 14:00,0.0,"{""type"":""MultiPoint"",""coordinates"":[]}"
20240831143000,2024-08-31 14:30,0.0,"{""type"":""MultiPoint"",""coordinates"":[]}"
20240831150000,2024-08-31 15:00,0.0,"{""type"":""MultiPoint"",""coordinates"":[]}"
20240831153000,2024-08-31 15:30,0.12999999523162842,"{""type"":""MultiPoint"",""coordinates"":[]}"
20240831160000,2024-08-31 16:00,0.4399999976158142,"{""type"":""MultiPoint"",""coordinates"":[]}"
20240831163000,2024-08-31 16:30,0.5399999618530273,"{""type"":""MultiPoint"",""coordinates"":[]}"
20240831170000,2024-08-31 17:00,0.38999998569488525,"{""type"":""MultiPoint"",""coordinates"":[]}"
20240831173000,2024-08-31 17:30,0.26999998092651367,"{""type"":""MultiPoint"",""coordinates"":[]}"
20240831180000,2024-08-31 18:00,0.07000000029802322,"{""type"":""MultiPoint"",""coordinates"":[]}"
20240831183000,2024-08-31 18:30,0.009999999776482582,"{""type"":""MultiPoint"",""coordinates"":[]}"
20240831190000,2024-08-31 19:00,0.0,"{""type"":""MultiPoint"",""coordinates"":[]}"
20240831193000,2024-08-31 19:30,0.0,"{""type"":""MultiPoint"",""coordinates"":[]}"
20240831200000,2024-08-31 20:00,0.0,"{""type"":""MultiPoint"",""coordinates"":[]}"
20240831203000,2024-08-31 20:30,0.0,"{""type"":""MultiPoint"",""coordinates"":[]}"
20240831210000,2024-08-31 21:00,0.0,"{""type"":""MultiPoint"",""coordinates"":[]}"
20240831213000,2024-08-31 21:30,0.0,"{""type"":""MultiPoint"",""coordinates"":[]}"
20240831220000,2024-08-31 22:00,0.0,"{""type"":""MultiPoint"",""coordinates"":[]}"
20240831223000,2024-08-31 22:30,0.1599999964237213,"{""type"":""MultiPoint"",""coordinates"":[]}"
20240831230000,2024-08-31 23:00,0.0,"{""type"":""MultiPoint"",""coordinates"":[]}"
20240831233000,2024-08-31 23:30,0.0,"{""type"":""MultiPoint"",""coordinates"":[]}"
20240901000000,2024-09-01 00:00,0.0,"{""type"":""MultiPoint"",""coordinates"":[]}"
20240901003000,2024-09-01 00:30,0.0,"{""type"":""MultiPoint"",""coordinates"":[]}"
20240901010000,2024-09-01 01:00,0.0,"{""type"":""MultiPoint"",""coordinates"":[]}"
20240901013000,2024-09-01 01:30,0.0,"{""type"":""MultiPoint"",""coordinates"":[]}"
20240901020000,2024-09-01 02:00,0.0,"{""type"":""MultiPoint"",""coordinates"":[]}"
20240901023000,2024-09-01 02:30,0.07000000029802322,"{""type"":""MultiPoint"",""coordinates"":[]}"
20240901030000,2024-09-01 03:00,0.07999999821186066,"{""type"":""MultiPoint"",""coordinates"":[]}"
20240901033000,2024-09-01 03:30,0.08999999612569809,"{""type"":""MultiPoint"",""coordinates"":[]}"
20240901040000,2024-09-01 04:00,0.0,"{""type"":""MultiPoint"",""coordinates"":[]}"
20240901043000,2024-09-01 04:30,0.0,"{""type"":""MultiPoint"",""coordinates"":[]}"
20240901050000,2024-09-01 05:00,0.0,"{""type"":""MultiPoint"",""coordinates"":[]}"
20240901053000,2024-09-01 05:30,0.0,"{""type"":""MultiPoint"",""coordinates"":[]}"
20240901060000,2024-09-01 06:00,0.0,"{""type"":""MultiPoint"",""coordinates"":[]}"
20240901063000,2024-09-01 06:30,0.0,"{""type"":""MultiPoint"",""coordinates"":[]}"
20240901070000,2024-09-01 07:00,0.0,"{""type"":""MultiPoint"",""coordinates"":[]}"
20240901073000,2024-09-01 07:30,0.0,"{""type"":""MultiPoint"",""coordinates"":[]}"
20240901080000,2024-09-01 08:00,0.0,"{""type"":""MultiPoint"",""coordinates"":[]}"
20240901083000,2024-09-01 08:30,0.0,"{""type"":""MultiPoint"",""coordinates"":[]}"
20240901090000,2024-09-01 09:00,0.0,"{""type"":""MultiPoint"",""coordinates"":[]}"
20240901093000,2024-09-01 09:30,0.0,"{""type"":""MultiPoint"",""coordinates"":[]}"
20240901100000,2024-09-01 10:00,0.0,"{""type"":""MultiPoint"",""coordinates"":[]}"
20240901103000,2024-09-01 10:30,0.0,"{""type"":""MultiPoint"",""coordinates"":[]}"
20240901110000,2024-09-01 11:00,0.0,"{""type"":""MultiPoint"",""coordinates"":[]}"
20240901113000,2024-09-01 11:30,0.0,"{""type"":""MultiPoint"",""coordinates"":[]}"
20240901120000,2024-09-01 12:00,0.0,"{""type"":""MultiPoint"",""coordinates"":[]}"
20240901123000,2024-09-01 12:30,0.0,"{""type"":""MultiPoint"",""coordinates"":[]}"
20240901130000,2024-09-01 13:00,0.04999999701976776,"{""type"":""MultiPoint"",""coordinates"":[]}"
20240901133000,2024-09-01 13:30,0.05999999865889549,"{""type"":""MultiPoint"",""coordinates"":[]}"
20240901140000,2024-09-01 14:00,1.5699999332427979,"{""type"":""MultiPoint"",""coordinates"":[]}"
20240901143000,2024-09-01 14:30,1.75,"{""type"":""MultiPoint"",""coordinates"":[]}"
20240901150000,2024-09-01 15:00,2.1399998664855957,"{""type"":""MultiPoint"",""coordinates"":[]}"
20240901153000,2024-09-01 15:30,1.350000023841858,"{""type"":""MultiPoint"",""coordinates"":[]}"
20240901160000,2024-09-01 16:00,1.059999942779541,"{""type"":""MultiPoint"",""coordinates"":[]}"
20240901163000,2024-09-01 16:30,1.0699999332427979,"{""type"":""MultiPoint"",""coordinates"":[]}"
20240901170000,2024-09-01 17:00,0.550000011920929,"{""type"":""MultiPoint"",""coordinates"":[]}"
20240901173000,2024-09-01 17:30,0.12999999523162842,"{""type"":""MultiPoint"",""coordinates"":[]}"
20240901180000,2024-09-01 18:00,0.0,"{""type"":""MultiPoint"",""coordinates"":[]}"
20240901183000,2024-09-01 18:30,0.0,"{""type"":""MultiPoint"",""coordinates"":[]}"
20240901190000,2024-09-01 19:00,0.0,"{""type"":""MultiPoint"",""coordinates"":[]}"
20240901193000,2024-09-01 19:30,0.0,"{""type"":""MultiPoint"",""coordinates"":[]}"
20240901200000,2024-09-01 20:00,0.0,"{""type"":""MultiPoint"",""coordinates"":[]}"
20240901203000,2024-09-01 20:30,0.0,"{""type"":""MultiPoint"",""coordinates"":[]}"
20240901210000,2024-09-01 21:00,0.0,"{""type"":""MultiPoint"",""coordinates"":[]}"
20240901213000,2024-09-01 21:30,0.0,"{""type"":""MultiPoint"",""coordinates"":[]}"
20240901220000,2024-09-01 22:00,0.0,"{""type"":""MultiPoint"",""coordinates"":[]}"
20240901223000,2024-09-01 22:30,0.0,"{""type"":""MultiPoint"",""coordinates"":[]}"
20240901230000,2024-09-01 23:00,0.0,"{""type"":""MultiPoint"",""coordinates"":[]}"
20240901233000,2024-09-01 23:30,0.0,"{""type"":""MultiPoint"",""coordinates"":[]}"
20240902000000,2024-09-02 00:00,0.05999999865889549,"{""type"":""MultiPoint"",""coordinates"":[]}"
20240902003000,2024-09-02 00:30,0.04999999701976776,"{""type"":""MultiPoint"",""coordinates"":[]}"
20240902010000,2024-09-02 01:00,0.0,"{""type"":""MultiPoint"",""coordinates"":[]}"
20240902013000,2024-09-02 01:30,0.0,"{""type"":""MultiPoint"",""coordinates"":[]}"
20240902020000,2024-09-02 02:00,0.0,"{""type"":""MultiPoint"",""coordinates"":[]}"
20240902023000,2024-09-02 02:30,0.0,"{""type"":""MultiPoint"",""coordinates"":[]}"
20240902030000,2024-09-02 03:00,0.0,"{""type"":""MultiPoint"",""coordinates"":[]}"
20240902033000,2024-09-02 03:30,0.0,"{""type"":""MultiPoint"",""coordinates"":[]}"
20240902040000,2024-09-02 04:00,0.0,"{""type"":""MultiPoint"",""coordinates"":[]}"
20240902043000,2024-09-02 04:30,0.0,"{""type"":""MultiPoint"",""coordinates"":[]}"
20240902050000,2024-09-02 05:00,0.0,"{""type"":""MultiPoint"",""coordinates"":[]}"
20240902053000,2024-09-02 05:30,0.0,"{""type"":""MultiPoint"",""coordinates"":[]}"
20240902060000,2024-09-02 06:00,0.0,"{""type"":""MultiPoint"",""coordinates"":[]}"
20240902063000,2024-09-02 06:30,0.0,"{""type"":""MultiPoint"",""coordinates"":[]}"
20240902070000,2024-09-02 07:00,0.0,"{""type"":""MultiPoint"",""coordinates"":[]}"
20240902073000,2024-09-02 07:30,0.0,"{""type"":""MultiPoint"",""coordinates"":[]}"
20240902080000,2024-09-02 08:00,0.0,"{""type"":""MultiPoint"",""coordinates"":[]}"
20240902083000,2024-09-02 08:30,0.0,"{""type"":""MultiPoint"",""coordinates"":[]}"
20240902090000,2024-09-02 09:00,0.0,"{""type"":""MultiPoint"",""coordinates"":[]}"
20240902093000,2024-09-02 09:30,0.0,"{""type"":""MultiPoint"",""coordinates"":[]}"
20240902100000,2024-09-02 10:00,0.0,"{""type"":""MultiPoint"",""coordinates"":[]}"
20240902103000,2024-09-02 10:30,0.6599999666213989,"{""type"":""MultiPoint"",""coordinates"":[]}"
20240902110000,2024-09-02 11:00,0.5399999618530273,"{""type"":""MultiPoint"",""coordinates"":[]}"
20240902113000,2024-09-02 11:30,0.29999998211860657,"{""type"":""MultiPoint"",""coordinates"":[]}"
20240902120000,2024-09-02 12:00,0.14000000059604645,"{""type"":""MultiPoint"",""coordinates"":[]}"
20240902123000,2024-09-02 12:30,0.07000000029802322,"{""type"":""MultiPoint"",""coordinates"":[]}"
20240902130000,2024-09-02 13:00,0.0,"{""type"":""MultiPoint"",""coordinates"":[]}"
20240902133000,2024-09-02 13:30,0.3199999928474426,"{""type"":""MultiPoint"",""coordinates"":[]}"
20240902140000,2024-09-02 14:00,0.3999999761581421,"{""type"":""MultiPoint"",""coordinates"":[]}"
20240902143000,2024-09-02 14:30,0.949999988079071,"{""type"":""MultiPoint"",""coordinates"":[]}"
20240902150000,2024-09-02 15:00,1.3299999237060547,"{""type"":""MultiPoint"",""coordinates"":[]}"
20240902153000,2024-09-02 15:30,4.049999713897705,"{""type"":""MultiPoint"",""coordinates"":[]}"
20240902160000,2024-09-02 16:00,2.109999895095825,"{""type"":""MultiPoint"",""coordinates"":[]}"
20240902163000,2024-09-02 16:30,4.619999885559082,"{""type"":""MultiPoint"",""coordinates"":[]}"
20240902170000,2024-09-02 17:00,4.639999866485596,"{""type"":""MultiPoint"",""coordinates"":[]}"
20240902173000,2024-09-02 17:30,8.779999732971191,"{""type"":""MultiPoint"",""coordinates"":[]}"
20240902180000,2024-09-02 18:00,2.9099998474121094,"{""type"":""MultiPoint"",""coordinates"":[]}"
20240902183000,2024-09-02 18:30,0.44999998807907104,"{""type"":""MultiPoint"",""coordinates"":[]}"
20240902190000,2024-09-02 19:00,0.7299999594688416,"{""type"":""MultiPoint"",""coordinates"":[]}"
20240902193000,2024-09-02 19:30,0.9699999690055847,"{""type"":""MultiPoint"",""coordinates"":[]}"
20240902200000,2024-09-02 20:00,1.2300000190734863,"{""type"":""MultiPoint"",""coordinates"":[]}"
20240902203000,2024-09-02 20:30,1.75,"{""type"":""MultiPoint"",""coordinates"":[]}"
20240902210000,2024-09-02 21:00,1.6899999380111694,"{""type"":""MultiPoint"",""coordinates"":[]}"
20240902213000,2024-09-02 21:30,0.5,"{""type"":""MultiPoint"",""coordinates"":[]}"
20240902220000,2024-09-02 22:00,1.090000033378601,"{""type"":""MultiPoint"",""coordinates"":[]}"
20240902223000,2024-09-02 22:30,1.709999918937683,"{""type"":""MultiPoint"",""coordinates"":[]}"
20240902230000,2024-09-02 23:00,2.3399999141693115,"{""type"":""MultiPoint"",""coordinates"":[]}"
20240902233000,2024-09-02 23:30,2.669999837875366,"{""type"":""MultiPoint"",""coordinates"":[]}"
20240903000000,2024-09-03 00:00,1.9299999475479126,"{""type"":""MultiPoint"",""coordinates"":[]}"
20240903003000,2024-09-03 00:30,1.9199999570846558,"{""type"":""MultiPoint"",""coordinates"":[]}"
20240903010000,2024-09-03 01:00,1.7300000190734863,"{""type"":""MultiPoint"",""coordinates"":[]}"
20240903013000,2024-09-03 01:30,1.0399999618530273,"{""type"":""MultiPoint"",""coordinates"":[]}"
20240903020000,2024-09-03 02:00,0.699999988079071,"{""type"":""MultiPoint"",""coordinates"":[]}"
20240903023000,2024-09-03 02:30,0.3700000047683716,"{""type"":""MultiPoint"",""coordinates"":[]}"
20240903030000,2024-09-03 03:00,0.07999999821186066,"{""type"":""MultiPoint"",""coordinates"":[]}"
20240903033000,2024-09-03 03:30,0.0,"{""type"":""MultiPoint"",""coordinates"":[]}"
20240903040000,2024-09-03 04:00,0.0,"{""type"":""MultiPoint"",""coordinates"":[]}"
20240903043000,2024-09-03 04:30,0.32999998331069946,"{""type"":""MultiPoint"",""coordinates"":[]}"
20240903050000,2024-09-03 05:00,0.3499999940395355,"{""type"":""MultiPoint"",""coordinates"":[]}"
20240903053000,2024-09-03 05:30,0.32999998331069946,"{""type"":""MultiPoint"",""coordinates"":[]}"
20240903060000,2024-09-03 06:00,0.2800000011920929,"{""type"":""MultiPoint"",""coordinates"":[]}"
20240903063000,2024-09-03 06:30,0.07999999821186066,"{""type"":""MultiPoint"",""coordinates"":[]}"
20240903070000,2024-09-03 07:00,0.07999999821186066,"{""type"":""MultiPoint"",""coordinates"":[]}"
20240903073000,2024-09-03 07:30,0.5299999713897705,"{""type"":""MultiPoint"",""coordinates"":[]}"
20240903080000,2024-09-03 08:00,0.7999999523162842,"{""type"":""MultiPoint"",""coordinates"":[]}"
20240903083000,2024-09-03 08:30,1.1200000047683716,"{""type"":""MultiPoint"",""coordinates"":[]}"
20240903090000,2024-09-03 09:00,1.0499999523162842,"{""type"":""MultiPoint"",""coordinates"":[]}"
20240903093000,2024-09-03 09:30,1.4900000095367432,"{""type"":""MultiPoint"",""coordinates"":[]}"
20240903100000,2024-09-03 10:00,0.9699999690055847,"{""type"":""MultiPoint"",""coordinates"":[]}"
20240903103000,2024-09-03 10:30,0.8399999737739563,"{""type"":""MultiPoint"",""coordinates"":[]}"
20240903110000,2024-09-03 11:00,1.2599999904632568,"{""type"":""MultiPoint"",""coordinates"":[]}"
20240903113000,2024-09-03 11:30,1.0399999618530273,"{""type"":""MultiPoint"",""coordinates"":[]}"
20240903120000,2024-09-03 12:00,1.100000023841858,"{""type"":""MultiPoint"",""coordinates"":[]}"
20240903123000,2024-09-03 12:30,1.2300000190734863,"{""type"":""MultiPoint"",""coordinates"":[]}"
20240903130000,2024-09-03 13:00,1.5699999332427979,"{""type"":""MultiPoint"",""coordinates"":[]}"
20240903133000,2024-09-03 13:30,2.0,"{""type"":""MultiPoint"",""coordinates"":[]}"
20240903140000,2024-09-03 14:00,1.8600000143051147,"{""type"":""MultiPoint"",""coordinates"":[]}"
20240903143000,2024-09-03 14:30,0.7400000095367432,"{""type"":""MultiPoint"",""coordinates"":[]}"
20240903150000,2024-09-03 15:00,0.009999999776482582,"{""type"":""MultiPoint"",""coordinates"":[]}"
20240903153000,2024-09-03 15:30,0.0,"{""type"":""MultiPoint"",""coordinates"":[]}"
20240903160000,2024-09-03 16:00,0.0,"{""type"":""MultiPoint"",""coordinates"":[]}"
20240903163000,2024-09-03 16:30,0.0,"{""type"":""MultiPoint"",""coordinates"":[]}"
20240903170000,2024-09-03 17:00,0.0,"{""type"":""MultiPoint"",""coordinates"":[]}"
20240903173000,2024-09-03 17:30,0.0,"{""type"":""MultiPoint"",""coordinates"":[]}"
20240903180000,2024-09-03 18:00,0.0,"{""type"":""MultiPoint"",""coordinates"":[]}"
20240903183000,2024-09-03 18:30,0.0,"{""type"":""MultiPoint"",""coordinates"":[]}"
20240903190000,2024-09-03 19:00,0.0,"{""type"":""MultiPoint"",""coordinates"":[]}"
20240903193000,2024-09-03 19:30,0.0,"{""type"":""MultiPoint"",""coordinates"":[]}"
20240903200000,2024-09-03 20:00,0.0,"{""type"":""MultiPoint"",""coordinates"":[]}"
20240903203000,2024-09-03 20:30,0.0,"{""type"":""MultiPoint"",""coordinates"":[]}"
20240903210000,2024-09-03 21:00,0.0,"{""type"":""MultiPoint"",""coordinates"":[]}"
20240903213000,2024-09-03 21:30,0.0,"{""type"":""MultiPoint"",""coordinates"":[]}"
20240903220000,2024-09-03 22:00,0.07999999821186066,"{""type"":""MultiPoint"",""coordinates"":[]}"
20240903223000,2024-09-03 22:30,0.14000000059604645,"{""type"":""MultiPoint"",""coordinates"":[]}"
20240903230000,2024-09-03 23:00,1.5,"{""type"":""MultiPoint"",""coordinates"":[]}"
20240903233000,2024-09-03 23:30,0.7699999809265137,"{""type"":""MultiPoint"",""coordinates"":[]}"
20240904000000,2024-09-04 00:00,0.3499999940395355,"{""type"":""MultiPoint"",""coordinates"":[]}"
20240904003000,2024-09-04 00:30,0.17999999225139618,"{""type"":""MultiPoint"",""coordinates"":[]}"
20240904010000,2024-09-04 01:00,0.09999999403953552,"{""type"":""MultiPoint"",""coordinates"":[]}"
20240904013000,2024-09-04 01:30,0.0,"{""type"":""MultiPoint"",""coordinates"":[]}"
20240904020000,2024-09-04 02:00,0.0,"{""type"":""MultiPoint"",""coordinates"":[]}"
20240904023000,2024-09-04 02:30,0.0,"{""type"":""MultiPoint"",""coordinates"":[]}"
20240904030000,2024-09-04 03:00,0.0,"{""type"":""MultiPoint"",""coordinates"":[]}"
20240904033000,2024-09-04 03:30,0.0,"{""type"":""MultiPoint"",""coordinates"":[]}"
20240904040000,2024-09-04 04:00,0.07000000029802322,"{""type"":""MultiPoint"",""coordinates"":[]}"
20240904043000,2024-09-04 04:30,0.0,"{""type"":""MultiPoint"",""coordinates"":[]}"
20240904050000,2024-09-04 05:00,0.0,"{""type"":""MultiPoint"",""coordinates"":[]}"
20240904053000,2024-09-04 05:30,0.0,"{""type"":""MultiPoint"",""coordinates"":[]}"
20240904060000,2024-09-04 06:00,0.0,"{""type"":""MultiPoint"",""coordinates"":[]}"
20240904063000,2024-09-04 06:30,0.0,"{""type"":""MultiPoint"",""coordinates"":[]}"
20240904070000,2024-09-04 07:00,0.0,"{""type"":""MultiPoint"",""coordinates"":[]}"
20240904073000,2024-09-04 07:30,0.0,"{""type"":""MultiPoint"",""coordinates"":[]}"
20240904080000,2024-09-04 08:00,0.0,"{""type"":""MultiPoint"",""coordinates"":[]}"
20240904083000,2024-09-04 08:30,0.0,"{""type"":""MultiPoint"",""coordinates"":[]}"
20240904090000,2024-09-04 09:00,0.0,"{""type"":""MultiPoint"",""coordinates"":[]}"
20240904093000,2024-09-04 09:30,0.0,"{""type"":""MultiPoint"",""coordinates"":[]}"
20240904100000,2024-09-04 10:00,0.0,"{""type"":""MultiPoint"",""coordinates"":[]}"
20240904103000,2024-09-04 10:30,0.0,"{""type"":""MultiPoint"",""coordinates"":[]}"
20240904110000,2024-09-04 11:00,0.0,"{""type"":""MultiPoint"",""coordinates"":[]}"
20240904113000,2024-09-04 11:30,0.0,"{""type"":""MultiPoint"",""coordinates"":[]}"
20240904120000,2024-09-04 12:00,0.0,"{""type"":""MultiPoint"",""coordinates"":[]}"
20240904123000,2024-09-04 12:30,0.0,"{""type"":""MultiPoint"",""coordinates"":[]}"
20240904130000,2024-09-04 13:00,0.0,"{""type"":""MultiPoint"",""coordinates"":[]}"
20240904133000,2024-09-04 13:30,0.0,"{""type"":""MultiPoint"",""coordinates"":[]}"
20240904140000,2024-09-04 14:00,0.0,"{""type"":""MultiPoint"",""coordinates"":[]}"
20240904143000,2024-09-04 14:30,0.0,"{""type"":""MultiPoint"",""coordinates"":[]}"
20240904150000,2024-09-04 15:00,0.0,"{""type"":""MultiPoint"",""coordinates"":[]}"
20240904153000,2024-09-04 15:30,0.0,"{""type"":""MultiPoint"",""coordinates"":[]}"
20240904160000,2024-09-04 16:00,0.0,"{""type"":""MultiPoint"",""coordinates"":[]}"
20240904163000,2024-09-04 16:30,0.0,"{""type"":""MultiPoint"",""coordinates"":[]}"
20240904170000,2024-09-04 17:00,0.0,"{""type"":""MultiPoint"",""coordinates"":[]}"
20240904173000,2024-09-04 17:30,0.0,"{""type"":""MultiPoint"",""coordinates"":[]}"
20240904180000,2024-09-04 18:00,0.0,"{""type"":""MultiPoint"",""coordinates"":[]}"
20240904183000,2024-09-04 18:30,0.0,"{""type"":""MultiPoint"",""coordinates"":[]}"
20240904190000,2024-09-04 19:00,0.0,"{""type"":""MultiPoint"",""coordinates"":[]}"
20240904193000,2024-09-04 19:30,0.0,"{""type"":""MultiPoint"",""coordinates"":[]}"
20240904200000,2024-09-04 20:00,0.0,"{""type"":""MultiPoint"",""coordinates"":[]}"
20240904203000,2024-09-04 20:30,0.0,"{""type"":""MultiPoint"",""coordinates"":[]}"
20240904210000,2024-09-04 21:00,0.0,"{""type"":""MultiPoint"",""coordinates"":[]}"
20240904213000,2024-09-04 21:30,0.0,"{""type"":""MultiPoint"",""coordinates"":[]}"
20240904220000,2024-09-04 22:00,0.0,"{""type"":""MultiPoint"",""coordinates"":[]}"
20240904223000,2024-09-04 22:30,0.0,"{""type"":""MultiPoint"",""coordinates"":[]}"
20240904230000,2024-09-04 23:00,0.4099999964237213,"{""type"":""MultiPoint"",""coordinates"":[]}"
20240904233000,2024-09-04 23:30,0.0,"{""type"":""MultiPoint"",""coordinates"":[]}"
20240905000000,2024-09-05 00:00,0.0,"{""type"":""MultiPoint"",""coordinates"":[]}"
20240905003000,2024-09-05 00:30,0.0,"{""type"":""MultiPoint"",""coordinates"":[]}"
20240905010000,2024-09-05 01:00,0.0,"{""type"":""MultiPoint"",""coordinates"":[]}"
20240905013000,2024-09-05 01:30,0.0,"{""type"":""MultiPoint"",""coordinates"":[]}"
20240905020000,2024-09-05 02:00,0.0,"{""type"":""MultiPoint"",""coordinates"":[]}"
20240905023000,2024-09-05 02:30,0.0,"{""type"":""MultiPoint"",""coordinates"":[]}"
20240905030000,2024-09-05 03:00,0.0,"{""type"":""MultiPoint"",""coordinates"":[]}"
20240905033000,2024-09-05 03:30,0.0,"{""type"":""MultiPoint"",""coordinates"":[]}"
20240905040000,2024-09-05 04:00,0.0,"{""type"":""MultiPoint"",""coordinates"":[]}"
20240905043000,2024-09-05 04:30,0.0,"{""type"":""MultiPoint"",""coordinates"":[]}"
20240905050000,2024-09-05 05:00,0.0,"{""type"":""MultiPoint"",""coordinates"":[]}"
20240905053000,2024-09-05 05:30,0.0,"{""type"":""MultiPoint"",""coordinates"":[]}"
20240905060000,2024-09-05 06:00,0.0,"{""type"":""MultiPoint"",""coordinates"":[]}"
20240905063000,2024-09-05 06:30,0.0,"{""type"":""MultiPoint"",""coordinates"":[]}"
20240905070000,2024-09-05 07:00,0.029999999329447746,"{""type"":""MultiPoint"",""coordinates"":[]}"
20240905073000,2024-09-05 07:30,0.0,"{""type"":""MultiPoint"",""coordinates"":[]}"
20240905080000,2024-09-05 08:00,0.0,"{""type"":""MultiPoint"",""coordinates"":[]}"
20240905083000,2024-09-05 08:30,0.0,"{""type"":""MultiPoint"",""coordinates"":[]}"
20240905090000,2024-09-05 09:00,0.0,"{""type"":""MultiPoint"",""coordinates"":[]}"
20240905093000,2024-09-05 09:30,0.0,"{""type"":""MultiPoint"",""coordinates"":[]}"
20240905100000,2024-09-05 10:00,1.1200000047683716,"{""type"":""MultiPoint"",""coordinates"":[]}"
20240905103000,2024-09-05 10:30,1.9900000095367432,"{""type"":""MultiPoint"",""coordinates"":[]}"
20240905110000,2024-09-05 11:00,0.429999977350235,"{""type"":""MultiPoint"",""coordinates"":[]}"
20240905113000,2024-09-05 11:30,0.26999998092651367,"{""type"":""MultiPoint"",""coordinates"":[]}"
20240905120000,2024-09-05 12:00,0.3199999928474426,"{""type"":""MultiPoint"",""coordinates"":[]}"
20240905123000,2024-09-05 12:30,0.6800000071525574,"{""type"":""MultiPoint"",""coordinates"":[]}"
20240905130000,2024-09-05 13:00,0.5899999737739563,"{""type"":""MultiPoint"",""coordinates"":[]}"
20240905133000,2024-09-05 13:30,0.07999999821186066,"{""type"":""MultiPoint"",""coordinates"":[]}"
20240905140000,2024-09-05 14:00,0.0,"{""type"":""MultiPoint"",""coordinates"":[]}"
20240905143000,2024-09-05 14:30,0.0,"{""type"":""MultiPoint"",""coordinates"":[]}"
20240905150000,2024-09-05 15:00,0.07999999821186066,"{""type"":""MultiPoint"",""coordinates"":[]}"
20240905153000,2024-09-05 15:30,0.08999999612569809,"{""type"":""MultiPoint"",""coordinates"":[]}"
20240905160000,2024-09-05 16:00,0.0,"{""type"":""MultiPoint"",""coordinates"":[]}"
20240905163000,2024-09-05 16:30,0.11999999731779099,"{""type"":""MultiPoint"",""coordinates"":[]}"
20240905170000,2024-09-05 17:00,0.6100000143051147,"{""type"":""MultiPoint"",""coordinates"":[]}"
20240905173000,2024-09-05 17:30,0.4599999785423279,"{""type"":""MultiPoint"",""coordinates"":[]}"
20240905180000,2024-09-05 18:00,0.07999999821186066,"{""type"":""MultiPoint"",""coordinates"":[]}"
20240905183000,2024-09-05 18:30,0.0,"{""type"":""MultiPoint"",""coordinates"":[]}"
20240905190000,2024-09-05 19:00,0.0,"{""type"":""MultiPoint"",""coordinates"":[]}"
20240905193000,2024-09-05 19:30,0.29999998211860657,"{""type"":""MultiPoint"",""coordinates"":[]}"
20240905200000,2024-09-05 20:00,0.20999999344348907,"{""type"":""MultiPoint"",""coordinates"":[]}"
20240905203000,2024-09-05 20:30,0.07999999821186066,"{""type"":""MultiPoint"",""coordinates"":[]}"
20240905210000,2024-09-05 21:00,0.0,"{""type"":""MultiPoint"",""coordinates"":[]}"
20240905213000,2024-09-05 21:30,0.0,"{""type"":""MultiPoint"",""coordinates"":[]}"
20240905220000,2024-09-05 22:00,0.0,"{""type"":""MultiPoint"",""coordinates"":[]}"
20240905223000,2024-09-05 22:30,0.0,"{""type"":""MultiPoint"",""coordinates"":[]}"
20240905230000,2024-09-05 23:00,0.0,"{""type"":""MultiPoint"",""coordinates"":[]}"
20240905233000,2024-09-05 23:30,0.0,"{""type"":""MultiPoint"",""coordinates"":[]}"
20240906000000,2024-09-06 00:00,0.0,"{""type"":""MultiPoint"",""coordinates"":[]}"
20240906003000,2024-09-06 00:30,0.0,"{""type"":""MultiPoint"",""coordinates"":[]}"
20240906010000,2024-09-06 01:00,0.0,"{""type"":""MultiPoint"",""coordinates"":[]}"
20240906013000,2024-09-06 01:30,0.0,"{""type"":""MultiPoint"",""coordinates"":[]}"
20240906020000,2024-09-06 02:00,0.0,"{""type"":""MultiPoint"",""coordinates"":[]}"
20240906023000,2024-09-06 02:30,0.0,"{""type"":""MultiPoint"",""coordinates"":[]}"
20240906030000,2024-09-06 03:00,0.0,"{""type"":""MultiPoint"",""coordinates"":[]}"
20240906033000,2024-09-06 03:30,0.0,"{""type"":""MultiPoint"",""coordinates"":[]}"
20240906040000,2024-09-06 04:00,0.0,"{""type"":""MultiPoint"",""coordinates"":[]}"
20240906043000,2024-09-06 04:30,0.0,"{""type"":""MultiPoint"",""coordinates"":[]}"
20240906050000,2024-09-06 05:00,0.0,"{""type"":""MultiPoint"",""coordinates"":[]}"
20240906053000,2024-09-06 05:30,0.0,"{""type"":""MultiPoint"",""coordinates"":[]}"
20240906060000,2024-09-06 06:00,0.0,"{""type"":""MultiPoint"",""coordinates"":[]}"
20240906063000,2024-09-06 06:30,0.0,"{""type"":""MultiPoint"",""coordinates"":[]}"
20240906070000,2024-09-06 07:00,0.0,"{""type"":""MultiPoint"",""coordinates"":[]}"
20240906073000,2024-09-06 07:30,0.0,"{""type"":""MultiPoint"",""coordinates"":[]}"
20240906080000,2024-09-06 08:00,0.0,"{""type"":""MultiPoint"",""coordinates"":[]}"
20240906083000,2024-09-06 08:30,0.0,"{""type"":""MultiPoint"",""coordinates"":[]}"
20240906090000,2024-09-06 09:00,0.0,"{""type"":""MultiPoint"",""coordinates"":[]}"
20240906093000,2024-09-06 09:30,0.0,"{""type"":""MultiPoint"",""coordinates"":[]}"
20240906100000,2024-09-06 10:00,0.0,"{""type"":""MultiPoint"",""coordinates"":[]}"
20240906103000,2024-09-06 10:30,0.0,"{""type"":""MultiPoint"",""coordinates"":[]}"
20240906110000,2024-09-06 11:00,0.0,"{""type"":""MultiPoint"",""coordinates"":[]}"
20240906113000,2024-09-06 11:30,0.0,"{""type"":""MultiPoint"",""coordinates"":[]}"
20240906120000,2024-09-06 12:00,0.0,"{""type"":""MultiPoint"",""coordinates"":[]}"
20240906123000,2024-09-06 12:30,0.0,"{""type"":""MultiPoint"",""coordinates"":[]}"
20240906130000,2024-09-06 13:00,0.08999999612569809,"{""type"":""MultiPoint"",""coordinates"":[]}"
20240906133000,2024-09-06 13:30,0.0,"{""type"":""MultiPoint"",""coordinates"":[]}"
20240906140000,2024-09-06 14:00,0.0,"{""type"":""MultiPoint"",""coordinates"":[]}"
20240906143000,2024-09-06 14:30,0.0,"{""type"":""MultiPoint"",""coordinates"":[]}"
20240906150000,2024-09-06 15:00,0.0,"{""type"":""MultiPoint"",""coordinates"":[]}"
20240906153000,2024-09-06 15:30,0.0,"{""type"":""MultiPoint"",""coordinates"":[]}"
20240906160000,2024-09-06 16:00,0.0,"{""type"":""MultiPoint"",""coordinates"":[]}"
20240906163000,2024-09-06 16:30,0.0,"{""type"":""MultiPoint"",""coordinates"":[]}"
20240906170000,2024-09-06 17:00,0.0,"{""type"":""MultiPoint"",""coordinates"":[]}"
20240906173000,2024-09-06 17:30,0.0,"{""type"":""MultiPoint"",""coordinates"":[]}"
20240906180000,2024-09-06 18:00,0.0,"{""type"":""MultiPoint"",""coordinates"":[]}"
20240906183000,2024-09-06 18:30,0.0,"{""type"":""MultiPoint"",""coordinates"":[]}"
20240906190000,2024-09-06 19:00,0.0,"{""type"":""MultiPoint"",""coordinates"":[]}"
20240906193000,2024-09-06 19:30,0.0,"{""type"":""MultiPoint"",""coordinates"":[]}"
20240906200000,2024-09-06 20:00,0.0,"{""type"":""MultiPoint"",""coordinates"":[]}"
20240906203000,2024-09-06 20:30,0.0,"{""type"":""MultiPoint"",""coordinates"":[]}"
20240906210000,2024-09-06 21:00,0.0,"{""type"":""MultiPoint"",""coordinates"":[]}"
20240906213000,2024-09-06 21:30,0.0,"{""type"":""MultiPoint"",""coordinates"":[]}"
20240906220000,2024-09-06 22:00,0.0,"{""type"":""MultiPoint"",""coordinates"":[]}"
20240906223000,2024-09-06 22:30,0.0,"{""type"":""MultiPoint"",""coordinates"":[]}"
20240906230000,2024-09-06 23:00,0.0,"{""type"":""MultiPoint"",""coordinates"":[]}"
20240906233000,2024-09-06 23:30,0.0,"{""type"":""MultiPoint"",""coordinates"":[]}"
20240907000000,2024-09-07 00:00,0.0,"{""type"":""MultiPoint"",""coordinates"":[]}"
20240907003000,2024-09-07 00:30,0.0,"{""type"":""MultiPoint"",""coordinates"":[]}"
20240907010000,2024-09-07 01:00,0.0,"{""type"":""MultiPoint"",""coordinates"":[]}"
20240907013000,2024-09-07 01:30,0.0,"{""type"":""MultiPoint"",""coordinates"":[]}"
20240907020000,2024-09-07 02:00,0.0,"{""type"":""MultiPoint"",""coordinates"":[]}"
20240907023000,2024-09-07 02:30,0.0,"{""type"":""MultiPoint"",""coordinates"":[]}"
20240907030000,2024-09-07 03:00,0.0,"{""type"":""MultiPoint"",""coordinates"":[]}"
20240907033000,2024-09-07 03:30,0.0,"{""type"":""MultiPoint"",""coordinates"":[]}"
20240907040000,2024-09-07 04:00,0.0,"{""type"":""MultiPoint"",""coordinates"":[]}"
20240907043000,2024-09-07 04:30,0.0,"{""type"":""MultiPoint"",""coordinates"":[]}"
20240907050000,2024-09-07 05:00,0.0,"{""type"":""MultiPoint"",""coordinates"":[]}"
20240907053000,2024-09-07 05:30,0.0,"{""type"":""MultiPoint"",""coordinates"":[]}"
20240907060000,2024-09-07 06:00,0.0,"{""type"":""MultiPoint"",""coordinates"":[]}"
20240907063000,2024-09-07 06:30,0.0,"{""type"":""MultiPoint"",""coordinates"":[]}"
20240907070000,2024-09-07 07:00,0.0,"{""type"":""MultiPoint"",""coordinates"":[]}"
20240907073000,2024-09-07 07:30,0.0,"{""type"":""MultiPoint"",""coordinates"":[]}"
20240907080000,2024-09-07 08:00,0.0,"{""type"":""MultiPoint"",""coordinates"":[]}"
20240907083000,2024-09-07 08:30,0.0,"{""type"":""MultiPoint"",""coordinates"":[]}"
20240907090000,2024-09-07 09:00,0.0,"{""type"":""MultiPoint"",""coordinates"":[]}"
20240907093000,2024-09-07 09:30,0.0,"{""type"":""MultiPoint"",""coordinates"":[]}"
20240907100000,2024-09-07 10:00,0.0,"{""type"":""MultiPoint"",""coordinates"":[]}"
20240907103000,2024-09-07 10:30,0.0,"{""type"":""MultiPoint"",""coordinates"":[]}"
20240907110000,2024-09-07 11:00,0.0,"{""type"":""MultiPoint"",""coordinates"":[]}"
20240907113000,2024-09-07 11:30,0.08999999612569809,"{""type"":""MultiPoint"",""coordinates"":[]}"
20240907120000,2024-09-07 12:00,0.0,"{""type"":""MultiPoint"",""coordinates"":[]}"
20240907123000,2024-09-07 12:30,0.0,"{""type"":""MultiPoint"",""coordinates"":[]}"
20240907130000,2024-09-07 13:00,0.0,"{""type"":""MultiPoint"",""coordinates"":[]}"
20240907133000,2024-09-07 13:30,0.0,"{""type"":""MultiPoint"",""coordinates"":[]}"
20240907140000,2024-09-07 14:00,0.0,"{""type"":""MultiPoint"",""coordinates"":[]}"
20240907143000,2024-09-07 14:30,0.0,"{""type"":""MultiPoint"",""coordinates"":[]}"
20240907150000,2024-09-07 15:00,0.0,"{""type"":""MultiPoint"",""coordinates"":[]}"
20240907153000,2024-09-07 15:30,0.0,"{""type"":""MultiPoint"",""coordinates"":[]}"
20240907160000,2024-09-07 16:00,0.0,"{""type"":""MultiPoint"",""coordinates"":[]}"
20240907163000,2024-09-07 16:30,0.0,"{""type"":""MultiPoint"",""coordinates"":[]}"
20240907170000,2024-09-07 17:00,0.0,"{""type"":""MultiPoint"",""coordinates"":[]}"
20240907173000,2024-09-07 17:30,0.0,"{""type"":""MultiPoint"",""coordinates"":[]}"
20240907180000,2024-09-07 18:00,0.0,"{""type"":""MultiPoint"",""coordinates"":[]}"
20240907183000,2024-09-07 18:30,0.0,"{""type"":""MultiPoint"",""coordinates"":[]}"
20240907190000,2024-09-07 19:00,0.0,"{""type"":""MultiPoint"",""coordinates"":[]}"
20240907193000,2024-09-07 19:30,0.0,"{""type"":""MultiPoint"",""coordinates"":[]}"
20240907200000,2024-09-07 20:00,0.0,"{""type"":""MultiPoint"",""coordinates"":[]}"
20240907203000,2024-09-07 20:30,0.0,"{""type"":""MultiPoint"",""coordinates"":[]}"
20240907210000,2024-09-07 21:00,0.0,"{""type"":""MultiPoint"",""coordinates"":[]}"
20240907213000,2024-09-07 21:30,0.0,"{""type"":""MultiPoint"",""coordinates"":[]}"
20240907220000,2024-09-07 22:00,0.0,"{""type"":""MultiPoint"",""coordinates"":[]}"
20240907223000,2024-09-07 22:30,0.0,"{""type"":""MultiPoint"",""coordinates"":[]}"
20240907230000,2024-09-07 23:00,0.0,"{""type"":""MultiPoint"",""coordinates"":[]}"
20240907233000,2024-09-07 23:30,0.0,"{""type"":""MultiPoint"",""coordinates"":[]}"
20240908000000,2024-09-08 00:00,0.0,"{""type"":""MultiPoint"",""coordinates"":[]}"
20240908003000,2024-09-08 00:30,0.0,"{""type"":""MultiPoint"",""coordinates"":[]}"
20240908010000,2024-09-08 01:00,0.0,"{""type"":""MultiPoint"",""coordinates"":[]}"
20240908013000,2024-09-08 01:30,0.0,"{""type"":""MultiPoint"",""coordinates"":[]}"
20240908020000,2024-09-08 02:00,0.0,"{""type"":""MultiPoint"",""coordinates"":[]}"
20240908023000,2024-09-08 02:30,0.0,"{""type"":""MultiPoint"",""coordinates"":[]}"
20240908030000,2024-09-08 03:00,0.0,"{""type"":""MultiPoint"",""coordinates"":[]}"
20240908033000,2024-09-08 03:30,0.0,"{""type"":""MultiPoint"",""coordinates"":[]}"
20240908040000,2024-09-08 04:00,0.0,"{""type"":""MultiPoint"",""coordinates"":[]}"
20240908043000,2024-09-08 04:30,0.0,"{""type"":""MultiPoint"",""coordinates"":[]}"
20240908050000,2024-09-08 05:00,0.0,"{""type"":""MultiPoint"",""coordinates"":[]}"
20240908053000,2024-09-08 05:30,0.0,"{""type"":""MultiPoint"",""coordinates"":[]}"
20240908060000,2024-09-08 06:00,0.0,"{""type"":""MultiPoint"",""coordinates"":[]}"
20240908063000,2024-09-08 06:30,0.0,"{""type"":""MultiPoint"",""coordinates"":[]}"
20240908070000,2024-09-08 07:00,0.0,"{""type"":""MultiPoint"",""coordinates"":[]}"
20240908073000,2024-09-08 07:30,0.0,"{""type"":""MultiPoint"",""coordinates"":[]}"
20240908080000,2024-09-08 08:00,0.0,"{""type"":""MultiPoint"",""coordinates"":[]}"
20240908083000,2024-09-08 08:30,0.0,"{""type"":""MultiPoint"",""coordinates"":[]}"
20240908090000,2024-09-08 09:00,0.0,"{""type"":""MultiPoint"",""coordinates"":[]}"
20240908093000,2024-09-08 09:30,0.0,"{""type"":""MultiPoint"",""coordinates"":[]}"
20240908100000,2024-09-08 10:00,0.4399999976158142,"{""type"":""MultiPoint"",""coordinates"":[]}"
20240908103000,2024-09-08 10:30,0.429999977350235,"{""type"":""MultiPoint"",""coordinates"":[]}"
20240908110000,2024-09-08 11:00,2.3999998569488525,"{""type"":""MultiPoint"",""coordinates"":[]}"
20240908113000,2024-09-08 11:30,2.5899999141693115,"{""type"":""MultiPoint"",""coordinates"":[]}"
20240908120000,2024-09-08 12:00,3.059999942779541,"{""type"":""MultiPoint"",""coordinates"":[]}"
20240908123000,2024-09-08 12:30,3.299999952316284,"{""type"":""MultiPoint"",""coordinates"":[]}"
20240908130000,2024-09-08 13:00,3.18999981880188,"{""type"":""MultiPoint"",""coordinates"":[]}"
20240908133000,2024-09-08 13:30,1.0099999904632568,"{""type"":""MultiPoint"",""coordinates"":[]}"
20240908140000,2024-09-08 14:00,0.4099999964237213,"{""type"":""MultiPoint"",""coordinates"":[]}"
20240908143000,2024-09-08 14:30,0.11999999731779099,"{""type"":""MultiPoint"",""coordinates"":[]}"
20240908150000,2024-09-08 15:00,0.0,"{""type"":""MultiPoint"",""coordinates"":[]}"
20240908153000,2024-09-08 15:30,0.0,"{""type"":""MultiPoint"",""coordinates"":[]}"
20240908160000,2024-09-08 16:00,0.0,"{""type"":""MultiPoint"",""coordinates"":[]}"
20240908163000,2024-09-08 16:30,0.0,"{""type"":""MultiPoint"",""coordinates"":[]}"
20240908170000,2024-09-08 17:00,0.05999999865889549,"{""type"":""MultiPoint"",""coordinates"":[]}"
20240908173000,2024-09-08 17:30,0.04999999701976776,"{""type"":""MultiPoint"",""coordinates"":[]}"
20240908180000,2024-09-08 18:00,0.0,"{""type"":""MultiPoint"",""coordinates"":[]}"
20240908183000,2024-09-08 18:30,0.0,"{""type"":""MultiPoint"",""coordinates"":[]}"
20240908190000,2024-09-08 19:00,0.0,"{""type"":""MultiPoint"",""coordinates"":[]}"
20240908193000,2024-09-08 19:30,0.0,"{""type"":""MultiPoint"",""coordinates"":[]}"
20240908200000,2024-09-08 20:00,0.0,"{""type"":""MultiPoint"",""coordinates"":[]}"
20240908203000,2024-09-08 20:30,0.0,"{""type"":""MultiPoint"",""coordinates"":[]}"
20240908210000,2024-09-08 21:00,0.0,"{""type"":""MultiPoint"",""coordinates"":[]}"
20240908213000,2024-09-08 21:30,0.0,"{""type"":""MultiPoint"",""coordinates"":[]}"
20240908220000,2024-09-08 22:00,0.0,"{""type"":""MultiPoint"",""coordinates"":[]}"
20240908223000,2024-09-08 22:30,0.0,"{""type"":""MultiPoint"",""coordinates"":[]}"
20240908230000,2024-09-08 23:00,0.0,"{""type"":""MultiPoint"",""coordinates"":[]}"
20240908233000,2024-09-08 23:30,0.0,"{""type"":""MultiPoint"",""coordinates"":[]}"
20240909000000,2024-09-09 00:00,0.0,"{""type"":""MultiPoint"",""coordinates"":[]}"
20240909003000,2024-09-09 00:30,0.17000000178813934,"{""type"":""MultiPoint"",""coordinates"":[]}"
20240909010000,2024-09-09 01:00,0.26999998092651367,"{""type"":""MultiPoint"",""coordinates"":[]}"
20240909013000,2024-09-09 01:30,0.0,"{""type"":""MultiPoint"",""coordinates"":[]}"
20240909020000,2024-09-09 02:00,0.0,"{""type"":""MultiPoint"",""coordinates"":[]}"
20240909023000,2024-09-09 02:30,0.0,"{""type"":""MultiPoint"",""coordinates"":[]}"
20240909030000,2024-09-09 03:00,0.0,"{""type"":""MultiPoint"",""coordinates"":[]}"
20240909033000,2024-09-09 03:30,0.0,"{""type"":""MultiPoint"",""coordinates"":[]}"
20240909040000,2024-09-09 04:00,0.009999999776482582,"{""type"":""MultiPoint"",""coordinates"":[]}"
20240909043000,2024-09-09 04:30,0.05999999865889549,"{""type"":""MultiPoint"",""coordinates"":[]}"
20240909050000,2024-09-09 05:00,0.08999999612569809,"{""type"":""MultiPoint"",""coordinates"":[]}"
20240909053000,2024-09-09 05:30,0.08999999612569809,"{""type"":""MultiPoint"",""coordinates"":[]}"
20240909060000,2024-09-09 06:00,0.0,"{""type"":""MultiPoint"",""coordinates"":[]}"
20240909063000,2024-09-09 06:30,0.0,"{""type"":""MultiPoint"",""coordinates"":[]}"
20240909070000,2024-09-09 07:00,0.0,"{""type"":""MultiPoint"",""coordinates"":[]}"
20240909073000,2024-09-09 07:30,0.0,"{""type"":""MultiPoint"",""coordinates"":[]}"
20240909080000,2024-09-09 08:00,0.0,"{""type"":""MultiPoint"",""coordinates"":[]}"
20240909083000,2024-09-09 08:30,0.0,"{""type"":""MultiPoint"",""coordinates"":[]}"
20240909090000,2024-09-09 09:00,0.0,"{""type"":""MultiPoint"",""coordinates"":[]}"
20240909093000,2024-09-09 09:30,0.0,"{""type"":""MultiPoint"",""coordinates"":[]}"
20240909100000,2024-09-09 10:00,0.0,"{""type"":""MultiPoint"",""coordinates"":[]}"
20240909103000,2024-09-09 10:30,0.0,"{""type"":""MultiPoint"",""coordinates"":[]}"
20240909110000,2024-09-09 11:00,0.0,"{""type"":""MultiPoint"",""coordinates"":[]}"
20240909113000,2024-09-09 11:30,0.0,"{""type"":""MultiPoint"",""coordinates"":[]}"
20240909120000,2024-09-09 12:00,0.0,"{""type"":""MultiPoint"",""coordinates"":[]}"
20240909123000,2024-09-09 12:30,1.459999918937683,"{""type"":""MultiPoint"",""coordinates"":[]}"
20240909130000,2024-09-09 13:00,0.0,"{""type"":""MultiPoint"",""coordinates"":[]}"
20240909133000,2024-09-09 13:30,0.0,"{""type"":""MultiPoint"",""coordinates"":[]}"
20240909140000,2024-09-09 14:00,0.0,"{""type"":""MultiPoint"",""coordinates"":[]}"
20240909143000,2024-09-09 14:30,0.0,"{""type"":""MultiPoint"",""coordinates"":[]}"
20240909150000,2024-09-09 15:00,0.0,"{""type"":""MultiPoint"",""coordinates"":[]}"
20240909153000,2024-09-09 15:30,0.0,"{""type"":""MultiPoint"",""coordinates"":[]}"
20240909160000,2024-09-09 16:00,0.0,"{""type"":""MultiPoint"",""coordinates"":[]}"
20240909163000,2024-09-09 16:30,0.0,"{""type"":""MultiPoint"",""coordinates"":[]}"
20240909170000,2024-09-09 17:00,0.0,"{""type"":""MultiPoint"",""coordinates"":[]}"
20240909173000,2024-09-09 17:30,0.0,"{""type"":""MultiPoint"",""coordinates"":[]}"
20240909180000,2024-09-09 18:00,0.0,"{""type"":""MultiPoint"",""coordinates"":[]}"
20240909183000,2024-09-09 18:30,0.0,"{""type"":""MultiPoint"",""coordinates"":[]}"
20240909190000,2024-09-09 19:00,0.0,"{""type"":""MultiPoint"",""coordinates"":[]}"
20240909193000,2024-09-09 19:30,0.0,"{""type"":""MultiPoint"",""coordinates"":[]}"
20240909200000,2024-09-09 20:00,0.0,"{""type"":""MultiPoint"",""coordinates"":[]}"
20240909203000,2024-09-09 20:30,0.0,"{""type"":""MultiPoint"",""coordinates"":[]}"
20240909210000,2024-09-09 21:00,0.0,"{""type"":""MultiPoint"",""coordinates"":[]}"
20240909213000,2024-09-09 21:30,0.0,"{""type"":""MultiPoint"",""coordinates"":[]}"
20240909220000,2024-09-09 22:00,0.07999999821186066,"{""type"":""MultiPoint"",""coordinates"":[]}"
20240909223000,2024-09-09 22:30,0.0,"{""type"":""MultiPoint"",""coordinates"":[]}"
20240909230000,2024-09-09 23:00,0.0,"{""type"":""MultiPoint"",""coordinates"":[]}"
20240909233000,2024-09-09 23:30,0.0,"{""type"":""MultiPoint"",""coordinates"":[]}"
20240910000000,2024-09-10 00:00,0.07999999821186066,"{""type"":""MultiPoint"",""coordinates"":[]}"
20240910003000,2024-09-10 00:30,0.3199999928474426,"{""type"":""MultiPoint"",""coordinates"":[]}"
20240910010000,2024-09-10 01:00,0.0,"{""type"":""MultiPoint"",""coordinates"":[]}"
20240910013000,2024-09-10 01:30,0.0,"{""type"":""MultiPoint"",""coordinates"":[]}"
20240910020000,2024-09-10 02:00,0.0,"{""type"":""MultiPoint"",""coordinates"":[]}"
20240910023000,2024-09-10 02:30,0.0,"{""type"":""MultiPoint"",""coordinates"":[]}"
20240910030000,2024-09-10 03:00,0.0,"{""type"":""MultiPoint"",""coordinates"":[]}"
20240910033000,2024-09-10 03:30,0.0,"{""type"":""MultiPoint"",""coordinates"":[]}"
20240910040000,2024-09-10 04:00,0.0,"{""type"":""MultiPoint"",""coordinates"":[]}"
20240910043000,2024-09-10 04:30,0.0,"{""type"":""MultiPoint"",""coordinates"":[]}"
20240910050000,2024-09-10 05:00,0.0,"{""type"":""MultiPoint"",""coordinates"":[]}"
20240910053000,2024-09-10 05:30,0.09999999403953552,"{""type"":""MultiPoint"",""coordinates"":[]}"
20240910060000,2024-09-10 06:00,0.0,"{""type"":""MultiPoint"",""coordinates"":[]}"
20240910063000,2024-09-10 06:30,0.0,"{""type"":""MultiPoint"",""coordinates"":[]}"
20240910070000,2024-09-10 07:00,0.0,"{""type"":""MultiPoint"",""coordinates"":[]}"
20240910073000,2024-09-10 07:30,0.0,"{""type"":""MultiPoint"",""coordinates"":[]}"
20240910080000,2024-09-10 08:00,0.0,"{""type"":""MultiPoint"",""coordinates"":[]}"
20240910083000,2024-09-10 08:30,0.0,"{""type"":""MultiPoint"",""coordinates"":[]}"
20240910090000,2024-09-10 09:00,0.0,"{""type"":""MultiPoint"",""coordinates"":[]}"
20240910093000,2024-09-10 09:30,0.0,"{""type"":""MultiPoint"",""coordinates"":[]}"
20240910100000,2024-09-10 10:00,0.0,"{""type"":""MultiPoint"",""coordinates"":[]}"
20240910103000,2024-09-10 10:30,0.0,"{""type"":""MultiPoint"",""coordinates"":[]}"
20240910110000,2024-09-10 11:00,0.0,"{""type"":""MultiPoint"",""coordinates"":[]}"
20240910113000,2024-09-10 11:30,0.0,"{""type"":""MultiPoint"",""coordinates"":[]}"
20240910120000,2024-09-10 12:00,0.0,"{""type"":""MultiPoint"",""coordinates"":[]}"
20240910123000,2024-09-10 12:30,0.0,"{""type"":""MultiPoint"",""coordinates"":[]}"
20240910130000,2024-09-10 13:00,0.0,"{""type"":""MultiPoint"",""coordinates"":[]}"
20240910133000,2024-09-10 13:30,0.0,"{""type"":""MultiPoint"",""coordinates"":[]}"
20240910140000,2024-09-10 14:00,0.0,"{""type"":""MultiPoint"",""coordinates"":[]}"
20240910143000,2024-09-10 14:30,0.0,"{""type"":""MultiPoint"",""coordinates"":[]}"
20240910150000,2024-09-10 15:00,0.0,"{""type"":""MultiPoint"",""coordinates"":[]}"
20240910153000,2024-09-10 15:30,0.0,"{""type"":""MultiPoint"",""coordinates"":[]}"
20240910160000,2024-09-10 16:00,0.0,"{""type"":""MultiPoint"",""coordinates"":[]}"
20240910163000,2024-09-10 16:30,0.0,"{""type"":""MultiPoint"",""coordinates"":[]}"
20240910170000,2024-09-10 17:00,0.0,"{""type"":""MultiPoint"",""coordinates"":[]}"
20240910173000,2024-09-10 17:30,0.0,"{""type"":""MultiPoint"",""coordinates"":[]}"
20240910180000,2024-09-10 18:00,0.0,"{""type"":""MultiPoint"",""coordinates"":[]}"
20240910183000,2024-09-10 18:30,0.0,"{""type"":""MultiPoint"",""coordinates"":[]}"
20240910190000,2024-09-10 19:00,0.0,"{""type"":""MultiPoint"",""coordinates"":[]}"
20240910193000,2024-09-10 19:30,0.0,"{""type"":""MultiPoint"",""coordinates"":[]}"
20240910200000,2024-09-10 20:00,0.0,"{""type"":""MultiPoint"",""coordinates"":[]}"
20240910203000,2024-09-10 20:30,0.0,"{""type"":""MultiPoint"",""coordinates"":[]}"
20240910210000,2024-09-10 21:00,0.0,"{""type"":""MultiPoint"",""coordinates"":[]}"
20240910213000,2024-09-10 21:30,0.0,"{""type"":""MultiPoint"",""coordinates"":[]}"
20240910220000,2024-09-10 22:00,0.0,"{""type"":""MultiPoint"",""coordinates"":[]}"
20240910223000,2024-09-10 22:30,0.0,"{""type"":""MultiPoint"",""coordinates"":[]}"
20240910230000,2024-09-10 23:00,0.0,"{""type"":""MultiPoint"",""coordinates"":[]}"
20240910233000,2024-09-10 23:30,0.0,"{""type"":""MultiPoint"",""coordinates"":[]}"
20240911000000,2024-09-11 00:00,0.0,"{""type"":""MultiPoint"",""coordinates"":[]}"
20240911003000,2024-09-11 00:30,0.0,"{""type"":""MultiPoint"",""coordinates"":[]}"
20240911010000,2024-09-11 01:00,0.0,"{""type"":""MultiPoint"",""coordinates"":[]}"
20240911013000,2024-09-11 01:30,0.0,"{""type"":""MultiPoint"",""coordinates"":[]}"
20240911020000,2024-09-11 02:00,0.0,"{""type"":""MultiPoint"",""coordinates"":[]}"
20240911023000,2024-09-11 02:30,0.0,"{""type"":""MultiPoint"",""coordinates"":[]}"
20240911030000,2024-09-11 03:00,0.0,"{""type"":""MultiPoint"",""coordinates"":[]}"
20240911033000,2024-09-11 03:30,0.0,"{""type"":""MultiPoint"",""coordinates"":[]}"
20240911040000,2024-09-11 04:00,0.0,"{""type"":""MultiPoint"",""coordinates"":[]}"
20240911043000,2024-09-11 04:30,0.0,"{""type"":""MultiPoint"",""coordinates"":[]}"
20240911050000,2024-09-11 05:00,0.0,"{""type"":""MultiPoint"",""coordinates"":[]}"
20240911053000,2024-09-11 05:30,0.0,"{""type"":""MultiPoint"",""coordinates"":[]}"
20240911060000,2024-09-11 06:00,0.0,"{""type"":""MultiPoint"",""coordinates"":[]}"
20240911063000,2024-09-11 06:30,0.0,"{""type"":""MultiPoint"",""coordinates"":[]}"
20240911070000,2024-09-11 07:00,0.0,"{""type"":""MultiPoint"",""coordinates"":[]}"
20240911073000,2024-09-11 07:30,0.0,"{""type"":""MultiPoint"",""coordinates"":[]}"
20240911080000,2024-09-11 08:00,0.0,"{""type"":""MultiPoint"",""coordinates"":[]}"
20240911083000,2024-09-11 08:30,0.0,"{""type"":""MultiPoint"",""coordinates"":[]}"
20240911090000,2024-09-11 09:00,0.0,"{""type"":""MultiPoint"",""coordinates"":[]}"
20240911093000,2024-09-11 09:30,0.0,"{""type"":""MultiPoint"",""coordinates"":[]}"
20240911100000,2024-09-11 10:00,0.0,"{""type"":""MultiPoint"",""coordinates"":[]}"
20240911103000,2024-09-11 10:30,0.0,"{""type"":""MultiPoint"",""coordinates"":[]}"
20240911110000,2024-09-11 11:00,0.0,"{""type"":""MultiPoint"",""coordinates"":[]}"
20240911113000,2024-09-11 11:30,0.44999998807907104,"{""type"":""MultiPoint"",""coordinates"":[]}"
20240911120000,2024-09-11 12:00,0.0,"{""type"":""MultiPoint"",""coordinates"":[]}"
20240911123000,2024-09-11 12:30,0.07000000029802322,"{""type"":""MultiPoint"",""coordinates"":[]}"
20240911130000,2024-09-11 13:00,1.8399999141693115,"{""type"":""MultiPoint"",""coordinates"":[]}"
20240911133000,2024-09-11 13:30,2.569999933242798,"{""type"":""MultiPoint"",""coordinates"":[]}"
20240911140000,2024-09-11 14:00,2.169999837875366,"{""type"":""MultiPoint"",""coordinates"":[]}"
20240911143000,2024-09-11 14:30,0.7199999690055847,"{""type"":""MultiPoint"",""coordinates"":[]}"
20240911150000,2024-09-11 15:00,0.07000000029802322,"{""type"":""MultiPoint"",""coordinates"":[]}"
20240911153000,2024-09-11 15:30,0.0,"{""type"":""MultiPoint"",""coordinates"":[]}"
20240911160000,2024-09-11 16:00,0.3199999928474426,"{""type"":""MultiPoint"",""coordinates"":[]}"
20240911163000,2024-09-11 16:30,0.0,"{""type"":""MultiPoint"",""coordinates"":[]}"
20240911170000,2024-09-11 17:00,0.0,"{""type"":""MultiPoint"",""coordinates"":[]}"
20240911173000,2024-09-11 17:30,0.0,"{""type"":""MultiPoint"",""coordinates"":[]}"
20240911180000,2024-09-11 18:00,0.09999999403953552,"{""type"":""MultiPoint"",""coordinates"":[]}"
20240911183000,2024-09-11 18:30,0.009999999776482582,"{""type"":""MultiPoint"",""coordinates"":[]}"
20240911190000,2024-09-11 19:00,0.0,"{""type"":""MultiPoint"",""coordinates"":[]}"
20240911193000,2024-09-11 19:30,0.0,"{""type"":""MultiPoint"",""coordinates"":[]}"
20240911200000,2024-09-11 20:00,0.0,"{""type"":""MultiPoint"",""coordinates"":[]}"
20240911203000,2024-09-11 20:30,0.0,"{""type"":""MultiPoint"",""coordinates"":[]}"
20240911210000,2024-09-11 21:00,0.0,"{""type"":""MultiPoint"",""coordinates"":[]}"
20240911213000,2024-09-11 21:30,0.0,"{""type"":""MultiPoint"",""coordinates"":[]}"
20240911220000,2024-09-11 22:00,0.0,"{""type"":""MultiPoint"",""coordinates"":[]}"
20240911223000,2024-09-11 22:30,0.0,"{""type"":""MultiPoint"",""coordinates"":[]}"
20240911230000,2024-09-11 23:00,0.0,"{""type"":""MultiPoint"",""coordinates"":[]}"
20240911233000,2024-09-11 23:30,0.0,"{""type"":""MultiPoint"",""coordinates"":[]}"
20240912000000,2024-09-12 00:00,0.0,"{""type"":""MultiPoint"",""coordinates"":[]}"
20240912003000,2024-09-12 00:30,0.0,"{""type"":""MultiPoint"",""coordinates"":[]}"
20240912010000,2024-09-12 01:00,0.0,"{""type"":""MultiPoint"",""coordinates"":[]}"
20240912013000,2024-09-12 01:30,0.0,"{""type"":""MultiPoint"",""coordinates"":[]}"
20240912020000,2024-09-12 02:00,0.0,"{""type"":""MultiPoint"",""coordinates"":[]}"
20240912023000,2024-09-12 02:30,0.0,"{""type"":""MultiPoint"",""coordinates"":[]}"
20240912030000,2024-09-12 03:00,0.0,"{""type"":""MultiPoint"",""coordinates"":[]}"
20240912033000,2024-09-12 03:30,0.0,"{""type"":""MultiPoint"",""coordinates"":[]}"
20240912040000,2024-09-12 04:00,0.0,"{""type"":""MultiPoint"",""coordinates"":[]}"
20240912043000,2024-09-12 04:30,0.0,"{""type"":""MultiPoint"",""coordinates"":[]}"
20240912050000,2024-09-12 05:00,0.0,"{""type"":""MultiPoint"",""coordinates"":[]}"
20240912053000,2024-09-12 05:30,0.0,"{""type"":""MultiPoint"",""coordinates"":[]}"
20240912060000,2024-09-12 06:00,0.0,"{""type"":""MultiPoint"",""coordinates"":[]}"
20240912063000,2024-09-12 06:30,0.0,"{""type"":""MultiPoint"",""coordinates"":[]}"
20240912070000,2024-09-12 07:00,0.0,"{""type"":""MultiPoint"",""coordinates"":[]}"
20240912073000,2024-09-12 07:30,0.0,"{""type"":""MultiPoint"",""coordinates"":[]}"
20240912080000,2024-09-12 08:00,0.9300000071525574,"{""type"":""MultiPoint"",""coordinates"":[]}"
20240912083000,2024-09-12 08:30,0.0,"{""type"":""MultiPoint"",""coordinates"":[]}"
20240912090000,2024-09-12 09:00,0.0,"{""type"":""MultiPoint"",""coordinates"":[]}"
20240912093000,2024-09-12 09:30,0.0,"{""type"":""MultiPoint"",""coordinates"":[]}"
20240912100000,2024-09-12 10:00,0.0,"{""type"":""MultiPoint"",""coordinates"":[]}"
20240912103000,2024-09-12 10:30,0.0,"{""type"":""MultiPoint"",""coordinates"":[]}"
20240912110000,2024-09-12 11:00,0.0,"{""type"":""MultiPoint"",""coordinates"":[]}"
20240912113000,2024-09-12 11:30,0.07000000029802322,"{""type"":""MultiPoint"",""coordinates"":[]}"
20240912120000,2024-09-12 12:00,0.05999999865889549,"{""type"":""MultiPoint"",""coordinates"":[]}"
20240912123000,2024-09-12 12:30,0.08999999612569809,"{""type"":""MultiPoint"",""coordinates"":[]}"
20240912130000,2024-09-12 13:00,0.0,"{""type"":""MultiPoint"",""coordinates"":[]}"
20240912133000,2024-09-12 13:30,0.0,"{""type"":""MultiPoint"",""coordinates"":[]}"
20240912140000,2024-09-12 14:00,0.0,"{""type"":""MultiPoint"",""coordinates"":[]}"
20240912143000,2024-09-12 14:30,0.0,"{""type"":""MultiPoint"",""coordinates"":[]}"
20240912150000,2024-09-12 15:00,0.0,"{""type"":""MultiPoint"",""coordinates"":[]}"
20240912153000,2024-09-12 15:30,0.0,"{""type"":""MultiPoint"",""coordinates"":[]}"
20240912160000,2024-09-12 16:00,0.0,"{""type"":""MultiPoint"",""coordinates"":[]}"
20240912163000,2024-09-12 16:30,0.0,"{""type"":""MultiPoint"",""coordinates"":[]}"
20240912170000,2024-09-12 17:00,0.0,"{""type"":""MultiPoint"",""coordinates"":[]}"
20240912173000,2024-09-12 17:30,0.0,"{""type"":""MultiPoint"",""coordinates"":[]}"
20240912180000,2024-09-12 18:00,0.0,"{""type"":""MultiPoint"",""coordinates"":[]}"
20240912183000,2024-09-12 18:30,0.0,"{""type"":""MultiPoint"",""coordinates"":[]}"
20240912190000,2024-09-12 19:00,0.0,"{""type"":""MultiPoint"",""coordinates"":[]}"
20240912193000,2024-09-12 19:30,0.0,"{""type"":""MultiPoint"",""coordinates"":[]}"
20240912200000,2024-09-12 20:00,0.0,"{""type"":""MultiPoint"",""coordinates"":[]}"
20240912203000,2024-09-12 20:30,0.0,"{""type"":""MultiPoint"",""coordinates"":[]}"
20240912210000,2024-09-12 21:00,0.0,"{""type"":""MultiPoint"",""coordinates"":[]}"
20240912213000,2024-09-12 21:30,0.0,"{""type"":""MultiPoint"",""coordinates"":[]}"
20240912220000,2024-09-12 22:00,0.0,"{""type"":""MultiPoint"",""coordinates"":[]}"
20240912223000,2024-09-12 22:30,0.0,"{""type"":""MultiPoint"",""coordinates"":[]}"
20240912230000,2024-09-12 23:00,0.0,"{""type"":""MultiPoint"",""coordinates"":[]}"
20240912233000,2024-09-12 23:30,0.0,"{""type"":""MultiPoint"",""coordinates"":[]}"
20240913000000,2024-09-13 00:00,0.07999999821186066,"{""type"":""MultiPoint"",""coordinates"":[]}"
20240913003000,2024-09-13 00:30,0.07999999821186066,"{""type"":""MultiPoint"",""coordinates"":[]}"
20240913010000,2024-09-13 01:00,0.07999999821186066,"{""type"":""MultiPoint"",""coordinates"":[]}"
20240913013000,2024-09-13 01:30,0.0,"{""type"":""MultiPoint"",""coordinates"":[]}"
20240913020000,2024-09-13 02:00,0.009999999776482582,"{""type"":""MultiPoint"",""coordinates"":[]}"
20240913023000,2024-09-13 02:30,0.0,"{""type"":""MultiPoint"",""coordinates"":[]}"
20240913030000,2024-09-13 03:00,0.0,"{""type"":""MultiPoint"",""coordinates"":[]}"
20240913033000,2024-09-13 03:30,0.0,"{""type"":""MultiPoint"",""coordinates"":[]}"
20240913040000,2024-09-13 04:00,0.0,"{""type"":""MultiPoint"",""coordinates"":[]}"
20240913043000,2024-09-13 04:30,0.0,"{""type"":""MultiPoint"",""coordinates"":[]}"
20240913050000,2024-09-13 05:00,0.0,"{""type"":""MultiPoint"",""coordinates"":[]}"
20240913053000,2024-09-13 05:30,0.0,"{""type"":""MultiPoint"",""coordinates"":[]}"
20240913060000,2024-09-13 06:00,0.0,"{""type"":""MultiPoint"",""coordinates"":[]}"
20240913063000,2024-09-13 06:30,0.0,"{""type"":""MultiPoint"",""coordinates"":[]}"
20240913070000,2024-09-13 07:00,0.0,"{""type"":""MultiPoint"",""coordinates"":[]}"
20240913073000,2024-09-13 07:30,0.0,"{""type"":""MultiPoint"",""coordinates"":[]}"
20240913080000,2024-09-13 08:00,0.0,"{""type"":""MultiPoint"",""coordinates"":[]}"
20240913083000,2024-09-13 08:30,0.0,"{""type"":""MultiPoint"",""coordinates"":[]}"
20240913090000,2024-09-13 09:00,0.0,"{""type"":""MultiPoint"",""coordinates"":[]}"
20240913093000,2024-09-13 09:30,0.0,"{""type"":""MultiPoint"",""coordinates"":[]}"
20240913100000,2024-09-13 10:00,0.0,"{""type"":""MultiPoint"",""coordinates"":[]}"
20240913103000,2024-09-13 10:30,0.0,"{""type"":""MultiPoint"",""coordinates"":[]}"
20240913110000,2024-09-13 11:00,0.0,"{""type"":""MultiPoint"",""coordinates"":[]}"
20240913113000,2024-09-13 11:30,0.0,"{""type"":""MultiPoint"",""coordinates"":[]}"
20240913120000,2024-09-13 12:00,0.7099999785423279,"{""type"":""MultiPoint"",""coordinates"":[]}"
20240913123000,2024-09-13 12:30,0.0,"{""type"":""MultiPoint"",""coordinates"":[]}"
20240913130000,2024-09-13 13:00,0.0,"{""type"":""MultiPoint"",""coordinates"":[]}"
20240913133000,2024-09-13 13:30,0.0,"{""type"":""MultiPoint"",""coordinates"":[]}"
20240913140000,2024-09-13 14:00,0.0,"{""type"":""MultiPoint"",""coordinates"":[]}"
20240913143000,2024-09-13 14:30,0.019999999552965164,"{""type"":""MultiPoint"",""coordinates"":[]}"
20240913150000,2024-09-13 15:00,1.3399999141693115,"{""type"":""MultiPoint"",""coordinates"":[]}"
20240913153000,2024-09-13 15:30,1.059999942779541,"{""type"":""MultiPoint"",""coordinates"":[]}"
20240913160000,2024-09-13 16:00,0.0,"{""type"":""MultiPoint"",""coordinates"":[]}"
20240913163000,2024-09-13 16:30,0.0,"{""type"":""MultiPoint"",""coordinates"":[]}"
20240913170000,2024-09-13 17:00,0.0,"{""type"":""MultiPoint"",""coordinates"":[]}"
20240913173000,2024-09-13 17:30,0.0,"{""type"":""MultiPoint"",""coordinates"":[]}"
20240913180000,2024-09-13 18:00,0.23999999463558197,"{""type"":""MultiPoint"",""coordinates"":[]}"
20240913183000,2024-09-13 18:30,0.0,"{""type"":""MultiPoint"",""coordinates"":[]}"
20240913190000,2024-09-13 19:00,0.0,"{""type"":""MultiPoint"",""coordinates"":[]}"
20240913193000,2024-09-13 19:30,0.0,"{""type"":""MultiPoint"",""coordinates"":[]}"
20240913200000,2024-09-13 20:00,0.0,"{""type"":""MultiPoint"",""coordinates"":[]}"
20240913203000,2024-09-13 20:30,0.0,"{""type"":""MultiPoint"",""coordinates"":[]}"
20240913210000,2024-09-13 21:00,0.0,"{""type"":""MultiPoint"",""coordinates"":[]}"
20240913213000,2024-09-13 21:30,0.0,"{""type"":""MultiPoint"",""coordinates"":[]}"
20240913220000,2024-09-13 22:00,0.0,"{""type"":""MultiPoint"",""coordinates"":[]}"
20240913223000,2024-09-13 22:30,0.0,"{""type"":""MultiPoint"",""coordinates"":[]}"
20240913230000,2024-09-13 23:00,0.0,"{""type"":""MultiPoint"",""coordinates"":[]}"
20240913233000,2024-09-13 23:30,0.0,"{""type"":""MultiPoint"",""coordinates"":[]}"
20240914000000,2024-09-14 00:00,0.0,"{""type"":""MultiPoint"",""coordinates"":[]}"
20240914003000,2024-09-14 00:30,0.0,"{""type"":""MultiPoint"",""coordinates"":[]}"
20240914010000,2024-09-14 01:00,0.0,"{""type"":""MultiPoint"",""coordinates"":[]}"
20240914013000,2024-09-14 01:30,0.0,"{""type"":""MultiPoint"",""coordinates"":[]}"
20240914020000,2024-09-14 02:00,0.009999999776482582,"{""type"":""MultiPoint"",""coordinates"":[]}"
20240914023000,2024-09-14 02:30,0.0,"{""type"":""MultiPoint"",""coordinates"":[]}"
20240914030000,2024-09-14 03:00,0.009999999776482582,"{""type"":""MultiPoint"",""coordinates"":[]}"
20240914033000,2024-09-14 03:30,0.0,"{""type"":""MultiPoint"",""coordinates"":[]}"
20240914040000,2024-09-14 04:00,0.0,"{""type"":""MultiPoint"",""coordinates"":[]}"
20240914043000,2024-09-14 04:30,0.0,"{""type"":""MultiPoint"",""coordinates"":[]}"
20240914050000,2024-09-14 05:00,0.0,"{""type"":""MultiPoint"",""coordinates"":[]}"
20240914053000,2024-09-14 05:30,0.0,"{""type"":""MultiPoint"",""coordinates"":[]}"
20240914060000,2024-09-14 06:00,0.0,"{""type"":""MultiPoint"",""coordinates"":[]}"
20240914063000,2024-09-14 06:30,0.0,"{""type"":""MultiPoint"",""coordinates"":[]}"
20240914070000,2024-09-14 07:00,0.0,"{""type"":""MultiPoint"",""coordinates"":[]}"
20240914073000,2024-09-14 07:30,0.0,"{""type"":""MultiPoint"",""coordinates"":[]}"
20240914080000,2024-09-14 08:00,0.0,"{""type"":""MultiPoint"",""coordinates"":[]}"
20240914083000,2024-09-14 08:30,0.0,"{""type"":""MultiPoint"",""coordinates"":[]}"
20240914090000,2024-09-14 09:00,0.0,"{""type"":""MultiPoint"",""coordinates"":[]}"
20240914093000,2024-09-14 09:30,0.0,"{""type"":""MultiPoint"",""coordinates"":[]}"
20240914100000,2024-09-14 10:00,0.0,"{""type"":""MultiPoint"",""coordinates"":[]}"
20240914103000,2024-09-14 10:30,0.0,"{""type"":""MultiPoint"",""coordinates"":[]}"
20240914110000,2024-09-14 11:00,0.0,"{""type"":""MultiPoint"",""coordinates"":[]}"
20240914113000,2024-09-14 11:30,0.0,"{""type"":""MultiPoint"",""coordinates"":[]}"
20240914120000,2024-09-14 12:00,0.0,"{""type"":""MultiPoint"",""coordinates"":[]}"
20240914123000,2024-09-14 12:30,0.0,"{""type"":""MultiPoint"",""coordinates"":[]}"
20240914130000,2024-09-14 13:00,0.0,"{""type"":""MultiPoint"",""coordinates"":[]}"
20240914133000,2024-09-14 13:30,0.0,"{""type"":""MultiPoint"",""coordinates"":[]}"
20240914140000,2024-09-14 14:00,0.0,"{""type"":""MultiPoint"",""coordinates"":[]}"
20240914143000,2024-09-14 14:30,0.0,"{""type"":""MultiPoint"",""coordinates"":[]}"
20240914150000,2024-09-14 15:00,0.0,"{""type"":""MultiPoint"",""coordinates"":[]}"
20240914153000,2024-09-14 15:30,0.0,"{""type"":""MultiPoint"",""coordinates"":[]}"
20240914160000,2024-09-14 16:00,0.0,"{""type"":""MultiPoint"",""coordinates"":[]}"
20240914163000,2024-09-14 16:30,0.0,"{""type"":""MultiPoint"",""coordinates"":[]}"
20240914170000,2024-09-14 17:00,0.0,"{""type"":""MultiPoint"",""coordinates"":[]}"
20240914173000,2024-09-14 17:30,0.0,"{""type"":""MultiPoint"",""coordinates"":[]}"
20240914180000,2024-09-14 18:00,0.0,"{""type"":""MultiPoint"",""coordinates"":[]}"
20240914183000,2024-09-14 18:30,0.0,"{""type"":""MultiPoint"",""coordinates"":[]}"
20240914190000,2024-09-14 19:00,0.0,"{""type"":""MultiPoint"",""coordinates"":[]}"
20240914193000,2024-09-14 19:30,0.0,"{""type"":""MultiPoint"",""coordinates"":[]}"
20240914200000,2024-09-14 20:00,0.0,"{""type"":""MultiPoint"",""coordinates"":[]}"
20240914203000,2024-09-14 20:30,0.0,"{""type"":""MultiPoint"",""coordinates"":[]}"
20240914210000,2024-09-14 21:00,0.0,"{""type"":""MultiPoint"",""coordinates"":[]}"
20240914213000,2024-09-14 21:30,0.0,"{""type"":""MultiPoint"",""coordinates"":[]}"
20240914220000,2024-09-14 22:00,0.0,"{""type"":""MultiPoint"",""coordinates"":[]}"
20240914223000,2024-09-14 22:30,0.0,"{""type"":""MultiPoint"",""coordinates"":[]}"
20240914230000,2024-09-14 23:00,0.0,"{""type"":""MultiPoint"",""coordinates"":[]}"
20240914233000,2024-09-14 23:30,0.0,"{""type"":""MultiPoint"",""coordinates"":[]}"
20240915000000,2024-09-15 00:00,0.0,"{""type"":""MultiPoint"",""coordinates"":[]}"
20240915003000,2024-09-15 00:30,0.0,"{""type"":""MultiPoint"",""coordinates"":[]}"
20240915010000,2024-09-15 01:00,0.0,"{""type"":""MultiPoint"",""coordinates"":[]}"
20240915013000,2024-09-15 01:30,0.0,"{""type"":""MultiPoint"",""coordinates"":[]}"
20240915020000,2024-09-15 02:00,0.0,"{""type"":""MultiPoint"",""coordinates"":[]}"
20240915023000,2024-09-15 02:30,0.0,"{""type"":""MultiPoint"",""coordinates"":[]}"
20240915030000,2024-09-15 03:00,0.0,"{""type"":""MultiPoint"",""coordinates"":[]}"
20240915033000,2024-09-15 03:30,0.0,"{""type"":""MultiPoint"",""coordinates"":[]}"
20240915040000,2024-09-15 04:00,0.0,"{""type"":""MultiPoint"",""coordinates"":[]}"
20240915043000,2024-09-15 04:30,0.0,"{""type"":""MultiPoint"",""coordinates"":[]}"
20240915050000,2024-09-15 05:00,0.0,"{""type"":""MultiPoint"",""coordinates"":[]}"
20240915053000,2024-09-15 05:30,0.0,"{""type"":""MultiPoint"",""coordinates"":[]}"
20240915060000,2024-09-15 06:00,0.0,"{""type"":""MultiPoint"",""coordinates"":[]}"
20240915063000,2024-09-15 06:30,0.0,"{""type"":""MultiPoint"",""coordinates"":[]}"
20240915070000,2024-09-15 07:00,0.0,"{""type"":""MultiPoint"",""coordinates"":[]}"
20240915073000,2024-09-15 07:30,0.0,"{""type"":""MultiPoint"",""coordinates"":[]}"
20240915080000,2024-09-15 08:00,0.0,"{""type"":""MultiPoint"",""coordinates"":[]}"
20240915083000,2024-09-15 08:30,0.0,"{""type"":""MultiPoint"",""coordinates"":[]}"
20240915090000,2024-09-15 09:00,0.0,"{""type"":""MultiPoint"",""coordinates"":[]}"
20240915093000,2024-09-15 09:30,0.0,"{""type"":""MultiPoint"",""coordinates"":[]}"
20240915100000,2024-09-15 10:00,0.009999999776482582,"{""type"":""MultiPoint"",""coordinates"":[]}"
20240915103000,2024-09-15 10:30,0.17000000178813934,"{""type"":""MultiPoint"",""coordinates"":[]}"
20240915110000,2024-09-15 11:00,1.0399999618530273,"{""type"":""MultiPoint"",""coordinates"":[]}"
20240915113000,2024-09-15 11:30,1.350000023841858,"{""type"":""MultiPoint"",""coordinates"":[]}"
20240915120000,2024-09-15 12:00,1.350000023841858,"{""type"":""MultiPoint"",""coordinates"":[]}"
20240915123000,2024-09-15 12:30,0.4399999976158142,"{""type"":""MultiPoint"",""coordinates"":[]}"
20240915130000,2024-09-15 13:00,0.0,"{""type"":""MultiPoint"",""coordinates"":[]}"
20240915133000,2024-09-15 13:30,0.0,"{""type"":""MultiPoint"",""coordinates"":[]}"
20240915140000,2024-09-15 14:00,0.0,"{""type"":""MultiPoint"",""coordinates"":[]}"
20240915143000,2024-09-15 14:30,0.0,"{""type"":""MultiPoint"",""coordinates"":[]}"
20240915150000,2024-09-15 15:00,0.0,"{""type"":""MultiPoint"",""coordinates"":[]}"
20240915153000,2024-09-15 15:30,0.0,"{""type"":""MultiPoint"",""coordinates"":[]}"
20240915160000,2024-09-15 16:00,0.0,"{""type"":""MultiPoint"",""coordinates"":[]}"
20240915163000,2024-09-15 16:30,0.0,"{""type"":""MultiPoint"",""coordinates"":[]}"
20240915170000,2024-09-15 17:00,0.0,"{""type"":""MultiPoint"",""coordinates"":[]}"
20240915173000,2024-09-15 17:30,0.019999999552965164,"{""type"":""MultiPoint"",""coordinates"":[]}"
20240915180000,2024-09-15 18:00,0.0,"{""type"":""MultiPoint"",""coordinates"":[]}"
20240915183000,2024-09-15 18:30,0.6200000047683716,"{""type"":""MultiPoint"",""coordinates"":[]}"
20240915190000,2024-09-15 19:00,3.0399999618530273,"{""type"":""MultiPoint"",""coordinates"":[]}"
20240915193000,2024-09-15 19:30,4.769999980926514,"{""type"":""MultiPoint"",""coordinates"":[]}"
20240915200000,2024-09-15 20:00,17.520000457763672,"{""type"":""MultiPoint"",""coordinates"":[]}"
20240915203000,2024-09-15 20:30,26.809999465942383,"{""type"":""MultiPoint"",""coordinates"":[]}"
20240915210000,2024-09-15 21:00,9.979999542236328,"{""type"":""MultiPoint"",""coordinates"":[]}"
20240915213000,2024-09-15 21:30,8.109999656677246,"{""type"":""MultiPoint"",""coordinates"":[]}"
20240915220000,2024-09-15 22:00,5.150000095367432,"{""type"":""MultiPoint"",""coordinates"":[]}"
20240915223000,2024-09-15 22:30,0.019999999552965164,"{""type"":""MultiPoint"",""coordinates"":[]}"
20240915230000,2024-09-15 23:00,0.0,"{""type"":""MultiPoint"",""coordinates"":[]}"
20240915233000,2024-09-15 23:30,1.5199999809265137,"{""type"":""MultiPoint"",""coordinates"":[]}"
20240916000000,2024-09-16 00:00,0.8100000023841858,"{""type"":""MultiPoint"",""coordinates"":[]}"
20240916003000,2024-09-16 00:30,0.05999999865889549,"{""type"":""MultiPoint"",""coordinates"":[]}"
20240916010000,2024-09-16 01:00,0.0,"{""type"":""MultiPoint"",""coordinates"":[]}"
20240916013000,2024-09-16 01:30,0.0,"{""type"":""MultiPoint"",""coordinates"":[]}"
20240916020000,2024-09-16 02:00,0.0,"{""type"":""MultiPoint"",""coordinates"":[]}"
20240916023000,2024-09-16 02:30,0.0,"{""type"":""MultiPoint"",""coordinates"":[]}"
20240916030000,2024-09-16 03:00,0.0,"{""type"":""MultiPoint"",""coordinates"":[]}"
20240916033000,2024-09-16 03:30,0.0,"{""type"":""MultiPoint"",""coordinates"":[]}"
20240916040000,2024-09-16 04:00,0.0,"{""type"":""MultiPoint"",""coordinates"":[]}"
20240916043000,2024-09-16 04:30,0.0,"{""type"":""MultiPoint"",""coordinates"":[]}"
20240916050000,2024-09-16 05:00,0.0,"{""type"":""MultiPoint"",""coordinates"":[]}"
20240916053000,2024-09-16 05:30,0.0,"{""type"":""MultiPoint"",""coordinates"":[]}"
20240916060000,2024-09-16 06:00,0.0,"{""type"":""MultiPoint"",""coordinates"":[]}"
20240916063000,2024-09-16 06:30,0.0,"{""type"":""MultiPoint"",""coordinates"":[]}"
20240916070000,2024-09-16 07:00,0.0,"{""type"":""MultiPoint"",""coordinates"":[]}"
20240916073000,2024-09-16 07:30,0.0,"{""type"":""MultiPoint"",""coordinates"":[]}"
20240916080000,2024-09-16 08:00,2.0799999237060547,"{""type"":""MultiPoint"",""coordinates"":[]}"
20240916083000,2024-09-16 08:30,2.069999933242798,"{""type"":""MultiPoint"",""coordinates"":[]}"
20240916090000,2024-09-16 09:00,2.069999933242798,"{""type"":""MultiPoint"",""coordinates"":[]}"
20240916093000,2024-09-16 09:30,0.8999999761581421,"{""type"":""MultiPoint"",""coordinates"":[]}"
20240916100000,2024-09-16 10:00,0.0,"{""type"":""MultiPoint"",""coordinates"":[]}"
20240916103000,2024-09-16 10:30,0.0,"{""type"":""MultiPoint"",""coordinates"":[]}"
20240916110000,2024-09-16 11:00,0.0,"{""type"":""MultiPoint"",""coordinates"":[]}"
20240916113000,2024-09-16 11:30,0.0,"{""type"":""MultiPoint"",""coordinates"":[]}"
20240916120000,2024-09-16 12:00,0.0,"{""type"":""MultiPoint"",""coordinates"":[]}"
20240916123000,2024-09-16 12:30,0.0,"{""type"":""MultiPoint"",""coordinates"":[]}"
20240916130000,2024-09-16 13:00,0.0,"{""type"":""MultiPoint"",""coordinates"":[]}"
20240916133000,2024-09-16 13:30,0.0,"{""type"":""MultiPoint"",""coordinates"":[]}"
20240916140000,2024-09-16 14:00,0.0,"{""type"":""MultiPoint"",""coordinates"":[]}"
20240916143000,2024-09-16 14:30,0.0,"{""type"":""MultiPoint"",""coordinates"":[]}"
20240916150000,2024-09-16 15:00,0.0,"{""type"":""MultiPoint"",""coordinates"":[]}"
20240916153000,2024-09-16 15:30,4.849999904632568,"{""type"":""MultiPoint"",""coordinates"":[]}"
20240916160000,2024-09-16 16:00,7.679999828338623,"{""type"":""MultiPoint"",""coordinates"":[]}"
20240916163000,2024-09-16 16:30,3.0999999046325684,"{""type"":""MultiPoint"",""coordinates"":[]}"
20240916170000,2024-09-16 17:00,1.459999918937683,"{""type"":""MultiPoint"",""coordinates"":[]}"
20240916173000,2024-09-16 17:30,2.5199999809265137,"{""type"":""MultiPoint"",""coordinates"":[]}"
20240916180000,2024-09-16 18:00,1.5799999237060547,"{""type"":""MultiPoint"",""coordinates"":[]}"
20240916183000,2024-09-16 18:30,0.019999999552965164,"{""type"":""MultiPoint"",""coordinates"":[]}"
20240916190000,2024-09-16 19:00,0.19999998807907104,"{""type"":""MultiPoint"",""coordinates"":[]}"
20240916193000,2024-09-16 19:30,0.0,"{""type"":""MultiPoint"",""coordinates"":[]}"
20240916200000,2024-09-16 20:00,0.23999999463558197,"{""type"":""MultiPoint"",""coordinates"":[]}"
20240916203000,2024-09-16 20:30,0.9899999499320984,"{""type"":""MultiPoint"",""coordinates"":[]}"
20240916210000,2024-09-16 21:00,0.4399999976158142,"{""type"":""MultiPoint"",""coordinates"":[]}"
20240916213000,2024-09-16 21:30,0.07000000029802322,"{""type"":""MultiPoint"",""coordinates"":[]}"
20240916220000,2024-09-16 22:00,0.0,"{""type"":""MultiPoint"",""coordinates"":[]}"
20240916223000,2024-09-16 22:30,0.0,"{""type"":""MultiPoint"",""coordinates"":[]}"
20240916230000,2024-09-16 23:00,0.0,"{""type"":""MultiPoint"",""coordinates"":[]}"
20240916233000,2024-09-16 23:30,0.0,"{""type"":""MultiPoint"",""coordinates"":[]}"
20240917000000,2024-09-17 00:00,0.0,"{""type"":""MultiPoint"",""coordinates"":[]}"
20240917003000,2024-09-17 00:30,0.0,"{""type"":""MultiPoint"",""coordinates"":[]}"
20240917010000,2024-09-17 01:00,0.10999999940395355,"{""type"":""MultiPoint"",""coordinates"":[]}"
20240917013000,2024-09-17 01:30,0.0,"{""type"":""MultiPoint"",""coordinates"":[]}"
20240917020000,2024-09-17 02:00,0.0,"{""type"":""MultiPoint"",""coordinates"":[]}"
20240917023000,2024-09-17 02:30,0.0,"{""type"":""MultiPoint"",""coordinates"":[]}"
20240917030000,2024-09-17 03:00,0.0,"{""type"":""MultiPoint"",""coordinates"":[]}"
20240917033000,2024-09-17 03:30,0.0,"{""type"":""MultiPoint"",""coordinates"":[]}"
20240917040000,2024-09-17 04:00,0.0,"{""type"":""MultiPoint"",""coordinates"":[]}"
20240917043000,2024-09-17 04:30,0.0,"{""type"":""MultiPoint"",""coordinates"":[]}"
20240917050000,2024-09-17 05:00,0.0,"{""type"":""MultiPoint"",""coordinates"":[]}"
20240917053000,2024-09-17 05:30,0.0,"{""type"":""MultiPoint"",""coordinates"":[]}"
20240917060000,2024-09-17 06:00,0.0,"{""type"":""MultiPoint"",""coordinates"":[]}"
20240917063000,2024-09-17 06:30,0.0,"{""type"":""MultiPoint"",""coordinates"":[]}"
20240917070000,2024-09-17 07:00,0.0,"{""type"":""MultiPoint"",""coordinates"":[]}"
20240917073000,2024-09-17 07:30,0.0,"{""type"":""MultiPoint"",""coordinates"":[]}"
20240917080000,2024-09-17 08:00,0.3499999940395355,"{""type"":""MultiPoint"",""coordinates"":[]}"
20240917083000,2024-09-17 08:30,0.23999999463558197,"{""type"":""MultiPoint"",""coordinates"":[]}"
20240917090000,2024-09-17 09:00,0.0,"{""type"":""MultiPoint"",""coordinates"":[]}"
20240917093000,2024-09-17 09:30,0.0,"{""type"":""MultiPoint"",""coordinates"":[]}"
20240917100000,2024-09-17 10:00,0.0,"{""type"":""MultiPoint"",""coordinates"":[]}"
20240917103000,2024-09-17 10:30,0.05999999865889549,"{""type"":""MultiPoint"",""coordinates"":[]}"
20240917110000,2024-09-17 11:00,0.07000000029802322,"{""type"":""MultiPoint"",""coordinates"":[]}"
20240917113000,2024-09-17 11:30,0.09999999403953552,"{""type"":""MultiPoint"",""coordinates"":[]}"
20240917120000,2024-09-17 12:00,0.07000000029802322,"{""type"":""MultiPoint"",""coordinates"":[]}"
20240917123000,2024-09-17 12:30,0.17999999225139618,"{""type"":""MultiPoint"",""coordinates"":[]}"
20240917130000,2024-09-17 13:00,0.35999998450279236,"{""type"":""MultiPoint"",""coordinates"":[]}"
20240917133000,2024-09-17 13:30,0.09999999403953552,"{""type"":""MultiPoint"",""coordinates"":[]}"
20240917140000,2024-09-17 14:00,0.0,"{""type"":""MultiPoint"",""coordinates"":[]}"
20240917143000,2024-09-17 14:30,0.0,"{""type"":""MultiPoint"",""coordinates"":[]}"
20240917150000,2024-09-17 15:00,0.0,"{""type"":""MultiPoint"",""coordinates"":[]}"
20240917153000,2024-09-17 15:30,0.0,"{""type"":""MultiPoint"",""coordinates"":[]}"
20240917160000,2024-09-17 16:00,0.0,"{""type"":""MultiPoint"",""coordinates"":[]}"
20240917163000,2024-09-17 16:30,0.0,"{""type"":""MultiPoint"",""coordinates"":[]}"
20240917170000,2024-09-17 17:00,0.0,"{""type"":""MultiPoint"",""coordinates"":[]}"
20240917173000,2024-09-17 17:30,0.0,"{""type"":""MultiPoint"",""coordinates"":[]}"
20240917180000,2024-09-17 18:00,0.0,"{""type"":""MultiPoint"",""coordinates"":[]}"
20240917183000,2024-09-17 18:30,0.0,"{""type"":""MultiPoint"",""coordinates"":[]}"
20240917190000,2024-09-17 19:00,0.0,"{""type"":""MultiPoint"",""coordinates"":[]}"
20240917193000,2024-09-17 19:30,0.0,"{""type"":""MultiPoint"",""coordinates"":[]}"
20240917200000,2024-09-17 20:00,0.0,"{""type"":""MultiPoint"",""coordinates"":[]}"
20240917203000,2024-09-17 20:30,0.0,"{""type"":""MultiPoint"",""coordinates"":[]}"
20240917210000,2024-09-17 21:00,0.0,"{""type"":""MultiPoint"",""coordinates"":[]}"
20240917213000,2024-09-17 21:30,0.0,"{""type"":""MultiPoint"",""coordinates"":[]}"
20240917220000,2024-09-17 22:00,0.0,"{""type"":""MultiPoint"",""coordinates"":[]}"
20240917223000,2024-09-17 22:30,2.9600000381469727,"{""type"":""MultiPoint"",""coordinates"":[]}"
20240917230000,2024-09-17 23:00,1.3700000047683716,"{""type"":""MultiPoint"",""coordinates"":[]}"
20240917233000,2024-09-17 23:30,0.09999999403953552,"{""type"":""MultiPoint"",""coordinates"":[]}"
20240918000000,2024-09-18 00:00,1.409999966621399,"{""type"":""MultiPoint"",""coordinates"":[]}"
20240918003000,2024-09-18 00:30,1.2899999618530273,"{""type"":""MultiPoint"",""coordinates"":[]}"
20240918010000,2024-09-18 01:00,2.200000047683716,"{""type"":""MultiPoint"",""coordinates"":[]}"
20240918013000,2024-09-18 01:30,1.6799999475479126,"{""type"":""MultiPoint"",""coordinates"":[]}"
20240918020000,2024-09-18 02:00,0.7699999809265137,"{""type"":""MultiPoint"",""coordinates"":[]}"
20240918023000,2024-09-18 02:30,0.6399999856948853,"{""type"":""MultiPoint"",""coordinates"":[]}"
20240918030000,2024-09-18 03:00,0.009999999776482582,"{""type"":""MultiPoint"",""coordinates"":[]}"
20240918033000,2024-09-18 03:30,0.0,"{""type"":""MultiPoint"",""coordinates"":[]}"
20240918040000,2024-09-18 04:00,0.0,"{""type"":""MultiPoint"",""coordinates"":[]}"
20240918043000,2024-09-18 04:30,0.0,"{""type"":""MultiPoint"",""coordinates"":[]}"
20240918050000,2024-09-18 05:00,0.0,"{""type"":""MultiPoint"",""coordinates"":[]}"
20240918053000,2024-09-18 05:30,0.0,"{""type"":""MultiPoint"",""coordinates"":[]}"
20240918060000,2024-09-18 06:00,0.0,"{""type"":""MultiPoint"",""coordinates"":[]}"
20240918063000,2024-09-18 06:30,0.0,"{""type"":""MultiPoint"",""coordinates"":[]}"
20240918070000,2024-09-18 07:00,0.0,"{""type"":""MultiPoint"",""coordinates"":[]}"
20240918073000,2024-09-18 07:30,0.0,"{""type"":""MultiPoint"",""coordinates"":[]}"
20240918080000,2024-09-18 08:00,0.0,"{""type"":""MultiPoint"",""coordinates"":[]}"
20240918083000,2024-09-18 08:30,0.0,"{""type"":""MultiPoint"",""coordinates"":[]}"
20240918090000,2024-09-18 09:00,0.699999988079071,"{""type"":""MultiPoint"",""coordinates"":[]}"
20240918093000,2024-09-18 09:30,0.0,"{""type"":""MultiPoint"",""coordinates"":[]}"
20240918100000,2024-09-18 10:00,0.0,"{""type"":""MultiPoint"",""coordinates"":[]}"
20240918103000,2024-09-18 10:30,0.0,"{""type"":""MultiPoint"",""coordinates"":[]}"
20240918110000,2024-09-18 11:00,0.0,"{""type"":""MultiPoint"",""coordinates"":[]}"
20240918113000,2024-09-18 11:30,0.0,"{""type"":""MultiPoint"",""coordinates"":[]}"
20240918120000,2024-09-18 12:00,0.0,"{""type"":""MultiPoint"",""coordinates"":[]}"
20240918123000,2024-09-18 12:30,0.0,"{""type"":""MultiPoint"",""coordinates"":[]}"
20240918130000,2024-09-18 13:00,0.0,"{""type"":""MultiPoint"",""coordinates"":[]}"
20240918133000,2024-09-18 13:30,0.0,"{""type"":""MultiPoint"",""coordinates"":[]}"
20240918140000,2024-09-18 14:00,0.0,"{""type"":""MultiPoint"",""coordinates"":[]}"
20240918143000,2024-09-18 14:30,0.0,"{""type"":""MultiPoint"",""coordinates"":[]}"
20240918150000,2024-09-18 15:00,0.0,"{""type"":""MultiPoint"",""coordinates"":[]}"
20240918153000,2024-09-18 15:30,0.0,"{""type"":""MultiPoint"",""coordinates"":[]}"
20240918160000,2024-09-18 16:00,0.0,"{""type"":""MultiPoint"",""coordinates"":[]}"
20240918163000,2024-09-18 16:30,0.0,"{""type"":""MultiPoint"",""coordinates"":[]}"
20240918170000,2024-09-18 17:00,0.0,"{""type"":""MultiPoint"",""coordinates"":[]}"
20240918173000,2024-09-18 17:30,0.0,"{""type"":""MultiPoint"",""coordinates"":[]}"
20240918180000,2024-09-18 18:00,0.0,"{""type"":""MultiPoint"",""coordinates"":[]}"
20240918183000,2024-09-18 18:30,0.0,"{""type"":""MultiPoint"",""coordinates"":[]}"
20240918190000,2024-09-18 19:00,0.0,"{""type"":""MultiPoint"",""coordinates"":[]}"
20240918193000,2024-09-18 19:30,0.0,"{""type"":""MultiPoint"",""coordinates"":[]}"
20240918200000,2024-09-18 20:00,0.0,"{""type"":""MultiPoint"",""coordinates"":[]}"
20240918203000,2024-09-18 20:30,0.0,"{""type"":""MultiPoint"",""coordinates"":[]}"
20240918210000,2024-09-18 21:00,0.0,"{""type"":""MultiPoint"",""coordinates"":[]}"
20240918213000,2024-09-18 21:30,0.07999999821186066,"{""type"":""MultiPoint"",""coordinates"":[]}"
20240918220000,2024-09-18 22:00,0.35999998450279236,"{""type"":""MultiPoint"",""coordinates"":[]}"
20240918223000,2024-09-18 22:30,4.319999694824219,"{""type"":""MultiPoint"",""coordinates"":[]}"
20240918230000,2024-09-18 23:00,3.4099998474121094,"{""type"":""MultiPoint"",""coordinates"":[]}"
20240918233000,2024-09-18 23:30,0.0,"{""type"":""MultiPoint"",""coordinates"":[]}"
20240919000000,2024-09-19 00:00,0.0,"{""type"":""MultiPoint"",""coordinates"":[]}"
20240919003000,2024-09-19 00:30,0.0,"{""type"":""MultiPoint"",""coordinates"":[]}"
20240919010000,2024-09-19 01:00,0.0,"{""type"":""MultiPoint"",""coordinates"":[]}"
20240919013000,2024-09-19 01:30,0.0,"{""type"":""MultiPoint"",""coordinates"":[]}"
20240919020000,2024-09-19 02:00,0.0,"{""type"":""MultiPoint"",""coordinates"":[]}"
20240919023000,2024-09-19 02:30,0.0,"{""type"":""MultiPoint"",""coordinates"":[]}"
20240919030000,2024-09-19 03:00,0.0,"{""type"":""MultiPoint"",""coordinates"":[]}"
20240919033000,2024-09-19 03:30,0.0,"{""type"":""MultiPoint"",""coordinates"":[]}"
20240919040000,2024-09-19 04:00,0.0,"{""type"":""MultiPoint"",""coordinates"":[]}"
20240919043000,2024-09-19 04:30,0.0,"{""type"":""MultiPoint"",""coordinates"":[]}"
20240919050000,2024-09-19 05:00,0.10999999940395355,"{""type"":""MultiPoint"",""coordinates"":[]}"
20240919053000,2024-09-19 05:30,0.0,"{""type"":""MultiPoint"",""coordinates"":[]}"
20240919060000,2024-09-19 06:00,0.0,"{""type"":""MultiPoint"",""coordinates"":[]}"
20240919063000,2024-09-19 06:30,0.0,"{""type"":""MultiPoint"",""coordinates"":[]}"
20240919070000,2024-09-19 07:00,0.0,"{""type"":""MultiPoint"",""coordinates"":[]}"
20240919073000,2024-09-19 07:30,0.0,"{""type"":""MultiPoint"",""coordinates"":[]}"
20240919080000,2024-09-19 08:00,0.0,"{""type"":""MultiPoint"",""coordinates"":[]}"
20240919083000,2024-09-19 08:30,0.0,"{""type"":""MultiPoint"",""coordinates"":[]}"
20240919090000,2024-09-19 09:00,0.0,"{""type"":""MultiPoint"",""coordinates"":[]}"
20240919093000,2024-09-19 09:30,0.0,"{""type"":""MultiPoint"",""coordinates"":[]}"
20240919100000,2024-09-19 10:00,0.0,"{""type"":""MultiPoint"",""coordinates"":[]}"
20240919103000,2024-09-19 10:30,0.0,"{""type"":""MultiPoint"",""coordinates"":[]}"
20240919110000,2024-09-19 11:00,0.0,"{""type"":""MultiPoint"",""coordinates"":[]}"
20240919113000,2024-09-19 11:30,0.0,"{""type"":""MultiPoint"",""coordinates"":[]}"
20240919120000,2024-09-19 12:00,0.0,"{""type"":""MultiPoint"",""coordinates"":[]}"
20240919123000,2024-09-19 12:30,0.0,"{""type"":""MultiPoint"",""coordinates"":[]}"
20240919130000,2024-09-19 13:00,0.0,"{""type"":""MultiPoint"",""coordinates"":[]}"
20240919133000,2024-09-19 13:30,0.0,"{""type"":""MultiPoint"",""coordinates"":[]}"
20240919140000,2024-09-19 14:00,0.0,"{""type"":""MultiPoint"",""coordinates"":[]}"
20240919143000,2024-09-19 14:30,0.0,"{""type"":""MultiPoint"",""coordinates"":[]}"
20240919150000,2024-09-19 15:00,0.0,"{""type"":""MultiPoint"",""coordinates"":[]}"
20240919153000,2024-09-19 15:30,0.0,"{""type"":""MultiPoint"",""coordinates"":[]}"
20240919160000,2024-09-19 16:00,0.0,"{""type"":""MultiPoint"",""coordinates"":[]}"
20240919163000,2024-09-19 16:30,0.0,"{""type"":""MultiPoint"",""coordinates"":[]}"
20240919170000,2024-09-19 17:00,0.0,"{""type"":""MultiPoint"",""coordinates"":[]}"
20240919173000,2024-09-19 17:30,0.0,"{""type"":""MultiPoint"",""coordinates"":[]}"
20240919180000,2024-09-19 18:00,0.0,"{""type"":""MultiPoint"",""coordinates"":[]}"
20240919183000,2024-09-19 18:30,0.0,"{""type"":""MultiPoint"",""coordinates"":[]}"
20240919190000,2024-09-19 19:00,0.0,"{""type"":""MultiPoint"",""coordinates"":[]}"
20240919193000,2024-09-19 19:30,0.0,"{""type"":""MultiPoint"",""coordinates"":[]}"
20240919200000,2024-09-19 20:00,0.0,"{""type"":""MultiPoint"",""coordinates"":[]}"
20240919203000,2024-09-19 20:30,0.0,"{""type"":""MultiPoint"",""coordinates"":[]}"
20240919210000,2024-09-19 21:00,0.0,"{""type"":""MultiPoint"",""coordinates"":[]}"
20240919213000,2024-09-19 21:30,0.0,"{""type"":""MultiPoint"",""coordinates"":[]}"
20240919220000,2024-09-19 22:00,0.0,"{""type"":""MultiPoint"",""coordinates"":[]}"
20240919223000,2024-09-19 22:30,0.0,"{""type"":""MultiPoint"",""coordinates"":[]}"
20240919230000,2024-09-19 23:00,0.0,"{""type"":""MultiPoint"",""coordinates"":[]}"
20240919233000,2024-09-19 23:30,0.0,"{""type"":""MultiPoint"",""coordinates"":[]}"
20240920000000,2024-09-20 00:00,0.0,"{""type"":""MultiPoint"",""coordinates"":[]}"
20240920003000,2024-09-20 00:30,0.0,"{""type"":""MultiPoint"",""coordinates"":[]}"
20240920010000,2024-09-20 01:00,0.0,"{""type"":""MultiPoint"",""coordinates"":[]}"
20240920013000,2024-09-20 01:30,0.0,"{""type"":""MultiPoint"",""coordinates"":[]}"
20240920020000,2024-09-20 02:00,0.0,"{""type"":""MultiPoint"",""coordinates"":[]}"
20240920023000,2024-09-20 02:30,0.0,"{""type"":""MultiPoint"",""coordinates"":[]}"
20240920030000,2024-09-20 03:00,0.0,"{""type"":""MultiPoint"",""coordinates"":[]}"
20240920033000,2024-09-20 03:30,0.0,"{""type"":""MultiPoint"",""coordinates"":[]}"
20240920040000,2024-09-20 04:00,0.0,"{""type"":""MultiPoint"",""coordinates"":[]}"
20240920043000,2024-09-20 04:30,0.0,"{""type"":""MultiPoint"",""coordinates"":[]}"
20240920050000,2024-09-20 05:00,0.0,"{""type"":""MultiPoint"",""coordinates"":[]}"
20240920053000,2024-09-20 05:30,0.0,"{""type"":""MultiPoint"",""coordinates"":[]}"
20240920060000,2024-09-20 06:00,0.0,"{""type"":""MultiPoint"",""coordinates"":[]}"
20240920063000,2024-09-20 06:30,0.0,"{""type"":""MultiPoint"",""coordinates"":[]}"
20240920070000,2024-09-20 07:00,0.0,"{""type"":""MultiPoint"",""coordinates"":[]}"
20240920073000,2024-09-20 07:30,0.0,"{""type"":""MultiPoint"",""coordinates"":[]}"
20240920080000,2024-09-20 08:00,0.0,"{""type"":""MultiPoint"",""coordinates"":[]}"
20240920083000,2024-09-20 08:30,0.0,"{""type"":""MultiPoint"",""coordinates"":[]}"
20240920090000,2024-09-20 09:00,0.0,"{""type"":""MultiPoint"",""coordinates"":[]}"
20240920093000,2024-09-20 09:30,0.0,"{""type"":""MultiPoint"",""coordinates"":[]}"
20240920100000,2024-09-20 10:00,0.0,"{""type"":""MultiPoint"",""coordinates"":[]}"
20240920103000,2024-09-20 10:30,0.0,"{""type"":""MultiPoint"",""coordinates"":[]}"
20240920110000,2024-09-20 11:00,0.0,"{""type"":""MultiPoint"",""coordinates"":[]}"
20240920113000,2024-09-20 11:30,0.0,"{""type"":""MultiPoint"",""coordinates"":[]}"
20240920120000,2024-09-20 12:00,0.0,"{""type"":""MultiPoint"",""coordinates"":[]}"
20240920123000,2024-09-20 12:30,0.0,"{""type"":""MultiPoint"",""coordinates"":[]}"
20240920130000,2024-09-20 13:00,0.0,"{""type"":""MultiPoint"",""coordinates"":[]}"
20240920133000,2024-09-20 13:30,0.0,"{""type"":""MultiPoint"",""coordinates"":[]}"
20240920140000,2024-09-20 14:00,0.07999999821186066,"{""type"":""MultiPoint"",""coordinates"":[]}"
20240920143000,2024-09-20 14:30,3.43999981880188,"{""type"":""MultiPoint"",""coordinates"":[]}"
20240920150000,2024-09-20 15:00,3.2300000190734863,"{""type"":""MultiPoint"",""coordinates"":[]}"
20240920153000,2024-09-20 15:30,3.049999952316284,"{""type"":""MultiPoint"",""coordinates"":[]}"
20240920160000,2024-09-20 16:00,2.2799999713897705,"{""type"":""MultiPoint"",""coordinates"":[]}"
20240920163000,2024-09-20 16:30,0.6499999761581421,"{""type"":""MultiPoint"",""coordinates"":[]}"
20240920170000,2024-09-20 17:00,0.44999998807907104,"{""type"":""MultiPoint"",""coordinates"":[]}"
20240920173000,2024-09-20 17:30,0.6699999570846558,"{""type"":""MultiPoint"",""coordinates"":[]}"
20240920180000,2024-09-20 18:00,0.38999998569488525,"{""type"":""MultiPoint"",""coordinates"":[]}"
20240920183000,2024-09-20 18:30,0.0,"{""type"":""MultiPoint"",""coordinates"":[]}"
20240920190000,2024-09-20 19:00,0.0,"{""type"":""MultiPoint"",""coordinates"":[]}"
20240920193000,2024-09-20 19:30,0.0,"{""type"":""MultiPoint"",""coordinates"":[]}"
20240920200000,2024-09-20 20:00,0.0,"{""type"":""MultiPoint"",""coordinates"":[]}"
20240920203000,2024-09-20 20:30,0.0,"{""type"":""MultiPoint"",""coordinates"":[]}"
20240920210000,2024-09-20 21:00,0.0,"{""type"":""MultiPoint"",""coordinates"":[]}"
20240920213000,2024-09-20 21:30,0.0,"{""type"":""MultiPoint"",""coordinates"":[]}"
20240920220000,2024-09-20 22:00,0.019999999552965164,"{""type"":""MultiPoint"",""coordinates"":[]}"
20240920223000,2024-09-20 22:30,0.25999999046325684,"{""type"":""MultiPoint"",""coordinates"":[]}"
20240920230000,2024-09-20 23:00,0.0,"{""type"":""MultiPoint"",""coordinates"":[]}"
20240920233000,2024-09-20 23:30,0.0,"{""type"":""MultiPoint"",""coordinates"":[]}"
20240921000000,2024-09-21 00:00,0.0,"{""type"":""MultiPoint"",""coordinates"":[]}"
20240921003000,2024-09-21 00:30,0.0,"{""type"":""MultiPoint"",""coordinates"":[]}"
20240921010000,2024-09-21 01:00,0.0,"{""type"":""MultiPoint"",""coordinates"":[]}"
20240921013000,2024-09-21 01:30,0.0,"{""type"":""MultiPoint"",""coordinates"":[]}"
20240921020000,2024-09-21 02:00,0.0,"{""type"":""MultiPoint"",""coordinates"":[]}"
20240921023000,2024-09-21 02:30,0.009999999776482582,"{""type"":""MultiPoint"",""coordinates"":[]}"
20240921030000,2024-09-21 03:00,0.5999999642372131,"{""type"":""MultiPoint"",""coordinates"":[]}"
20240921033000,2024-09-21 03:30,0.0,"{""type"":""MultiPoint"",""coordinates"":[]}"
20240921040000,2024-09-21 04:00,0.0,"{""type"":""MultiPoint"",""coordinates"":[]}"
20240921043000,2024-09-21 04:30,0.0,"{""type"":""MultiPoint"",""coordinates"":[]}"
20240921050000,2024-09-21 05:00,0.0,"{""type"":""MultiPoint"",""coordinates"":[]}"
20240921053000,2024-09-21 05:30,0.0,"{""type"":""MultiPoint"",""coordinates"":[]}"
20240921060000,2024-09-21 06:00,0.0,"{""type"":""MultiPoint"",""coordinates"":[]}"
20240921063000,2024-09-21 06:30,0.0,"{""type"":""MultiPoint"",""coordinates"":[]}"
20240921070000,2024-09-21 07:00,0.0,"{""type"":""MultiPoint"",""coordinates"":[]}"
20240921073000,2024-09-21 07:30,0.0,"{""type"":""MultiPoint"",""coordinates"":[]}"
20240921080000,2024-09-21 08:00,0.0,"{""type"":""MultiPoint"",""coordinates"":[]}"
20240921083000,2024-09-21 08:30,0.0,"{""type"":""MultiPoint"",""coordinates"":[]}"
20240921090000,2024-09-21 09:00,0.0,"{""type"":""MultiPoint"",""coordinates"":[]}"
20240921093000,2024-09-21 09:30,0.0,"{""type"":""MultiPoint"",""coordinates"":[]}"
20240921100000,2024-09-21 10:00,0.0,"{""type"":""MultiPoint"",""coordinates"":[]}"
20240921103000,2024-09-21 10:30,0.0,"{""type"":""MultiPoint"",""coordinates"":[]}"
20240921110000,2024-09-21 11:00,0.0,"{""type"":""MultiPoint"",""coordinates"":[]}"
20240921113000,2024-09-21 11:30,0.07999999821186066,"{""type"":""MultiPoint"",""coordinates"":[]}"
20240921120000,2024-09-21 12:00,0.0,"{""type"":""MultiPoint"",""coordinates"":[]}"
20240921123000,2024-09-21 12:30,0.07000000029802322,"{""type"":""MultiPoint"",""coordinates"":[]}"
20240921130000,2024-09-21 13:00,0.07999999821186066,"{""type"":""MultiPoint"",""coordinates"":[]}"
20240921133000,2024-09-21 13:30,0.0,"{""type"":""MultiPoint"",""coordinates"":[]}"
20240921140000,2024-09-21 14:00,0.0,"{""type"":""MultiPoint"",""coordinates"":[]}"
20240921143000,2024-09-21 14:30,0.0,"{""type"":""MultiPoint"",""coordinates"":[]}"
20240921150000,2024-09-21 15:00,0.0,"{""type"":""MultiPoint"",""coordinates"":[]}"
20240921153000,2024-09-21 15:30,0.0,"{""type"":""MultiPoint"",""coordinates"":[]}"
20240921160000,2024-09-21 16:00,0.0,"{""type"":""MultiPoint"",""coordinates"":[]}"
20240921163000,2024-09-21 16:30,0.0,"{""type"":""MultiPoint"",""coordinates"":[]}"
20240921170000,2024-09-21 17:00,0.07999999821186066,"{""type"":""MultiPoint"",""coordinates"":[]}"
20240921173000,2024-09-21 17:30,0.08999999612569809,"{""type"":""MultiPoint"",""coordinates"":[]}"
20240921180000,2024-09-21 18:00,0.0,"{""type"":""MultiPoint"",""coordinates"":[]}"
20240921183000,2024-09-21 18:30,0.0,"{""type"":""MultiPoint"",""coordinates"":[]}"
20240921190000,2024-09-21 19:00,0.0,"{""type"":""MultiPoint"",""coordinates"":[]}"
20240921193000,2024-09-21 19:30,0.0,"{""type"":""MultiPoint"",""coordinates"":[]}"
20240921200000,2024-09-21 20:00,0.0,"{""type"":""MultiPoint"",""coordinates"":[]}"
20240921203000,2024-09-21 20:30,0.0,"{""type"":""MultiPoint"",""coordinates"":[]}"
20240921210000,2024-09-21 21:00,0.0,"{""type"":""MultiPoint"",""coordinates"":[]}"
20240921213000,2024-09-21 21:30,0.0,"{""type"":""MultiPoint"",""coordinates"":[]}"
20240921220000,2024-09-21 22:00,0.0,"{""type"":""MultiPoint"",""coordinates"":[]}"
20240921223000,2024-09-21 22:30,0.0,"{""type"":""MultiPoint"",""coordinates"":[]}"
20240921230000,2024-09-21 23:00,0.0,"{""type"":""MultiPoint"",""coordinates"":[]}"
20240921233000,2024-09-21 23:30,0.0,"{""type"":""MultiPoint"",""coordinates"":[]}"
20240922000000,2024-09-22 00:00,0.0,"{""type"":""MultiPoint"",""coordinates"":[]}"
20240922003000,2024-09-22 00:30,0.0,"{""type"":""MultiPoint"",""coordinates"":[]}"
20240922010000,2024-09-22 01:00,0.0,"{""type"":""MultiPoint"",""coordinates"":[]}"
20240922013000,2024-09-22 01:30,0.0,"{""type"":""MultiPoint"",""coordinates"":[]}"
20240922020000,2024-09-22 02:00,0.0,"{""type"":""MultiPoint"",""coordinates"":[]}"
20240922023000,2024-09-22 02:30,0.0,"{""type"":""MultiPoint"",""coordinates"":[]}"
20240922030000,2024-09-22 03:00,0.0,"{""type"":""MultiPoint"",""coordinates"":[]}"
20240922033000,2024-09-22 03:30,0.0,"{""type"":""MultiPoint"",""coordinates"":[]}"
20240922040000,2024-09-22 04:00,0.0,"{""type"":""MultiPoint"",""coordinates"":[]}"
20240922043000,2024-09-22 04:30,0.0,"{""type"":""MultiPoint"",""coordinates"":[]}"
20240922050000,2024-09-22 05:00,0.0,"{""type"":""MultiPoint"",""coordinates"":[]}"
20240922053000,2024-09-22 05:30,0.0,"{""type"":""MultiPoint"",""coordinates"":[]}"
20240922060000,2024-09-22 06:00,0.0,"{""type"":""MultiPoint"",""coordinates"":[]}"
20240922063000,2024-09-22 06:30,0.0,"{""type"":""MultiPoint"",""coordinates"":[]}"
20240922070000,2024-09-22 07:00,0.0,"{""type"":""MultiPoint"",""coordinates"":[]}"
20240922073000,2024-09-22 07:30,0.0,"{""type"":""MultiPoint"",""coordinates"":[]}"
20240922080000,2024-09-22 08:00,0.0,"{""type"":""MultiPoint"",""coordinates"":[]}"
20240922083000,2024-09-22 08:30,0.0,"{""type"":""MultiPoint"",""coordinates"":[]}"
20240922090000,2024-09-22 09:00,0.0,"{""type"":""MultiPoint"",""coordinates"":[]}"
20240922093000,2024-09-22 09:30,0.0,"{""type"":""MultiPoint"",""coordinates"":[]}"
20240922100000,2024-09-22 10:00,0.0,"{""type"":""MultiPoint"",""coordinates"":[]}"
20240922103000,2024-09-22 10:30,0.0,"{""type"":""MultiPoint"",""coordinates"":[]}"
20240922110000,2024-09-22 11:00,0.0,"{""type"":""MultiPoint"",""coordinates"":[]}"
20240922113000,2024-09-22 11:30,0.0,"{""type"":""MultiPoint"",""coordinates"":[]}"
20240922120000,2024-09-22 12:00,0.0,"{""type"":""MultiPoint"",""coordinates"":[]}"
20240922123000,2024-09-22 12:30,0.0,"{""type"":""MultiPoint"",""coordinates"":[]}"
20240922130000,2024-09-22 13:00,0.0,"{""type"":""MultiPoint"",""coordinates"":[]}"
20240922133000,2024-09-22 13:30,0.0,"{""type"":""MultiPoint"",""coordinates"":[]}"
20240922140000,2024-09-22 14:00,0.0,"{""type"":""MultiPoint"",""coordinates"":[]}"
20240922143000,2024-09-22 14:30,0.0,"{""type"":""MultiPoint"",""coordinates"":[]}"
20240922150000,2024-09-22 15:00,0.0,"{""type"":""MultiPoint"",""coordinates"":[]}"
20240922153000,2024-09-22 15:30,0.0,"{""type"":""MultiPoint"",""coordinates"":[]}"
20240922160000,2024-09-22 16:00,0.0,"{""type"":""MultiPoint"",""coordinates"":[]}"
20240922163000,2024-09-22 16:30,0.0,"{""type"":""MultiPoint"",""coordinates"":[]}"
20240922170000,2024-09-22 17:00,0.0,"{""type"":""MultiPoint"",""coordinates"":[]}"
20240922173000,2024-09-22 17:30,0.0,"{""type"":""MultiPoint"",""coordinates"":[]}"
20240922180000,2024-09-22 18:00,0.0,"{""type"":""MultiPoint"",""coordinates"":[]}"
20240922183000,2024-09-22 18:30,0.0,"{""type"":""MultiPoint"",""coordinates"":[]}"
20240922190000,2024-09-22 19:00,0.0,"{""type"":""MultiPoint"",""coordinates"":[]}"
20240922193000,2024-09-22 19:30,0.0,"{""type"":""MultiPoint"",""coordinates"":[]}"
20240922200000,2024-09-22 20:00,0.0,"{""type"":""MultiPoint"",""coordinates"":[]}"
20240922203000,2024-09-22 20:30,0.0,"{""type"":""MultiPoint"",""coordinates"":[]}"
20240922210000,2024-09-22 21:00,0.0,"{""type"":""MultiPoint"",""coordinates"":[]}"
20240922213000,2024-09-22 21:30,0.0,"{""type"":""MultiPoint"",""coordinates"":[]}"
20240922220000,2024-09-22 22:00,0.0,"{""type"":""MultiPoint"",""coordinates"":[]}"
20240922223000,2024-09-22 22:30,0.0,"{""type"":""MultiPoint"",""coordinates"":[]}"
20240922230000,2024-09-22 23:00,0.0,"{""type"":""MultiPoint"",""coordinates"":[]}"
20240922233000,2024-09-22 23:30,0.0,"{""type"":""MultiPoint"",""coordinates"":[]}"
20240923000000,2024-09-23 00:00,0.25,"{""type"":""MultiPoint"",""coordinates"":[]}"
20240923003000,2024-09-23 00:30,0.0,"{""type"":""MultiPoint"",""coordinates"":[]}"
20240923010000,2024-09-23 01:00,0.0,"{""type"":""MultiPoint"",""coordinates"":[]}"
20240923013000,2024-09-23 01:30,0.0,"{""type"":""MultiPoint"",""coordinates"":[]}"
20240923020000,2024-09-23 02:00,0.0,"{""type"":""MultiPoint"",""coordinates"":[]}"
20240923023000,2024-09-23 02:30,0.0,"{""type"":""MultiPoint"",""coordinates"":[]}"
20240923030000,2024-09-23 03:00,0.0,"{""type"":""MultiPoint"",""coordinates"":[]}"
20240923033000,2024-09-23 03:30,0.0,"{""type"":""MultiPoint"",""coordinates"":[]}"
20240923040000,2024-09-23 04:00,0.0,"{""type"":""MultiPoint"",""coordinates"":[]}"
20240923043000,2024-09-23 04:30,5.170000076293945,"{""type"":""MultiPoint"",""coordinates"":[]}"
20240923050000,2024-09-23 05:00,13.549999237060547,"{""type"":""MultiPoint"",""coordinates"":[]}"
20240923053000,2024-09-23 05:30,14.630000114440918,"{""type"":""MultiPoint"",""coordinates"":[]}"
20240923060000,2024-09-23 06:00,6.339999675750732,"{""type"":""MultiPoint"",""coordinates"":[]}"
20240923063000,2024-09-23 06:30,3.2100000381469727,"{""type"":""MultiPoint"",""coordinates"":[]}"
20240923070000,2024-09-23 07:00,3.75,"{""type"":""MultiPoint"",""coordinates"":[]}"
20240923073000,2024-09-23 07:30,1.5399999618530273,"{""type"":""MultiPoint"",""coordinates"":[]}"
20240923080000,2024-09-23 08:00,2.4099998474121094,"{""type"":""MultiPoint"",""coordinates"":[]}"
20240923083000,2024-09-23 08:30,2.009999990463257,"{""type"":""MultiPoint"",""coordinates"":[]}"
20240923090000,2024-09-23 09:00,2.450000047683716,"{""type"":""MultiPoint"",""coordinates"":[]}"
20240923093000,2024-09-23 09:30,1.5999999046325684,"{""type"":""MultiPoint"",""coordinates"":[]}"
20240923100000,2024-09-23 10:00,0.7099999785423279,"{""type"":""MultiPoint"",""coordinates"":[]}"
20240923103000,2024-09-23 10:30,0.4399999976158142,"{""type"":""MultiPoint"",""coordinates"":[]}"
20240923110000,2024-09-23 11:00,0.4599999785423279,"{""type"":""MultiPoint"",""coordinates"":[]}"
20240923113000,2024-09-23 11:30,0.5600000023841858,"{""type"":""MultiPoint"",""coordinates"":[]}"
20240923120000,2024-09-23 12:00,0.26999998092651367,"{""type"":""MultiPoint"",""coordinates"":[]}"
20240923123000,2024-09-23 12:30,0.14000000059604645,"{""type"":""MultiPoint"",""coordinates"":[]}"
20240923130000,2024-09-23 13:00,0.0,"{""type"":""MultiPoint"",""coordinates"":[]}"
20240923133000,2024-09-23 13:30,0.0,"{""type"":""MultiPoint"",""coordinates"":[]}"
20240923140000,2024-09-23 14:00,0.0,"{""type"":""MultiPoint"",""coordinates"":[]}"
20240923143000,2024-09-23 14:30,0.0,"{""type"":""MultiPoint"",""coordinates"":[]}"
20240923150000,2024-09-23 15:00,0.0,"{""type"":""MultiPoint"",""coordinates"":[]}"
20240923153000,2024-09-23 15:30,0.0,"{""type"":""MultiPoint"",""coordinates"":[]}"
20240923160000,2024-09-23 16:00,0.0,"{""type"":""MultiPoint"",""coordinates"":[]}"
20240923163000,2024-09-23 16:30,0.0,"{""type"":""MultiPoint"",""coordinates"":[]}"
20240923170000,2024-09-23 17:00,0.14999999105930328,"{""type"":""MultiPoint"",""coordinates"":[]}"
20240923173000,2024-09-23 17:30,0.0,"{""type"":""MultiPoint"",""coordinates"":[]}"
20240923180000,2024-09-23 18:00,0.0,"{""type"":""MultiPoint"",""coordinates"":[]}"
20240923183000,2024-09-23 18:30,0.0,"{""type"":""MultiPoint"",""coordinates"":[]}"
20240923190000,2024-09-23 19:00,0.0,"{""type"":""MultiPoint"",""coordinates"":[]}"
20240923193000,2024-09-23 19:30,0.0,"{""type"":""MultiPoint"",""coordinates"":[]}"
20240923200000,2024-09-23 20:00,0.0,"{""type"":""MultiPoint"",""coordinates"":[]}"
20240923203000,2024-09-23 20:30,0.0,"{""type"":""MultiPoint"",""coordinates"":[]}"
20240923210000,2024-09-23 21:00,0.0,"{""type"":""MultiPoint"",""coordinates"":[]}"
20240923213000,2024-09-23 21:30,0.0,"{""type"":""MultiPoint"",""coordinates"":[]}"
20240923220000,2024-09-23 22:00,0.0,"{""type"":""MultiPoint"",""coordinates"":[]}"
20240923223000,2024-09-23 22:30,0.0,"{""type"":""MultiPoint"",""coordinates"":[]}"
20240923230000,2024-09-23 23:00,0.0,"{""type"":""MultiPoint"",""coordinates"":[]}"
20240923233000,2024-09-23 23:30,0.0,"{""type"":""MultiPoint"",""coordinates"":[]}"
20240924000000,2024-09-24 00:00,0.0,"{""type"":""MultiPoint"",""coordinates"":[]}"
20240924003000,2024-09-24 00:30,0.0,"{""type"":""MultiPoint"",""coordinates"":[]}"
20240924010000,2024-09-24 01:00,0.0,"{""type"":""MultiPoint"",""coordinates"":[]}"
20240924013000,2024-09-24 01:30,0.0,"{""type"":""MultiPoint"",""coordinates"":[]}"
20240924020000,2024-09-24 02:00,0.0,"{""type"":""MultiPoint"",""coordinates"":[]}"
20240924023000,2024-09-24 02:30,0.0,"{""type"":""MultiPoint"",""coordinates"":[]}"
20240924030000,2024-09-24 03:00,0.0,"{""type"":""MultiPoint"",""coordinates"":[]}"
20240924033000,2024-09-24 03:30,0.0,"{""type"":""MultiPoint"",""coordinates"":[]}"
20240924040000,2024-09-24 04:00,0.0,"{""type"":""MultiPoint"",""coordinates"":[]}"
20240924043000,2024-09-24 04:30,0.0,"{""type"":""MultiPoint"",""coordinates"":[]}"
20240924050000,2024-09-24 05:00,0.0,"{""type"":""MultiPoint"",""coordinates"":[]}"
20240924053000,2024-09-24 05:30,0.0,"{""type"":""MultiPoint"",""coordinates"":[]}"
20240924060000,2024-09-24 06:00,0.0,"{""type"":""MultiPoint"",""coordinates"":[]}"
20240924063000,2024-09-24 06:30,0.0,"{""type"":""MultiPoint"",""coordinates"":[]}"
20240924070000,2024-09-24 07:00,0.0,"{""type"":""MultiPoint"",""coordinates"":[]}"
20240924073000,2024-09-24 07:30,0.0,"{""type"":""MultiPoint"",""coordinates"":[]}"
20240924080000,2024-09-24 08:00,0.0,"{""type"":""MultiPoint"",""coordinates"":[]}"
20240924083000,2024-09-24 08:30,0.0,"{""type"":""MultiPoint"",""coordinates"":[]}"
20240924090000,2024-09-24 09:00,0.0,"{""type"":""MultiPoint"",""coordinates"":[]}"
20240924093000,2024-09-24 09:30,0.0,"{""type"":""MultiPoint"",""coordinates"":[]}"
20240924100000,2024-09-24 10:00,0.0,"{""type"":""MultiPoint"",""coordinates"":[]}"
20240924103000,2024-09-24 10:30,0.0,"{""type"":""MultiPoint"",""coordinates"":[]}"
20240924110000,2024-09-24 11:00,0.0,"{""type"":""MultiPoint"",""coordinates"":[]}"
20240924113000,2024-09-24 11:30,0.0,"{""type"":""MultiPoint"",""coordinates"":[]}"
20240924120000,2024-09-24 12:00,0.12999999523162842,"{""type"":""MultiPoint"",""coordinates"":[]}"
20240924123000,2024-09-24 12:30,0.44999998807907104,"{""type"":""MultiPoint"",""coordinates"":[]}"
20240924130000,2024-09-24 13:00,0.17000000178813934,"{""type"":""MultiPoint"",""coordinates"":[]}"
20240924133000,2024-09-24 13:30,0.7899999618530273,"{""type"":""MultiPoint"",""coordinates"":[]}"
20240924140000,2024-09-24 14:00,0.6800000071525574,"{""type"":""MultiPoint"",""coordinates"":[]}"
20240924143000,2024-09-24 14:30,0.0,"{""type"":""MultiPoint"",""coordinates"":[]}"
20240924150000,2024-09-24 15:00,0.0,"{""type"":""MultiPoint"",""coordinates"":[]}"
20240924153000,2024-09-24 15:30,0.0,"{""type"":""MultiPoint"",""coordinates"":[]}"
20240924160000,2024-09-24 16:00,0.0,"{""type"":""MultiPoint"",""coordinates"":[]}"
20240924163000,2024-09-24 16:30,0.0,"{""type"":""MultiPoint"",""coordinates"":[]}"
20240924170000,2024-09-24 17:00,0.0,"{""type"":""MultiPoint"",""coordinates"":[]}"
20240924173000,2024-09-24 17:30,0.0,"{""type"":""MultiPoint"",""coordinates"":[]}"
20240924180000,2024-09-24 18:00,0.0,"{""type"":""MultiPoint"",""coordinates"":[]}"
20240924183000,2024-09-24 18:30,0.0,"{""type"":""MultiPoint"",""coordinates"":[]}"
20240924190000,2024-09-24 19:00,0.0,"{""type"":""MultiPoint"",""coordinates"":[]}"
20240924193000,2024-09-24 19:30,0.0,"{""type"":""MultiPoint"",""coordinates"":[]}"
20240924200000,2024-09-24 20:00,0.0,"{""type"":""MultiPoint"",""coordinates"":[]}"
20240924203000,2024-09-24 20:30,0.0,"{""type"":""MultiPoint"",""coordinates"":[]}"
20240924210000,2024-09-24 21:00,0.17999999225139618,"{""type"":""MultiPoint"",""coordinates"":[]}"
20240924213000,2024-09-24 21:30,0.0,"{""type"":""MultiPoint"",""coordinates"":[]}"
20240924220000,2024-09-24 22:00,0.0,"{""type"":""MultiPoint"",""coordinates"":[]}"
20240924223000,2024-09-24 22:30,0.0,"{""type"":""MultiPoint"",""coordinates"":[]}"
20240924230000,2024-09-24 23:00,0.0,"{""type"":""MultiPoint"",""coordinates"":[]}"
20240924233000,2024-09-24 23:30,0.0,"{""type"":""MultiPoint"",""coordinates"":[]}"
20240925000000,2024-09-25 00:00,0.0,"{""type"":""MultiPoint"",""coordinates"":[]}"
20240925003000,2024-09-25 00:30,0.0,"{""type"":""MultiPoint"",""coordinates"":[]}"
20240925010000,2024-09-25 01:00,0.0,"{""type"":""MultiPoint"",""coordinates"":[]}"
20240925013000,2024-09-25 01:30,0.0,"{""type"":""MultiPoint"",""coordinates"":[]}"
20240925020000,2024-09-25 02:00,0.0,"{""type"":""MultiPoint"",""coordinates"":[]}"
20240925023000,2024-09-25 02:30,0.0,"{""type"":""MultiPoint"",""coordinates"":[]}"
20240925030000,2024-09-25 03:00,0.0,"{""type"":""MultiPoint"",""coordinates"":[]}"
20240925033000,2024-09-25 03:30,0.0,"{""type"":""MultiPoint"",""coordinates"":[]}"
20240925040000,2024-09-25 04:00,0.0,"{""type"":""MultiPoint"",""coordinates"":[]}"
20240925043000,2024-09-25 04:30,0.0,"{""type"":""MultiPoint"",""coordinates"":[]}"
20240925050000,2024-09-25 05:00,0.0,"{""type"":""MultiPoint"",""coordinates"":[]}"
20240925053000,2024-09-25 05:30,0.0,"{""type"":""MultiPoint"",""coordinates"":[]}"
20240925060000,2024-09-25 06:00,0.0,"{""type"":""MultiPoint"",""coordinates"":[]}"
20240925063000,2024-09-25 06:30,0.0,"{""type"":""MultiPoint"",""coordinates"":[]}"
20240925070000,2024-09-25 07:00,0.0,"{""type"":""MultiPoint"",""coordinates"":[]}"
20240925073000,2024-09-25 07:30,0.0,"{""type"":""MultiPoint"",""coordinates"":[]}"
20240925080000,2024-09-25 08:00,0.0,"{""type"":""MultiPoint"",""coordinates"":[]}"
20240925083000,2024-09-25 08:30,0.0,"{""type"":""MultiPoint"",""coordinates"":[]}"
20240925090000,2024-09-25 09:00,0.0,"{""type"":""MultiPoint"",""coordinates"":[]}"
20240925093000,2024-09-25 09:30,0.0,"{""type"":""MultiPoint"",""coordinates"":[]}"
20240925100000,2024-09-25 10:00,0.0,"{""type"":""MultiPoint"",""coordinates"":[]}"
20240925103000,2024-09-25 10:30,0.0,"{""type"":""MultiPoint"",""coordinates"":[]}"
20240925110000,2024-09-25 11:00,0.0,"{""type"":""MultiPoint"",""coordinates"":[]}"
20240925113000,2024-09-25 11:30,0.0,"{""type"":""MultiPoint"",""coordinates"":[]}"
20240925120000,2024-09-25 12:00,0.0,"{""type"":""MultiPoint"",""coordinates"":[]}"
20240925123000,2024-09-25 12:30,0.0,"{""type"":""MultiPoint"",""coordinates"":[]}"
20240925130000,2024-09-25 13:00,0.0,"{""type"":""MultiPoint"",""coordinates"":[]}"
20240925133000,2024-09-25 13:30,0.0,"{""type"":""MultiPoint"",""coordinates"":[]}"
20240925140000,2024-09-25 14:00,0.0,"{""type"":""MultiPoint"",""coordinates"":[]}"
20240925143000,2024-09-25 14:30,0.0,"{""type"":""MultiPoint"",""coordinates"":[]}"
20240925150000,2024-09-25 15:00,0.0,"{""type"":""MultiPoint"",""coordinates"":[]}"
20240925153000,2024-09-25 15:30,0.0,"{""type"":""MultiPoint"",""coordinates"":[]}"
20240925160000,2024-09-25 16:00,0.0,"{""type"":""MultiPoint"",""coordinates"":[]}"
20240925163000,2024-09-25 16:30,0.0,"{""type"":""MultiPoint"",""coordinates"":[]}"
20240925170000,2024-09-25 17:00,0.0,"{""type"":""MultiPoint"",""coordinates"":[]}"
20240925173000,2024-09-25 17:30,0.0,"{""type"":""MultiPoint"",""coordinates"":[]}"
20240925180000,2024-09-25 18:00,0.0,"{""type"":""MultiPoint"",""coordinates"":[]}"
20240925183000,2024-09-25 18:30,0.0,"{""type"":""MultiPoint"",""coordinates"":[]}"
20240925190000,2024-09-25 19:00,0.0,"{""type"":""MultiPoint"",""coordinates"":[]}"
20240925193000,2024-09-25 19:30,0.0,"{""type"":""MultiPoint"",""coordinates"":[]}"
20240925200000,2024-09-25 20:00,0.0,"{""type"":""MultiPoint"",""coordinates"":[]}"
20240925203000,2024-09-25 20:30,0.0,"{""type"":""MultiPoint"",""coordinates"":[]}"
20240925210000,2024-09-25 21:00,0.0,"{""type"":""MultiPoint"",""coordinates"":[]}"
20240925213000,2024-09-25 21:30,0.0,"{""type"":""MultiPoint"",""coordinates"":[]}"
20240925220000,2024-09-25 22:00,0.0,"{""type"":""MultiPoint"",""coordinates"":[]}"
20240925223000,2024-09-25 22:30,0.0,"{""type"":""MultiPoint"",""coordinates"":[]}"
20240925230000,2024-09-25 23:00,0.0,"{""type"":""MultiPoint"",""coordinates"":[]}"
20240925233000,2024-09-25 23:30,0.0,"{""type"":""MultiPoint"",""coordinates"":[]}"
20240926000000,2024-09-26 00:00,0.0,"{""type"":""MultiPoint"",""coordinates"":[]}"
20240926003000,2024-09-26 00:30,0.0,"{""type"":""MultiPoint"",""coordinates"":[]}"
20240926010000,2024-09-26 01:00,0.0,"{""type"":""MultiPoint"",""coordinates"":[]}"
20240926013000,2024-09-26 01:30,0.0,"{""type"":""MultiPoint"",""coordinates"":[]}"
20240926020000,2024-09-26 02:00,0.0,"{""type"":""MultiPoint"",""coordinates"":[]}"
20240926023000,2024-09-26 02:30,0.0,"{""type"":""MultiPoint"",""coordinates"":[]}"
20240926030000,2024-09-26 03:00,0.0,"{""type"":""MultiPoint"",""coordinates"":[]}"
20240926033000,2024-09-26 03:30,0.0,"{""type"":""MultiPoint"",""coordinates"":[]}"
20240926040000,2024-09-26 04:00,0.0,"{""type"":""MultiPoint"",""coordinates"":[]}"
20240926043000,2024-09-26 04:30,0.0,"{""type"":""MultiPoint"",""coordinates"":[]}"
20240926050000,2024-09-26 05:00,0.0,"{""type"":""MultiPoint"",""coordinates"":[]}"
20240926053000,2024-09-26 05:30,0.0,"{""type"":""MultiPoint"",""coordinates"":[]}"
20240926060000,2024-09-26 06:00,0.0,"{""type"":""MultiPoint"",""coordinates"":[]}"
20240926063000,2024-09-26 06:30,0.0,"{""type"":""MultiPoint"",""coordinates"":[]}"
20240926070000,2024-09-26 07:00,0.0,"{""type"":""MultiPoint"",""coordinates"":[]}"
20240926073000,2024-09-26 07:30,0.0,"{""type"":""MultiPoint"",""coordinates"":[]}"
20240926080000,2024-09-26 08:00,0.0,"{""type"":""MultiPoint"",""coordinates"":[]}"
20240926083000,2024-09-26 08:30,0.0,"{""type"":""MultiPoint"",""coordinates"":[]}"
20240926090000,2024-09-26 09:00,0.0,"{""type"":""MultiPoint"",""coordinates"":[]}"
20240926093000,2024-09-26 09:30,0.0,"{""type"":""MultiPoint"",""coordinates"":[]}"
20240926100000,2024-09-26 10:00,0.0,"{""type"":""MultiPoint"",""coordinates"":[]}"
20240926103000,2024-09-26 10:30,0.0,"{""type"":""MultiPoint"",""coordinates"":[]}"
20240926110000,2024-09-26 11:00,0.0,"{""type"":""MultiPoint"",""coordinates"":[]}"
20240926113000,2024-09-26 11:30,0.0,"{""type"":""MultiPoint"",""coordinates"":[]}"
20240926120000,2024-09-26 12:00,0.0,"{""type"":""MultiPoint"",""coordinates"":[]}"
20240926123000,2024-09-26 12:30,0.0,"{""type"":""MultiPoint"",""coordinates"":[]}"
20240926130000,2024-09-26 13:00,0.0,"{""type"":""MultiPoint"",""coordinates"":[]}"
20240926133000,2024-09-26 13:30,0.0,"{""type"":""MultiPoint"",""coordinates"":[]}"
20240926140000,2024-09-26 14:00,0.0,"{""type"":""MultiPoint"",""coordinates"":[]}"
20240926143000,2024-09-26 14:30,0.0,"{""type"":""MultiPoint"",""coordinates"":[]}"
20240926150000,2024-09-26 15:00,0.0,"{""type"":""MultiPoint"",""coordinates"":[]}"
20240926153000,2024-09-26 15:30,0.0,"{""type"":""MultiPoint"",""coordinates"":[]}"
20240926160000,2024-09-26 16:00,0.0,"{""type"":""MultiPoint"",""coordinates"":[]}"
20240926163000,2024-09-26 16:30,0.0,"{""type"":""MultiPoint"",""coordinates"":[]}"
20240926170000,2024-09-26 17:00,0.0,"{""type"":""MultiPoint"",""coordinates"":[]}"
20240926173000,2024-09-26 17:30,0.0,"{""type"":""MultiPoint"",""coordinates"":[]}"
20240926180000,2024-09-26 18:00,0.0,"{""type"":""MultiPoint"",""coordinates"":[]}"
20240926183000,2024-09-26 18:30,0.0,"{""type"":""MultiPoint"",""coordinates"":[]}"
20240926190000,2024-09-26 19:00,0.0,"{""type"":""MultiPoint"",""coordinates"":[]}"
20240926193000,2024-09-26 19:30,0.0,"{""type"":""MultiPoint"",""coordinates"":[]}"
20240926200000,2024-09-26 20:00,0.0,"{""type"":""MultiPoint"",""coordinates"":[]}"
20240926203000,2024-09-26 20:30,0.0,"{""type"":""MultiPoint"",""coordinates"":[]}"
20240926210000,2024-09-26 21:00,0.0,"{""type"":""MultiPoint"",""coordinates"":[]}"
20240926213000,2024-09-26 21:30,0.0,"{""type"":""MultiPoint"",""coordinates"":[]}"
20240926220000,2024-09-26 22:00,0.0,"{""type"":""MultiPoint"",""coordinates"":[]}"
20240926223000,2024-09-26 22:30,0.0,"{""type"":""MultiPoint"",""coordinates"":[]}"
20240926230000,2024-09-26 23:00,0.0,"{""type"":""MultiPoint"",""coordinates"":[]}"
20240926233000,2024-09-26 23:30,0.0,"{""type"":""MultiPoint"",""coordinates"":[]}"
20240927000000,2024-09-27 00:00,0.0,"{""type"":""MultiPoint"",""coordinates"":[]}"
20240927003000,2024-09-27 00:30,0.0,"{""type"":""MultiPoint"",""coordinates"":[]}"
20240927010000,2024-09-27 01:00,0.0,"{""type"":""MultiPoint"",""coordinates"":[]}"
20240927013000,2024-09-27 01:30,0.0,"{""type"":""MultiPoint"",""coordinates"":[]}"
20240927020000,2024-09-27 02:00,0.0,"{""type"":""MultiPoint"",""coordinates"":[]}"
20240927023000,2024-09-27 02:30,0.0,"{""type"":""MultiPoint"",""coordinates"":[]}"
20240927030000,2024-09-27 03:00,0.0,"{""type"":""MultiPoint"",""coordinates"":[]}"
20240927033000,2024-09-27 03:30,0.0,"{""type"":""MultiPoint"",""coordinates"":[]}"
20240927040000,2024-09-27 04:00,0.0,"{""type"":""MultiPoint"",""coordinates"":[]}"
20240927043000,2024-09-27 04:30,0.0,"{""type"":""MultiPoint"",""coordinates"":[]}"
20240927050000,2024-09-27 05:00,0.0,"{""type"":""MultiPoint"",""coordinates"":[]}"
20240927053000,2024-09-27 05:30,0.0,"{""type"":""MultiPoint"",""coordinates"":[]}"
20240927060000,2024-09-27 06:00,0.0,"{""type"":""MultiPoint"",""coordinates"":[]}"
20240927063000,2024-09-27 06:30,0.0,"{""type"":""MultiPoint"",""coordinates"":[]}"
20240927070000,2024-09-27 07:00,0.0,"{""type"":""MultiPoint"",""coordinates"":[]}"
20240927073000,2024-09-27 07:30,0.0,"{""type"":""MultiPoint"",""coordinates"":[]}"
20240927080000,2024-09-27 08:00,0.0,"{""type"":""MultiPoint"",""coordinates"":[]}"
20240927083000,2024-09-27 08:30,0.0,"{""type"":""MultiPoint"",""coordinates"":[]}"
20240927090000,2024-09-27 09:00,0.0,"{""type"":""MultiPoint"",""coordinates"":[]}"
20240927093000,2024-09-27 09:30,0.0,"{""type"":""MultiPoint"",""coordinates"":[]}"
20240927100000,2024-09-27 10:00,0.0,"{""type"":""MultiPoint"",""coordinates"":[]}"
20240927103000,2024-09-27 10:30,0.0,"{""type"":""MultiPoint"",""coordinates"":[]}"
20240927110000,2024-09-27 11:00,0.0,"{""type"":""MultiPoint"",""coordinates"":[]}"
20240927113000,2024-09-27 11:30,0.0,"{""type"":""MultiPoint"",""coordinates"":[]}"
20240927120000,2024-09-27 12:00,0.0,"{""type"":""MultiPoint"",""coordinates"":[]}"
20240927123000,2024-09-27 12:30,0.0,"{""type"":""MultiPoint"",""coordinates"":[]}"
20240927130000,2024-09-27 13:00,0.0,"{""type"":""MultiPoint"",""coordinates"":[]}"
20240927133000,2024-09-27 13:30,0.0,"{""type"":""MultiPoint"",""coordinates"":[]}"
20240927140000,2024-09-27 14:00,0.0,"{""type"":""MultiPoint"",""coordinates"":[]}"
20240927143000,2024-09-27 14:30,0.0,"{""type"":""MultiPoint"",""coordinates"":[]}"
20240927150000,2024-09-27 15:00,0.0,"{""type"":""MultiPoint"",""coordinates"":[]}"
20240927153000,2024-09-27 15:30,0.0,"{""type"":""MultiPoint"",""coordinates"":[]}"
20240927160000,2024-09-27 16:00,0.0,"{""type"":""MultiPoint"",""coordinates"":[]}"
20240927163000,2024-09-27 16:30,0.0,"{""type"":""MultiPoint"",""coordinates"":[]}"
20240927170000,2024-09-27 17:00,0.0,"{""type"":""MultiPoint"",""coordinates"":[]}"
20240927173000,2024-09-27 17:30,0.0,"{""type"":""MultiPoint"",""coordinates"":[]}"
20240927180000,2024-09-27 18:00,0.0,"{""type"":""MultiPoint"",""coordinates"":[]}"
20240927183000,2024-09-27 18:30,0.0,"{""type"":""MultiPoint"",""coordinates"":[]}"
20240927190000,2024-09-27 19:00,0.0,"{""type"":""MultiPoint"",""coordinates"":[]}"
20240927193000,2024-09-27 19:30,0.0,"{""type"":""MultiPoint"",""coordinates"":[]}"
20240927200000,2024-09-27 20:00,0.0,"{""type"":""MultiPoint"",""coordinates"":[]}"
20240927203000,2024-09-27 20:30,0.0,"{""type"":""MultiPoint"",""coordinates"":[]}"
20240927210000,2024-09-27 21:00,0.0,"{""type"":""MultiPoint"",""coordinates"":[]}"
20240927213000,2024-09-27 21:30,0.0,"{""type"":""MultiPoint"",""coordinates"":[]}"
20240927220000,2024-09-27 22:00,0.0,"{""type"":""MultiPoint"",""coordinates"":[]}"
20240927223000,2024-09-27 22:30,0.0,"{""type"":""MultiPoint"",""coordinates"":[]}"
20240927230000,2024-09-27 23:00,0.0,"{""type"":""MultiPoint"",""coordinates"":[]}"
20240927233000,2024-09-27 23:30,0.0,"{""type"":""MultiPoint"",""coordinates"":[]}"
20240928000000,2024-09-28 00:00,0.0,"{""type"":""MultiPoint"",""coordinates"":[]}"
20240928003000,2024-09-28 00:30,1.0299999713897705,"{""type"":""MultiPoint"",""coordinates"":[]}"
20240928010000,2024-09-28 01:00,0.0,"{""type"":""MultiPoint"",""coordinates"":[]}"
20240928013000,2024-09-28 01:30,0.0,"{""type"":""MultiPoint"",""coordinates"":[]}"
20240928020000,2024-09-28 02:00,0.0,"{""type"":""MultiPoint"",""coordinates"":[]}"
20240928023000,2024-09-28 02:30,0.0,"{""type"":""MultiPoint"",""coordinates"":[]}"
20240928030000,2024-09-28 03:00,0.0,"{""type"":""MultiPoint"",""coordinates"":[]}"
20240928033000,2024-09-28 03:30,0.0,"{""type"":""MultiPoint"",""coordinates"":[]}"
20240928040000,2024-09-28 04:00,0.0,"{""type"":""MultiPoint"",""coordinates"":[]}"
20240928043000,2024-09-28 04:30,0.0,"{""type"":""MultiPoint"",""coordinates"":[]}"
20240928050000,2024-09-28 05:00,0.0,"{""type"":""MultiPoint"",""coordinates"":[]}"
20240928053000,2024-09-28 05:30,0.0,"{""type"":""MultiPoint"",""coordinates"":[]}"
20240928060000,2024-09-28 06:00,0.0,"{""type"":""MultiPoint"",""coordinates"":[]}"
20240928063000,2024-09-28 06:30,0.0,"{""type"":""MultiPoint"",""coordinates"":[]}"
20240928070000,2024-09-28 07:00,0.0,"{""type"":""MultiPoint"",""coordinates"":[]}"
20240928073000,2024-09-28 07:30,0.0,"{""type"":""MultiPoint"",""coordinates"":[]}"
20240928080000,2024-09-28 08:00,0.0,"{""type"":""MultiPoint"",""coordinates"":[]}"
20240928083000,2024-09-28 08:30,0.0,"{""type"":""MultiPoint"",""coordinates"":[]}"
20240928090000,2024-09-28 09:00,0.0,"{""type"":""MultiPoint"",""coordinates"":[]}"
20240928093000,2024-09-28 09:30,0.0,"{""type"":""MultiPoint"",""coordinates"":[]}"
20240928100000,2024-09-28 10:00,0.0,"{""type"":""MultiPoint"",""coordinates"":[]}"
20240928103000,2024-09-28 10:30,0.0,"{""type"":""MultiPoint"",""coordinates"":[]}"
20240928110000,2024-09-28 11:00,0.0,"{""type"":""MultiPoint"",""coordinates"":[]}"
20240928113000,2024-09-28 11:30,0.0,"{""type"":""MultiPoint"",""coordinates"":[]}"
20240928120000,2024-09-28 12:00,0.0,"{""type"":""MultiPoint"",""coordinates"":[]}"
20240928123000,2024-09-28 12:30,0.0,"{""type"":""MultiPoint"",""coordinates"":[]}"
20240928130000,2024-09-28 13:00,0.6499999761581421,"{""type"":""MultiPoint"",""coordinates"":[]}"
20240928133000,2024-09-28 13:30,0.14999999105930328,"{""type"":""MultiPoint"",""coordinates"":[]}"
20240928140000,2024-09-28 14:00,5.059999942779541,"{""type"":""MultiPoint"",""coordinates"":[]}"
20240928143000,2024-09-28 14:30,4.059999942779541,"{""type"":""MultiPoint"",""coordinates"":[]}"
20240928150000,2024-09-28 15:00,3.9499998092651367,"{""type"":""MultiPoint"",""coordinates"":[]}"
20240928153000,2024-09-28 15:30,3.240000009536743,"{""type"":""MultiPoint"",""coordinates"":[]}"
20240928160000,2024-09-28 16:00,2.2300000190734863,"{""type"":""MultiPoint"",""coordinates"":[]}"
20240928163000,2024-09-28 16:30,2.2799999713897705,"{""type"":""MultiPoint"",""coordinates"":[]}"
20240928170000,2024-09-28 17:00,0.3700000047683716,"{""type"":""MultiPoint"",""coordinates"":[]}"
20240928173000,2024-09-28 17:30,0.0,"{""type"":""MultiPoint"",""coordinates"":[]}"
20240928180000,2024-09-28 18:00,0.0,"{""type"":""MultiPoint"",""coordinates"":[]}"
20240928183000,2024-09-28 18:30,0.0,"{""type"":""MultiPoint"",""coordinates"":[]}"
20240928190000,2024-09-28 19:00,0.0,"{""type"":""MultiPoint"",""coordinates"":[]}"
20240928193000,2024-09-28 19:30,0.0,"{""type"":""MultiPoint"",""coordinates"":[]}"
20240928200000,2024-09-28 20:00,0.0,"{""type"":""MultiPoint"",""coordinates"":[]}"
20240928203000,2024-09-28 20:30,0.0,"{""type"":""MultiPoint"",""coordinates"":[]}"
20240928210000,2024-09-28 21:00,0.0,"{""type"":""MultiPoint"",""coordinates"":[]}"
20240928213000,2024-09-28 21:30,0.0,"{""type"":""MultiPoint"",""coordinates"":[]}"
20240928220000,2024-09-28 22:00,0.0,"{""type"":""MultiPoint"",""coordinates"":[]}"
20240928223000,2024-09-28 22:30,0.0,"{""type"":""MultiPoint"",""coordinates"":[]}"
20240928230000,2024-09-28 23:00,0.0,"{""type"":""MultiPoint"",""coordinates"":[]}"
20240928233000,2024-09-28 23:30,0.0,"{""type"":""MultiPoint"",""coordinates"":[]}"
20240929000000,2024-09-29 00:00,0.0,"{""type"":""MultiPoint"",""coordinates"":[]}"
20240929003000,2024-09-29 00:30,0.0,"{""type"":""MultiPoint"",""coordinates"":[]}"
20240929010000,2024-09-29 01:00,0.0,"{""type"":""MultiPoint"",""coordinates"":[]}"
20240929013000,2024-09-29 01:30,0.0,"{""type"":""MultiPoint"",""coordinates"":[]}"
20240929020000,2024-09-29 02:00,0.0,"{""type"":""MultiPoint"",""coordinates"":[]}"
20240929023000,2024-09-29 02:30,0.0,"{""type"":""MultiPoint"",""coordinates"":[]}"
20240929030000,2024-09-29 03:00,0.0,"{""type"":""MultiPoint"",""coordinates"":[]}"
20240929033000,2024-09-29 03:30,0.0,"{""type"":""MultiPoint"",""coordinates"":[]}"
20240929040000,2024-09-29 04:00,0.0,"{""type"":""MultiPoint"",""coordinates"":[]}"
20240929043000,2024-09-29 04:30,0.0,"{""type"":""MultiPoint"",""coordinates"":[]}"
20240929050000,2024-09-29 05:00,0.0,"{""type"":""MultiPoint"",""coordinates"":[]}"
20240929053000,2024-09-29 05:30,0.0,"{""type"":""MultiPoint"",""coordinates"":[]}"
20240929060000,2024-09-29 06:00,0.0,"{""type"":""MultiPoint"",""coordinates"":[]}"
20240929063000,2024-09-29 06:30,0.0,"{""type"":""MultiPoint"",""coordinates"":[]}"
20240929070000,2024-09-29 07:00,0.0,"{""type"":""MultiPoint"",""coordinates"":[]}"
20240929073000,2024-09-29 07:30,0.0,"{""type"":""MultiPoint"",""coordinates"":[]}"
20240929080000,2024-09-29 08:00,0.0,"{""type"":""MultiPoint"",""coordinates"":[]}"
20240929083000,2024-09-29 08:30,0.0,"{""type"":""MultiPoint"",""coordinates"":[]}"
20240929090000,2024-09-29 09:00,0.0,"{""type"":""MultiPoint"",""coordinates"":[]}"
20240929093000,2024-09-29 09:30,0.0,"{""type"":""MultiPoint"",""coordinates"":[]}"
20240929100000,2024-09-29 10:00,0.0,"{""type"":""MultiPoint"",""coordinates"":[]}"
20240929103000,2024-09-29 10:30,0.0,"{""type"":""MultiPoint"",""coordinates"":[]}"
20240929110000,2024-09-29 11:00,0.0,"{""type"":""MultiPoint"",""coordinates"":[]}"
20240929113000,2024-09-29 11:30,0.0,"{""type"":""MultiPoint"",""coordinates"":[]}"
20240929120000,2024-09-29 12:00,0.0,"{""type"":""MultiPoint"",""coordinates"":[]}"
20240929123000,2024-09-29 12:30,0.0,"{""type"":""MultiPoint"",""coordinates"":[]}"
20240929130000,2024-09-29 13:00,0.0,"{""type"":""MultiPoint"",""coordinates"":[]}"
20240929133000,2024-09-29 13:30,0.0,"{""type"":""MultiPoint"",""coordinates"":[]}"
20240929140000,2024-09-29 14:00,0.0,"{""type"":""MultiPoint"",""coordinates"":[]}"
20240929143000,2024-09-29 14:30,0.0,"{""type"":""MultiPoint"",""coordinates"":[]}"
20240929150000,2024-09-29 15:00,0.0,"{""type"":""MultiPoint"",""coordinates"":[]}"
20240929153000,2024-09-29 15:30,0.0,"{""type"":""MultiPoint"",""coordinates"":[]}"
20240929160000,2024-09-29 16:00,0.0,"{""type"":""MultiPoint"",""coordinates"":[]}"
20240929163000,2024-09-29 16:30,0.0,"{""type"":""MultiPoint"",""coordinates"":[]}"
20240929170000,2024-09-29 17:00,0.0,"{""type"":""MultiPoint"",""coordinates"":[]}"
20240929173000,2024-09-29 17:30,0.0,"{""type"":""MultiPoint"",""coordinates"":[]}"
20240929180000,2024-09-29 18:00,0.0,"{""type"":""MultiPoint"",""coordinates"":[]}"
20240929183000,2024-09-29 18:30,0.0,"{""type"":""MultiPoint"",""coordinates"":[]}"
20240929190000,2024-09-29 19:00,0.0,"{""type"":""MultiPoint"",""coordinates"":[]}"
20240929193000,2024-09-29 19:30,0.0,"{""type"":""MultiPoint"",""coordinates"":[]}"
20240929200000,2024-09-29 20:00,0.0,"{""type"":""MultiPoint"",""coordinates"":[]}"
20240929203000,2024-09-29 20:30,0.0,"{""type"":""MultiPoint"",""coordinates"":[]}"
20240929210000,2024-09-29 21:00,0.0,"{""type"":""MultiPoint"",""coordinates"":[]}"
20240929213000,2024-09-29 21:30,0.0,"{""type"":""MultiPoint"",""coordinates"":[]}"
20240929220000,2024-09-29 22:00,0.0,"{""type"":""MultiPoint"",""coordinates"":[]}"
20240929223000,2024-09-29 22:30,0.0,"{""type"":""MultiPoint"",""coordinates"":[]}"
20240929230000,2024-09-29 23:00,0.0,"{""type"":""MultiPoint"",""coordinates"":[]}"
20240929233000,2024-09-29 23:30,0.0,"{""type"":""MultiPoint"",""coordinates"":[]}"
20240930000000,2024-09-30 00:00,0.0,"{""type"":""MultiPoint"",""coordinates"":[]}"
20240930003000,2024-09-30 00:30,0.0,"{""type"":""MultiPoint"",""coordinates"":[]}"
20240930010000,2024-09-30 01:00,0.0,"{""type"":""MultiPoint"",""coordinates"":[]}"
20240930013000,2024-09-30 01:30,0.0,"{""type"":""MultiPoint"",""coordinates"":[]}"
20240930020000,2024-09-30 02:00,0.0,"{""type"":""MultiPoint"",""coordinates"":[]}"
20240930023000,2024-09-30 02:30,0.0,"{""type"":""MultiPoint"",""coordinates"":[]}"
20240930030000,2024-09-30 03:00,0.0,"{""type"":""MultiPoint"",""coordinates"":[]}"
20240930033000,2024-09-30 03:30,0.0,"{""type"":""MultiPoint"",""coordinates"":[]}"
20240930040000,2024-09-30 04:00,0.0,"{""type"":""MultiPoint"",""coordinates"":[]}"
20240930043000,2024-09-30 04:30,0.0,"{""type"":""MultiPoint"",""coordinates"":[]}"
20240930050000,2024-09-30 05:00,0.0,"{""type"":""MultiPoint"",""coordinates"":[]}"
20240930053000,2024-09-30 05:30,0.0,"{""type"":""MultiPoint"",""coordinates"":[]}"
20240930060000,2024-09-30 06:00,0.0,"{""type"":""MultiPoint"",""coordinates"":[]}"
20240930063000,2024-09-30 06:30,0.0,"{""type"":""MultiPoint"",""coordinates"":[]}"
20240930070000,2024-09-30 07:00,0.0,"{""type"":""MultiPoint"",""coordinates"":[]}"
20240930073000,2024-09-30 07:30,0.0,"{""type"":""MultiPoint"",""coordinates"":[]}"
20240930080000,2024-09-30 08:00,0.0,"{""type"":""MultiPoint"",""coordinates"":[]}"
20240930083000,2024-09-30 08:30,0.0,"{""type"":""MultiPoint"",""coordinates"":[]}"
20240930090000,2024-09-30 09:00,0.0,"{""type"":""MultiPoint"",""coordinates"":[]}"
20240930093000,2024-09-30 09:30,0.0,"{""type"":""MultiPoint"",""coordinates"":[]}"
20240930100000,2024-09-30 10:00,0.0,"{""type"":""MultiPoint"",""coordinates"":[]}"
20240930103000,2024-09-30 10:30,0.0,"{""type"":""MultiPoint"",""coordinates"":[]}"
20240930110000,2024-09-30 11:00,0.0,"{""type"":""MultiPoint"",""coordinates"":[]}"
20240930113000,2024-09-30 11:30,0.0,"{""type"":""MultiPoint"",""coordinates"":[]}"
20240930120000,2024-09-30 12:00,0.0,"{""type"":""MultiPoint"",""coordinates"":[]}"
20240930123000,2024-09-30 12:30,0.0,"{""type"":""MultiPoint"",""coordinates"":[]}"
20240930130000,2024-09-30 13:00,0.0,"{""type"":""MultiPoint"",""coordinates"":[]}"
20240930133000,2024-09-30 13:30,0.0,"{""type"":""MultiPoint"",""coordinates"":[]}"
20240930140000,2024-09-30 14:00,0.0,"{""type"":""MultiPoint"",""coordinates"":[]}"
20240930143000,2024-09-30 14:30,0.0,"{""type"":""MultiPoint"",""coordinates"":[]}"
20240930150000,2024-09-30 15:00,0.0,"{""type"":""MultiPoint"",""coordinates"":[]}"
20240930153000,2024-09-30 15:30,0.0,"{""type"":""MultiPoint"",""coordinates"":[]}"
20240930160000,2024-09-30 16:00,0.0,"{""type"":""MultiPoint"",""coordinates"":[]}"
20240930163000,2024-09-30 16:30,0.0,"{""type"":""MultiPoint"",""coordinates"":[]}"
20240930170000,2024-09-30 17:00,0.0,"{""type"":""MultiPoint"",""coordinates"":[]}"
20240930173000,2024-09-30 17:30,0.0,"{""type"":""MultiPoint"",""coordinates"":[]}"
20240930180000,2024-09-30 18:00,0.0,"{""type"":""MultiPoint"",""coordinates"":[]}"
20240930183000,2024-09-30 18:30,0.0,"{""type"":""MultiPoint"",""coordinates"":[]}"
20240930190000,2024-09-30 19:00,0.0,"{""type"":""MultiPoint"",""coordinates"":[]}"
20240930193000,2024-09-30 19:30,0.0,"{""type"":""MultiPoint"",""coordinates"":[]}"
20240930200000,2024-09-30 20:00,0.0,"{""type"":""MultiPoint"",""coordinates"":[]}"
20240930203000,2024-09-30 20:30,0.0,"{""type"":""MultiPoint"",""coordinates"":[]}"
20240930210000,2024-09-30 21:00,0.0,"{""type"":""MultiPoint"",""coordinates"":[]}"
20240930213000,2024-09-30 21:30,0.0,"{""type"":""MultiPoint"",""coordinates"":[]}"
20240930220000,2024-09-30 22:00,0.0,"{""type"":""MultiPoint"",""coordinates"":[]}"
20240930223000,2024-09-30 22:30,0.0,"{""type"":""MultiPoint"",""coordinates"":[]}"
20240930230000,2024-09-30 23:00,0.0,"{""type"":""MultiPoint"",""coordinates"":[]}"
20240930233000,2024-09-30 23:30,0.0,"{""type"":""MultiPoint"",""coordinates"":[]}"
20241001000000,2024-10-01 00:00,0.0,"{""type"":""MultiPoint"",""coordinates"":[]}"
20241001003000,2024-10-01 00:30,0.0,"{""type"":""MultiPoint"",""coordinates"":[]}"
20241001010000,2024-10-01 01:00,0.0,"{""type"":""MultiPoint"",""coordinates"":[]}"
20241001013000,2024-10-01 01:30,0.0,"{""type"":""MultiPoint"",""coordinates"":[]}"
20241001020000,2024-10-01 02:00,0.0,"{""type"":""MultiPoint"",""coordinates"":[]}"
20241001023000,2024-10-01 02:30,0.0,"{""type"":""MultiPoint"",""coordinates"":[]}"
20241001030000,2024-10-01 03:00,0.0,"{""type"":""MultiPoint"",""coordinates"":[]}"
20241001033000,2024-10-01 03:30,0.0,"{""type"":""MultiPoint"",""coordinates"":[]}"
20241001040000,2024-10-01 04:00,0.0,"{""type"":""MultiPoint"",""coordinates"":[]}"
20241001043000,2024-10-01 04:30,0.0,"{""type"":""MultiPoint"",""coordinates"":[]}"
20241001050000,2024-10-01 05:00,0.0,"{""type"":""MultiPoint"",""coordinates"":[]}"
20241001053000,2024-10-01 05:30,0.0,"{""type"":""MultiPoint"",""coordinates"":[]}"
20241001060000,2024-10-01 06:00,0.0,"{""type"":""MultiPoint"",""coordinates"":[]}"
20241001063000,2024-10-01 06:30,0.0,"{""type"":""MultiPoint"",""coordinates"":[]}"
20241001070000,2024-10-01 07:00,0.0,"{""type"":""MultiPoint"",""coordinates"":[]}"
20241001073000,2024-10-01 07:30,0.0,"{""type"":""MultiPoint"",""coordinates"":[]}"
20241001080000,2024-10-01 08:00,0.0,"{""type"":""MultiPoint"",""coordinates"":[]}"
20241001083000,2024-10-01 08:30,0.0,"{""type"":""MultiPoint"",""coordinates"":[]}"
20241001090000,2024-10-01 09:00,0.0,"{""type"":""MultiPoint"",""coordinates"":[]}"
20241001093000,2024-10-01 09:30,0.0,"{""type"":""MultiPoint"",""coordinates"":[]}"
20241001100000,2024-10-01 10:00,0.0,"{""type"":""MultiPoint"",""coordinates"":[]}"
20241001103000,2024-10-01 10:30,0.0,"{""type"":""MultiPoint"",""coordinates"":[]}"
20241001110000,2024-10-01 11:00,0.0,"{""type"":""MultiPoint"",""coordinates"":[]}"
20241001113000,2024-10-01 11:30,0.0,"{""type"":""MultiPoint"",""coordinates"":[]}"
20241001120000,2024-10-01 12:00,0.0,"{""type"":""MultiPoint"",""coordinates"":[]}"
20241001123000,2024-10-01 12:30,0.0,"{""type"":""MultiPoint"",""coordinates"":[]}"
20241001130000,2024-10-01 13:00,0.20999999344348907,"{""type"":""MultiPoint"",""coordinates"":[]}"
20241001133000,2024-10-01 13:30,0.0,"{""type"":""MultiPoint"",""coordinates"":[]}"
20241001140000,2024-10-01 14:00,0.0,"{""type"":""MultiPoint"",""coordinates"":[]}"
20241001143000,2024-10-01 14:30,0.0,"{""type"":""MultiPoint"",""coordinates"":[]}"
20241001150000,2024-10-01 15:00,0.0,"{""type"":""MultiPoint"",""coordinates"":[]}"
20241001153000,2024-10-01 15:30,0.07999999821186066,"{""type"":""MultiPoint"",""coordinates"":[]}"
20241001160000,2024-10-01 16:00,0.3100000023841858,"{""type"":""MultiPoint"",""coordinates"":[]}"
20241001163000,2024-10-01 16:30,0.6599999666213989,"{""type"":""MultiPoint"",""coordinates"":[]}"
20241001170000,2024-10-01 17:00,0.5099999904632568,"{""type"":""MultiPoint"",""coordinates"":[]}"
20241001173000,2024-10-01 17:30,0.3999999761581421,"{""type"":""MultiPoint"",""coordinates"":[]}"
20241001180000,2024-10-01 18:00,0.0,"{""type"":""MultiPoint"",""coordinates"":[]}"
20241001183000,2024-10-01 18:30,0.0,"{""type"":""MultiPoint"",""coordinates"":[]}"
20241001190000,2024-10-01 19:00,0.009999999776482582,"{""type"":""MultiPoint"",""coordinates"":[]}"
20241001193000,2024-10-01 19:30,0.0,"{""type"":""MultiPoint"",""coordinates"":[]}"
20241001200000,2024-10-01 20:00,0.0,"{""type"":""MultiPoint"",""coordinates"":[]}"
20241001203000,2024-10-01 20:30,0.0,"{""type"":""MultiPoint"",""coordinates"":[]}"
20241001210000,2024-10-01 21:00,0.0,"{""type"":""MultiPoint"",""coordinates"":[]}"
20241001213000,2024-10-01 21:30,0.0,"{""type"":""MultiPoint"",""coordinates"":[]}"
20241001220000,2024-10-01 22:00,0.0,"{""type"":""MultiPoint"",""coordinates"":[]}"
20241001223000,2024-10-01 22:30,0.009999999776482582,"{""type"":""MultiPoint"",""coordinates"":[]}"
20241001230000,2024-10-01 23:00,0.0,"{""type"":""MultiPoint"",""coordinates"":[]}"
20241001233000,2024-10-01 23:30,0.0,"{""type"":""MultiPoint"",""coordinates"":[]}"
20241002000000,2024-10-02 00:00,0.2800000011920929,"{""type"":""MultiPoint"",""coordinates"":[]}"
20241002003000,2024-10-02 00:30,0.0,"{""type"":""MultiPoint"",""coordinates"":[]}"
20241002010000,2024-10-02 01:00,0.0,"{""type"":""MultiPoint"",""coordinates"":[]}"
20241002013000,2024-10-02 01:30,0.0,"{""type"":""MultiPoint"",""coordinates"":[]}"
20241002020000,2024-10-02 02:00,0.11999999731779099,"{""type"":""MultiPoint"",""coordinates"":[]}"
20241002023000,2024-10-02 02:30,0.3100000023841858,"{""type"":""MultiPoint"",""coordinates"":[]}"
20241002030000,2024-10-02 03:00,0.2199999988079071,"{""type"":""MultiPoint"",""coordinates"":[]}"
20241002033000,2024-10-02 03:30,0.25999999046325684,"{""type"":""MultiPoint"",""coordinates"":[]}"
20241002040000,2024-10-02 04:00,0.05999999865889549,"{""type"":""MultiPoint"",""coordinates"":[]}"
20241002043000,2024-10-02 04:30,0.0,"{""type"":""MultiPoint"",""coordinates"":[]}"
20241002050000,2024-10-02 05:00,0.0,"{""type"":""MultiPoint"",""coordinates"":[]}"
20241002053000,2024-10-02 05:30,0.0,"{""type"":""MultiPoint"",""coordinates"":[]}"
20241002060000,2024-10-02 06:00,0.0,"{""type"":""MultiPoint"",""coordinates"":[]}"
20241002063000,2024-10-02 06:30,0.0,"{""type"":""MultiPoint"",""coordinates"":[]}"
20241002070000,2024-10-02 07:00,0.0,"{""type"":""MultiPoint"",""coordinates"":[]}"
20241002073000,2024-10-02 07:30,0.0,"{""type"":""MultiPoint"",""coordinates"":[]}"
20241002080000,2024-10-02 08:00,0.0,"{""type"":""MultiPoint"",""coordinates"":[]}"
20241002083000,2024-10-02 08:30,0.0,"{""type"":""MultiPoint"",""coordinates"":[]}"
20241002090000,2024-10-02 09:00,0.0,"{""type"":""MultiPoint"",""coordinates"":[]}"
20241002093000,2024-10-02 09:30,0.0,"{""type"":""MultiPoint"",""coordinates"":[]}"
20241002100000,2024-10-02 10:00,0.0,"{""type"":""MultiPoint"",""coordinates"":[]}"
20241002103000,2024-10-02 10:30,0.0,"{""type"":""MultiPoint"",""coordinates"":[]}"
20241002110000,2024-10-02 11:00,0.0,"{""type"":""MultiPoint"",""coordinates"":[]}"
20241002113000,2024-10-02 11:30,0.0,"{""type"":""MultiPoint"",""coordinates"":[]}"
20241002120000,2024-10-02 12:00,0.0,"{""type"":""MultiPoint"",""coordinates"":[]}"
20241002123000,2024-10-02 12:30,0.5099999904632568,"{""type"":""MultiPoint"",""coordinates"":[]}"
20241002130000,2024-10-02 13:00,0.0,"{""type"":""MultiPoint"",""coordinates"":[]}"
20241002133000,2024-10-02 13:30,0.0,"{""type"":""MultiPoint"",""coordinates"":[]}"
20241002140000,2024-10-02 14:00,0.0,"{""type"":""MultiPoint"",""coordinates"":[]}"
20241002143000,2024-10-02 14:30,0.0,"{""type"":""MultiPoint"",""coordinates"":[]}"
20241002150000,2024-10-02 15:00,0.0,"{""type"":""MultiPoint"",""coordinates"":[]}"
20241002153000,2024-10-02 15:30,0.0,"{""type"":""MultiPoint"",""coordinates"":[]}"
20241002160000,2024-10-02 16:00,0.0,"{""type"":""MultiPoint"",""coordinates"":[]}"
20241002163000,2024-10-02 16:30,0.0,"{""type"":""MultiPoint"",""coordinates"":[]}"
20241002170000,2024-10-02 17:00,0.0,"{""type"":""MultiPoint"",""coordinates"":[]}"
20241002173000,2024-10-02 17:30,0.0,"{""type"":""MultiPoint"",""coordinates"":[]}"
20241002180000,2024-10-02 18:00,0.0,"{""type"":""MultiPoint"",""coordinates"":[]}"
20241002183000,2024-10-02 18:30,0.0,"{""type"":""MultiPoint"",""coordinates"":[]}"
20241002190000,2024-10-02 19:00,0.0,"{""type"":""MultiPoint"",""coordinates"":[]}"
20241002193000,2024-10-02 19:30,0.0,"{""type"":""MultiPoint"",""coordinates"":[]}"
20241002200000,2024-10-02 20:00,0.0,"{""type"":""MultiPoint"",""coordinates"":[]}"
20241002203000,2024-10-02 20:30,0.0,"{""type"":""MultiPoint"",""coordinates"":[]}"
20241002210000,2024-10-02 21:00,0.0,"{""type"":""MultiPoint"",""coordinates"":[]}"
20241002213000,2024-10-02 21:30,0.0,"{""type"":""MultiPoint"",""coordinates"":[]}"
20241002220000,2024-10-02 22:00,0.0,"{""type"":""MultiPoint"",""coordinates"":[]}"
20241002223000,2024-10-02 22:30,0.0,"{""type"":""MultiPoint"",""coordinates"":[]}"
20241002230000,2024-10-02 23:00,0.0,"{""type"":""MultiPoint"",""coordinates"":[]}"
20241002233000,2024-10-02 23:30,0.0,"{""type"":""MultiPoint"",""coordinates"":[]}"
20241003000000,2024-10-03 00:00,0.0,"{""type"":""MultiPoint"",""coordinates"":[]}"
20241003003000,2024-10-03 00:30,0.0,"{""type"":""MultiPoint"",""coordinates"":[]}"
20241003010000,2024-10-03 01:00,0.0,"{""type"":""MultiPoint"",""coordinates"":[]}"
20241003013000,2024-10-03 01:30,0.0,"{""type"":""MultiPoint"",""coordinates"":[]}"
20241003020000,2024-10-03 02:00,0.0,"{""type"":""MultiPoint"",""coordinates"":[]}"
20241003023000,2024-10-03 02:30,0.0,"{""type"":""MultiPoint"",""coordinates"":[]}"
20241003030000,2024-10-03 03:00,0.0,"{""type"":""MultiPoint"",""coordinates"":[]}"
20241003033000,2024-10-03 03:30,0.0,"{""type"":""MultiPoint"",""coordinates"":[]}"
20241003040000,2024-10-03 04:00,0.0,"{""type"":""MultiPoint"",""coordinates"":[]}"
20241003043000,2024-10-03 04:30,0.0,"{""type"":""MultiPoint"",""coordinates"":[]}"
20241003050000,2024-10-03 05:00,0.0,"{""type"":""MultiPoint"",""coordinates"":[]}"
20241003053000,2024-10-03 05:30,0.0,"{""type"":""MultiPoint"",""coordinates"":[]}"
20241003060000,2024-10-03 06:00,0.0,"{""type"":""MultiPoint"",""coordinates"":[]}"
20241003063000,2024-10-03 06:30,0.0,"{""type"":""MultiPoint"",""coordinates"":[]}"
20241003070000,2024-10-03 07:00,0.0,"{""type"":""MultiPoint"",""coordinates"":[]}"
20241003073000,2024-10-03 07:30,0.0,"{""type"":""MultiPoint"",""coordinates"":[]}"
20241003080000,2024-10-03 08:00,0.0,"{""type"":""MultiPoint"",""coordinates"":[]}"
20241003083000,2024-10-03 08:30,0.0,"{""type"":""MultiPoint"",""coordinates"":[]}"
20241003090000,2024-10-03 09:00,0.0,"{""type"":""MultiPoint"",""coordinates"":[]}"
20241003093000,2024-10-03 09:30,0.0,"{""type"":""MultiPoint"",""coordinates"":[]}"
20241003100000,2024-10-03 10:00,0.0,"{""type"":""MultiPoint"",""coordinates"":[]}"
20241003103000,2024-10-03 10:30,0.0,"{""type"":""MultiPoint"",""coordinates"":[]}"
20241003110000,2024-10-03 11:00,0.0,"{""type"":""MultiPoint"",""coordinates"":[]}"
20241003113000,2024-10-03 11:30,0.0,"{""type"":""MultiPoint"",""coordinates"":[]}"
20241003120000,2024-10-03 12:00,0.0,"{""type"":""MultiPoint"",""coordinates"":[]}"
20241003123000,2024-10-03 12:30,0.0,"{""type"":""MultiPoint"",""coordinates"":[]}"
20241003130000,2024-10-03 13:00,0.0,"{""type"":""MultiPoint"",""coordinates"":[]}"
20241003133000,2024-10-03 13:30,0.5799999833106995,"{""type"":""MultiPoint"",""coordinates"":[]}"
20241003140000,2024-10-03 14:00,0.0,"{""type"":""MultiPoint"",""coordinates"":[]}"
20241003143000,2024-10-03 14:30,0.0,"{""type"":""MultiPoint"",""coordinates"":[]}"
20241003150000,2024-10-03 15:00,0.0,"{""type"":""MultiPoint"",""coordinates"":[]}"
20241003153000,2024-10-03 15:30,0.0,"{""type"":""MultiPoint"",""coordinates"":[]}"
20241003160000,2024-10-03 16:00,0.0,"{""type"":""MultiPoint"",""coordinates"":[]}"
20241003163000,2024-10-03 16:30,0.0,"{""type"":""MultiPoint"",""coordinates"":[]}"
20241003170000,2024-10-03 17:00,0.0,"{""type"":""MultiPoint"",""coordinates"":[]}"
20241003173000,2024-10-03 17:30,0.0,"{""type"":""MultiPoint"",""coordinates"":[]}"
20241003180000,2024-10-03 18:00,0.0,"{""type"":""MultiPoint"",""coordinates"":[]}"
20241003183000,2024-10-03 18:30,0.0,"{""type"":""MultiPoint"",""coordinates"":[]}"
20241003190000,2024-10-03 19:00,0.0,"{""type"":""MultiPoint"",""coordinates"":[]}"
20241003193000,2024-10-03 19:30,0.0,"{""type"":""MultiPoint"",""coordinates"":[]}"
20241003200000,2024-10-03 20:00,0.0,"{""type"":""MultiPoint"",""coordinates"":[]}"
20241003203000,2024-10-03 20:30,0.0,"{""type"":""MultiPoint"",""coordinates"":[]}"
20241003210000,2024-10-03 21:00,0.0,"{""type"":""MultiPoint"",""coordinates"":[]}"
20241003213000,2024-10-03 21:30,0.0,"{""type"":""MultiPoint"",""coordinates"":[]}"
20241003220000,2024-10-03 22:00,0.0,"{""type"":""MultiPoint"",""coordinates"":[]}"
20241003223000,2024-10-03 22:30,0.0,"{""type"":""MultiPoint"",""coordinates"":[]}"
20241003230000,2024-10-03 23:00,0.0,"{""type"":""MultiPoint"",""coordinates"":[]}"
20241003233000,2024-10-03 23:30,0.0,"{""type"":""MultiPoint"",""coordinates"":[]}"
20241004000000,2024-10-04 00:00,0.05999999865889549,"{""type"":""MultiPoint"",""coordinates"":[]}"
20241004003000,2024-10-04 00:30,0.12999999523162842,"{""type"":""MultiPoint"",""coordinates"":[]}"
20241004010000,2024-10-04 01:00,0.1599999964237213,"{""type"":""MultiPoint"",""coordinates"":[]}"
20241004013000,2024-10-04 01:30,0.1899999976158142,"{""type"":""MultiPoint"",""coordinates"":[]}"
20241004020000,2024-10-04 02:00,0.25,"{""type"":""MultiPoint"",""coordinates"":[]}"
20241004023000,2024-10-04 02:30,0.3400000035762787,"{""type"":""MultiPoint"",""coordinates"":[]}"
20241004030000,2024-10-04 03:00,0.19999998807907104,"{""type"":""MultiPoint"",""coordinates"":[]}"
20241004033000,2024-10-04 03:30,0.04999999701976776,"{""type"":""MultiPoint"",""coordinates"":[]}"
20241004040000,2024-10-04 04:00,0.05999999865889549,"{""type"":""MultiPoint"",""coordinates"":[]}"
20241004043000,2024-10-04 04:30,0.0,"{""type"":""MultiPoint"",""coordinates"":[]}"
20241004050000,2024-10-04 05:00,0.04999999701976776,"{""type"":""MultiPoint"",""coordinates"":[]}"
20241004053000,2024-10-04 05:30,0.0,"{""type"":""MultiPoint"",""coordinates"":[]}"
20241004060000,2024-10-04 06:00,0.0,"{""type"":""MultiPoint"",""coordinates"":[]}"
20241004063000,2024-10-04 06:30,0.0,"{""type"":""MultiPoint"",""coordinates"":[]}"
20241004070000,2024-10-04 07:00,0.0,"{""type"":""MultiPoint"",""coordinates"":[]}"
20241004073000,2024-10-04 07:30,0.0,"{""type"":""MultiPoint"",""coordinates"":[]}"
20241004080000,2024-10-04 08:00,0.0,"{""type"":""MultiPoint"",""coordinates"":[]}"
20241004083000,2024-10-04 08:30,0.0,"{""type"":""MultiPoint"",""coordinates"":[]}"
20241004090000,2024-10-04 09:00,0.0,"{""type"":""MultiPoint"",""coordinates"":[]}"
20241004093000,2024-10-04 09:30,0.0,"{""type"":""MultiPoint"",""coordinates"":[]}"
20241004100000,2024-10-04 10:00,0.0,"{""type"":""MultiPoint"",""coordinates"":[]}"
20241004103000,2024-10-04 10:30,0.0,"{""type"":""MultiPoint"",""coordinates"":[]}"
20241004110000,2024-10-04 11:00,0.0,"{""type"":""MultiPoint"",""coordinates"":[]}"
20241004113000,2024-10-04 11:30,0.0,"{""type"":""MultiPoint"",""coordinates"":[]}"
20241004120000,2024-10-04 12:00,0.0,"{""type"":""MultiPoint"",""coordinates"":[]}"
20241004123000,2024-10-04 12:30,0.0,"{""type"":""MultiPoint"",""coordinates"":[]}"
20241004130000,2024-10-04 13:00,0.0,"{""type"":""MultiPoint"",""coordinates"":[]}"
20241004133000,2024-10-04 13:30,0.0,"{""type"":""MultiPoint"",""coordinates"":[]}"
20241004140000,2024-10-04 14:00,0.0,"{""type"":""MultiPoint"",""coordinates"":[]}"
20241004143000,2024-10-04 14:30,0.0,"{""type"":""MultiPoint"",""coordinates"":[]}"
20241004150000,2024-10-04 15:00,0.0,"{""type"":""MultiPoint"",""coordinates"":[]}"
20241004153000,2024-10-04 15:30,0.0,"{""type"":""MultiPoint"",""coordinates"":[]}"
20241004160000,2024-10-04 16:00,0.0,"{""type"":""MultiPoint"",""coordinates"":[]}"
20241004163000,2024-10-04 16:30,0.0,"{""type"":""MultiPoint"",""coordinates"":[]}"
20241004170000,2024-10-04 17:00,0.0,"{""type"":""MultiPoint"",""coordinates"":[]}"
20241004173000,2024-10-04 17:30,0.0,"{""type"":""MultiPoint"",""coordinates"":[]}"
20241004180000,2024-10-04 18:00,0.0,"{""type"":""MultiPoint"",""coordinates"":[]}"
20241004183000,2024-10-04 18:30,0.009999999776482582,"{""type"":""MultiPoint"",""coordinates"":[]}"
20241004190000,2024-10-04 19:00,0.0,"{""type"":""MultiPoint"",""coordinates"":[]}"
20241004193000,2024-10-04 19:30,0.0,"{""type"":""MultiPoint"",""coordinates"":[]}"
20241004200000,2024-10-04 20:00,0.0,"{""type"":""MultiPoint"",""coordinates"":[]}"
20241004203000,2024-10-04 20:30,0.0,"{""type"":""MultiPoint"",""coordinates"":[]}"
20241004210000,2024-10-04 21:00,0.0,"{""type"":""MultiPoint"",""coordinates"":[]}"
20241004213000,2024-10-04 21:30,0.0,"{""type"":""MultiPoint"",""coordinates"":[]}"
20241004220000,2024-10-04 22:00,0.0,"{""type"":""MultiPoint"",""coordinates"":[]}"
20241004223000,2024-10-04 22:30,0.0,"{""type"":""MultiPoint"",""coordinates"":[]}"
20241004230000,2024-10-04 23:00,0.0,"{""type"":""MultiPoint"",""coordinates"":[]}"
20241004233000,2024-10-04 23:30,0.0,"{""type"":""MultiPoint"",""coordinates"":[]}"
20241005000000,2024-10-05 00:00,0.0,"{""type"":""MultiPoint"",""coordinates"":[]}"
20241005003000,2024-10-05 00:30,1.149999976158142,"{""type"":""MultiPoint"",""coordinates"":[]}"
20241005010000,2024-10-05 01:00,0.0,"{""type"":""MultiPoint"",""coordinates"":[]}"
20241005013000,2024-10-05 01:30,0.0,"{""type"":""MultiPoint"",""coordinates"":[]}"
20241005020000,2024-10-05 02:00,0.0,"{""type"":""MultiPoint"",""coordinates"":[]}"
20241005023000,2024-10-05 02:30,0.0,"{""type"":""MultiPoint"",""coordinates"":[]}"
20241005030000,2024-10-05 03:00,0.0,"{""type"":""MultiPoint"",""coordinates"":[]}"
20241005033000,2024-10-05 03:30,0.0,"{""type"":""MultiPoint"",""coordinates"":[]}"
20241005040000,2024-10-05 04:00,0.0,"{""type"":""MultiPoint"",""coordinates"":[]}"
20241005043000,2024-10-05 04:30,0.0,"{""type"":""MultiPoint"",""coordinates"":[]}"
20241005050000,2024-10-05 05:00,0.0,"{""type"":""MultiPoint"",""coordinates"":[]}"
20241005053000,2024-10-05 05:30,0.0,"{""type"":""MultiPoint"",""coordinates"":[]}"
20241005060000,2024-10-05 06:00,0.0,"{""type"":""MultiPoint"",""coordinates"":[]}"
20241005063000,2024-10-05 06:30,0.0,"{""type"":""MultiPoint"",""coordinates"":[]}"
20241005070000,2024-10-05 07:00,0.0,"{""type"":""MultiPoint"",""coordinates"":[]}"
20241005073000,2024-10-05 07:30,0.0,"{""type"":""MultiPoint"",""coordinates"":[]}"
20241005080000,2024-10-05 08:00,0.0,"{""type"":""MultiPoint"",""coordinates"":[]}"
20241005083000,2024-10-05 08:30,0.0,"{""type"":""MultiPoint"",""coordinates"":[]}"
20241005090000,2024-10-05 09:00,0.0,"{""type"":""MultiPoint"",""coordinates"":[]}"
20241005093000,2024-10-05 09:30,0.0,"{""type"":""MultiPoint"",""coordinates"":[]}"
20241005100000,2024-10-05 10:00,0.0,"{""type"":""MultiPoint"",""coordinates"":[]}"
20241005103000,2024-10-05 10:30,0.0,"{""type"":""MultiPoint"",""coordinates"":[]}"
20241005110000,2024-10-05 11:00,0.0,"{""type"":""MultiPoint"",""coordinates"":[]}"
20241005113000,2024-10-05 11:30,0.0,"{""type"":""MultiPoint"",""coordinates"":[]}"
20241005120000,2024-10-05 12:00,0.0,"{""type"":""MultiPoint"",""coordinates"":[]}"
20241005123000,2024-10-05 12:30,0.0,"{""type"":""MultiPoint"",""coordinates"":[]}"
20241005130000,2024-10-05 13:00,0.0,"{""type"":""MultiPoint"",""coordinates"":[]}"
20241005133000,2024-10-05 13:30,0.0,"{""type"":""MultiPoint"",""coordinates"":[]}"
20241005140000,2024-10-05 14:00,0.0,"{""type"":""MultiPoint"",""coordinates"":[]}"
20241005143000,2024-10-05 14:30,0.0,"{""type"":""MultiPoint"",""coordinates"":[]}"
20241005150000,2024-10-05 15:00,0.0,"{""type"":""MultiPoint"",""coordinates"":[]}"
20241005153000,2024-10-05 15:30,0.0,"{""type"":""MultiPoint"",""coordinates"":[]}"
20241005160000,2024-10-05 16:00,0.0,"{""type"":""MultiPoint"",""coordinates"":[]}"
20241005163000,2024-10-05 16:30,0.0,"{""type"":""MultiPoint"",""coordinates"":[]}"
20241005170000,2024-10-05 17:00,0.0,"{""type"":""MultiPoint"",""coordinates"":[]}"
20241005173000,2024-10-05 17:30,0.0,"{""type"":""MultiPoint"",""coordinates"":[]}"
20241005180000,2024-10-05 18:00,0.0,"{""type"":""MultiPoint"",""coordinates"":[]}"
20241005183000,2024-10-05 18:30,0.009999999776482582,"{""type"":""MultiPoint"",""coordinates"":[]}"
20241005190000,2024-10-05 19:00,0.07000000029802322,"{""type"":""MultiPoint"",""coordinates"":[]}"
20241005193000,2024-10-05 19:30,0.0,"{""type"":""MultiPoint"",""coordinates"":[]}"
20241005200000,2024-10-05 20:00,0.0,"{""type"":""MultiPoint"",""coordinates"":[]}"
20241005203000,2024-10-05 20:30,0.0,"{""type"":""MultiPoint"",""coordinates"":[]}"
20241005210000,2024-10-05 21:00,0.23999999463558197,"{""type"":""MultiPoint"",""coordinates"":[]}"
20241005213000,2024-10-05 21:30,0.550000011920929,"{""type"":""MultiPoint"",""coordinates"":[]}"
20241005220000,2024-10-05 22:00,2.0299999713897705,"{""type"":""MultiPoint"",""coordinates"":[]}"
20241005223000,2024-10-05 22:30,3.559999942779541,"{""type"":""MultiPoint"",""coordinates"":[]}"
20241005230000,2024-10-05 23:00,10.729999542236328,"{""type"":""MultiPoint"",""coordinates"":[]}"
20241005233000,2024-10-05 23:30,10.710000038146973,"{""type"":""MultiPoint"",""coordinates"":[]}"
20241006000000,2024-10-06 00:00,10.269999504089355,"{""type"":""MultiPoint"",""coordinates"":[]}"
20241006003000,2024-10-06 00:30,10.109999656677246,"{""type"":""MultiPoint"",""coordinates"":[]}"
20241006010000,2024-10-06 01:00,8.720000267028809,"{""type"":""MultiPoint"",""coordinates"":[]}"
20241006013000,2024-10-06 01:30,6.509999752044678,"{""type"":""MultiPoint"",""coordinates"":[]}"
20241006020000,2024-10-06 02:00,4.880000114440918,"{""type"":""MultiPoint"",""coordinates"":[]}"
20241006023000,2024-10-06 02:30,3.75,"{""type"":""MultiPoint"",""coordinates"":[]}"
20241006030000,2024-10-06 03:00,1.459999918937683,"{""type"":""MultiPoint"",""coordinates"":[]}"
20241006033000,2024-10-06 03:30,1.3399999141693115,"{""type"":""MultiPoint"",""coordinates"":[]}"
20241006040000,2024-10-06 04:00,0.019999999552965164,"{""type"":""MultiPoint"",""coordinates"":[]}"
20241006043000,2024-10-06 04:30,0.0,"{""type"":""MultiPoint"",""coordinates"":[]}"
20241006050000,2024-10-06 05:00,0.22999998927116394,"{""type"":""MultiPoint"",""coordinates"":[]}"
20241006053000,2024-10-06 05:30,0.0,"{""type"":""MultiPoint"",""coordinates"":[]}"
20241006060000,2024-10-06 06:00,0.009999999776482582,"{""type"":""MultiPoint"",""coordinates"":[]}"
20241006063000,2024-10-06 06:30,0.0,"{""type"":""MultiPoint"",""coordinates"":[]}"
20241006070000,2024-10-06 07:00,0.0,"{""type"":""MultiPoint"",""coordinates"":[]}"
20241006073000,2024-10-06 07:30,0.0,"{""type"":""MultiPoint"",""coordinates"":[]}"
20241006080000,2024-10-06 08:00,0.0,"{""type"":""MultiPoint"",""coordinates"":[]}"
20241006083000,2024-10-06 08:30,0.0,"{""type"":""MultiPoint"",""coordinates"":[]}"
20241006090000,2024-10-06 09:00,0.0,"{""type"":""MultiPoint"",""coordinates"":[]}"
20241006093000,2024-10-06 09:30,0.0,"{""type"":""MultiPoint"",""coordinates"":[]}"
20241006100000,2024-10-06 10:00,0.009999999776482582,"{""type"":""MultiPoint"",""coordinates"":[]}"
20241006103000,2024-10-06 10:30,0.17999999225139618,"{""type"":""MultiPoint"",""coordinates"":[]}"
20241006110000,2024-10-06 11:00,0.38999998569488525,"{""type"":""MultiPoint"",""coordinates"":[]}"
20241006113000,2024-10-06 11:30,0.22999998927116394,"{""type"":""MultiPoint"",""coordinates"":[]}"
20241006120000,2024-10-06 12:00,0.07999999821186066,"{""type"":""MultiPoint"",""coordinates"":[]}"
20241006123000,2024-10-06 12:30,0.0,"{""type"":""MultiPoint"",""coordinates"":[]}"
20241006130000,2024-10-06 13:00,0.0,"{""type"":""MultiPoint"",""coordinates"":[]}"
20241006133000,2024-10-06 13:30,0.0,"{""type"":""MultiPoint"",""coordinates"":[]}"
20241006140000,2024-10-06 14:00,0.0,"{""type"":""MultiPoint"",""coordinates"":[]}"
20241006143000,2024-10-06 14:30,0.0,"{""type"":""MultiPoint"",""coordinates"":[]}"
20241006150000,2024-10-06 15:00,0.0,"{""type"":""MultiPoint"",""coordinates"":[]}"
20241006153000,2024-10-06 15:30,0.0,"{""type"":""MultiPoint"",""coordinates"":[]}"
20241006160000,2024-10-06 16:00,0.0,"{""type"":""MultiPoint"",""coordinates"":[]}"
20241006163000,2024-10-06 16:30,0.0,"{""type"":""MultiPoint"",""coordinates"":[]}"
20241006170000,2024-10-06 17:00,0.0,"{""type"":""MultiPoint"",""coordinates"":[]}"
20241006173000,2024-10-06 17:30,0.0,"{""type"":""MultiPoint"",""coordinates"":[]}"
20241006180000,2024-10-06 18:00,0.0,"{""type"":""MultiPoint"",""coordinates"":[]}"
20241006183000,2024-10-06 18:30,0.0,"{""type"":""MultiPoint"",""coordinates"":[]}"
20241006190000,2024-10-06 19:00,0.0,"{""type"":""MultiPoint"",""coordinates"":[]}"
20241006193000,2024-10-06 19:30,0.0,"{""type"":""MultiPoint"",""coordinates"":[]}"
20241006200000,2024-10-06 20:00,0.0,"{""type"":""MultiPoint"",""coordinates"":[]}"
20241006203000,2024-10-06 20:30,0.0,"{""type"":""MultiPoint"",""coordinates"":[]}"
20241006210000,2024-10-06 21:00,0.0,"{""type"":""MultiPoint"",""coordinates"":[]}"
20241006213000,2024-10-06 21:30,0.0,"{""type"":""MultiPoint"",""coordinates"":[]}"
20241006220000,2024-10-06 22:00,0.0,"{""type"":""MultiPoint"",""coordinates"":[]}"
20241006223000,2024-10-06 22:30,0.0,"{""type"":""MultiPoint"",""coordinates"":[]}"
20241006230000,2024-10-06 23:00,0.0,"{""type"":""MultiPoint"",""coordinates"":[]}"
20241006233000,2024-10-06 23:30,0.0,"{""type"":""MultiPoint"",""coordinates"":[]}"
20241007000000,2024-10-07 00:00,0.0,"{""type"":""MultiPoint"",""coordinates"":[]}"
20241007003000,2024-10-07 00:30,0.0,"{""type"":""MultiPoint"",""coordinates"":[]}"
20241007010000,2024-10-07 01:00,0.0,"{""type"":""MultiPoint"",""coordinates"":[]}"
20241007013000,2024-10-07 01:30,0.0,"{""type"":""MultiPoint"",""coordinates"":[]}"
20241007020000,2024-10-07 02:00,0.0,"{""type"":""MultiPoint"",""coordinates"":[]}"
20241007023000,2024-10-07 02:30,0.0,"{""type"":""MultiPoint"",""coordinates"":[]}"
20241007030000,2024-10-07 03:00,0.0,"{""type"":""MultiPoint"",""coordinates"":[]}"
20241007033000,2024-10-07 03:30,0.0,"{""type"":""MultiPoint"",""coordinates"":[]}"
20241007040000,2024-10-07 04:00,0.0,"{""type"":""MultiPoint"",""coordinates"":[]}"
20241007043000,2024-10-07 04:30,0.0,"{""type"":""MultiPoint"",""coordinates"":[]}"
20241007050000,2024-10-07 05:00,0.0,"{""type"":""MultiPoint"",""coordinates"":[]}"
20241007053000,2024-10-07 05:30,0.0,"{""type"":""MultiPoint"",""coordinates"":[]}"
20241007060000,2024-10-07 06:00,0.0,"{""type"":""MultiPoint"",""coordinates"":[]}"
20241007063000,2024-10-07 06:30,0.0,"{""type"":""MultiPoint"",""coordinates"":[]}"
20241007070000,2024-10-07 07:00,0.0,"{""type"":""MultiPoint"",""coordinates"":[]}"
20241007073000,2024-10-07 07:30,0.0,"{""type"":""MultiPoint"",""coordinates"":[]}"
20241007080000,2024-10-07 08:00,0.0,"{""type"":""MultiPoint"",""coordinates"":[]}"
20241007083000,2024-10-07 08:30,0.0,"{""type"":""MultiPoint"",""coordinates"":[]}"
20241007090000,2024-10-07 09:00,0.0,"{""type"":""MultiPoint"",""coordinates"":[]}"
20241007093000,2024-10-07 09:30,0.0,"{""type"":""MultiPoint"",""coordinates"":[]}"
20241007100000,2024-10-07 10:00,0.0,"{""type"":""MultiPoint"",""coordinates"":[]}"
20241007103000,2024-10-07 10:30,0.0,"{""type"":""MultiPoint"",""coordinates"":[]}"
20241007110000,2024-10-07 11:00,0.0,"{""type"":""MultiPoint"",""coordinates"":[]}"
20241007113000,2024-10-07 11:30,0.0,"{""type"":""MultiPoint"",""coordinates"":[]}"
20241007120000,2024-10-07 12:00,0.0,"{""type"":""MultiPoint"",""coordinates"":[]}"
20241007123000,2024-10-07 12:30,0.0,"{""type"":""MultiPoint"",""coordinates"":[]}"
20241007130000,2024-10-07 13:00,0.0,"{""type"":""MultiPoint"",""coordinates"":[]}"
20241007133000,2024-10-07 13:30,0.0,"{""type"":""MultiPoint"",""coordinates"":[]}"
20241007140000,2024-10-07 14:00,0.0,"{""type"":""MultiPoint"",""coordinates"":[]}"
20241007143000,2024-10-07 14:30,0.0,"{""type"":""MultiPoint"",""coordinates"":[]}"
20241007150000,2024-10-07 15:00,0.0,"{""type"":""MultiPoint"",""coordinates"":[]}"
20241007153000,2024-10-07 15:30,0.0,"{""type"":""MultiPoint"",""coordinates"":[]}"
20241007160000,2024-10-07 16:00,0.0,"{""type"":""MultiPoint"",""coordinates"":[]}"
20241007163000,2024-10-07 16:30,0.0,"{""type"":""MultiPoint"",""coordinates"":[]}"
20241007170000,2024-10-07 17:00,0.0,"{""type"":""MultiPoint"",""coordinates"":[]}"
20241007173000,2024-10-07 17:30,0.0,"{""type"":""MultiPoint"",""coordinates"":[]}"
20241007180000,2024-10-07 18:00,0.0,"{""type"":""MultiPoint"",""coordinates"":[]}"
20241007183000,2024-10-07 18:30,0.0,"{""type"":""MultiPoint"",""coordinates"":[]}"
20241007190000,2024-10-07 19:00,0.0,"{""type"":""MultiPoint"",""coordinates"":[]}"
20241007193000,2024-10-07 19:30,0.0,"{""type"":""MultiPoint"",""coordinates"":[]}"
20241007200000,2024-10-07 20:00,0.0,"{""type"":""MultiPoint"",""coordinates"":[]}"
20241007203000,2024-10-07 20:30,0.0,"{""type"":""MultiPoint"",""coordinates"":[]}"
20241007210000,2024-10-07 21:00,0.0,"{""type"":""MultiPoint"",""coordinates"":[]}"
20241007213000,2024-10-07 21:30,0.0,"{""type"":""MultiPoint"",""coordinates"":[]}"
20241007220000,2024-10-07 22:00,0.0,"{""type"":""MultiPoint"",""coordinates"":[]}"
20241007223000,2024-10-07 22:30,0.0,"{""type"":""MultiPoint"",""coordinates"":[]}"
20241007230000,2024-10-07 23:00,0.0,"{""type"":""MultiPoint"",""coordinates"":[]}"
20241007233000,2024-10-07 23:30,0.0,"{""type"":""MultiPoint"",""coordinates"":[]}"
20241008000000,2024-10-08 00:00,0.0,"{""type"":""MultiPoint"",""coordinates"":[]}"
20241008003000,2024-10-08 00:30,0.0,"{""type"":""MultiPoint"",""coordinates"":[]}"
20241008010000,2024-10-08 01:00,0.0,"{""type"":""MultiPoint"",""coordinates"":[]}"
20241008013000,2024-10-08 01:30,0.0,"{""type"":""MultiPoint"",""coordinates"":[]}"
20241008020000,2024-10-08 02:00,0.0,"{""type"":""MultiPoint"",""coordinates"":[]}"
20241008023000,2024-10-08 02:30,0.0,"{""type"":""MultiPoint"",""coordinates"":[]}"
20241008030000,2024-10-08 03:00,0.0,"{""type"":""MultiPoint"",""coordinates"":[]}"
20241008033000,2024-10-08 03:30,0.0,"{""type"":""MultiPoint"",""coordinates"":[]}"
20241008040000,2024-10-08 04:00,0.0,"{""type"":""MultiPoint"",""coordinates"":[]}"
20241008043000,2024-10-08 04:30,0.0,"{""type"":""MultiPoint"",""coordinates"":[]}"
20241008050000,2024-10-08 05:00,0.0,"{""type"":""MultiPoint"",""coordinates"":[]}"
20241008053000,2024-10-08 05:30,0.0,"{""type"":""MultiPoint"",""coordinates"":[]}"
20241008060000,2024-10-08 06:00,0.0,"{""type"":""MultiPoint"",""coordinates"":[]}"
20241008063000,2024-10-08 06:30,0.0,"{""type"":""MultiPoint"",""coordinates"":[]}"
20241008070000,2024-10-08 07:00,0.0,"{""type"":""MultiPoint"",""coordinates"":[]}"
20241008073000,2024-10-08 07:30,0.0,"{""type"":""MultiPoint"",""coordinates"":[]}"
20241008080000,2024-10-08 08:00,0.0,"{""type"":""MultiPoint"",""coordinates"":[]}"
20241008083000,2024-10-08 08:30,0.0,"{""type"":""MultiPoint"",""coordinates"":[]}"
20241008090000,2024-10-08 09:00,0.0,"{""type"":""MultiPoint"",""coordinates"":[]}"
20241008093000,2024-10-08 09:30,0.0,"{""type"":""MultiPoint"",""coordinates"":[]}"
20241008100000,2024-10-08 10:00,0.0,"{""type"":""MultiPoint"",""coordinates"":[]}"
20241008103000,2024-10-08 10:30,0.0,"{""type"":""MultiPoint"",""coordinates"":[]}"
20241008110000,2024-10-08 11:00,0.0,"{""type"":""MultiPoint"",""coordinates"":[]}"
20241008113000,2024-10-08 11:30,0.0,"{""type"":""MultiPoint"",""coordinates"":[]}"
20241008120000,2024-10-08 12:00,0.0,"{""type"":""MultiPoint"",""coordinates"":[]}"
20241008123000,2024-10-08 12:30,0.0,"{""type"":""MultiPoint"",""coordinates"":[]}"
20241008130000,2024-10-08 13:00,0.0,"{""type"":""MultiPoint"",""coordinates"":[]}"
20241008133000,2024-10-08 13:30,0.0,"{""type"":""MultiPoint"",""coordinates"":[]}"
20241008140000,2024-10-08 14:00,0.0,"{""type"":""MultiPoint"",""coordinates"":[]}"
20241008143000,2024-10-08 14:30,0.0,"{""type"":""MultiPoint"",""coordinates"":[]}"
20241008150000,2024-10-08 15:00,0.0,"{""type"":""MultiPoint"",""coordinates"":[]}"
20241008153000,2024-10-08 15:30,0.0,"{""type"":""MultiPoint"",""coordinates"":[]}"
20241008160000,2024-10-08 16:00,0.0,"{""type"":""MultiPoint"",""coordinates"":[]}"
20241008163000,2024-10-08 16:30,0.0,"{""type"":""MultiPoint"",""coordinates"":[]}"
20241008170000,2024-10-08 17:00,0.0,"{""type"":""MultiPoint"",""coordinates"":[]}"
20241008173000,2024-10-08 17:30,0.0,"{""type"":""MultiPoint"",""coordinates"":[]}"
20241008180000,2024-10-08 18:00,0.0,"{""type"":""MultiPoint"",""coordinates"":[]}"
20241008183000,2024-10-08 18:30,0.0,"{""type"":""MultiPoint"",""coordinates"":[]}"
20241008190000,2024-10-08 19:00,0.0,"{""type"":""MultiPoint"",""coordinates"":[]}"
20241008193000,2024-10-08 19:30,0.0,"{""type"":""MultiPoint"",""coordinates"":[]}"
20241008200000,2024-10-08 20:00,0.0,"{""type"":""MultiPoint"",""coordinates"":[]}"
20241008203000,2024-10-08 20:30,0.0,"{""type"":""MultiPoint"",""coordinates"":[]}"
20241008210000,2024-10-08 21:00,0.0,"{""type"":""MultiPoint"",""coordinates"":[]}"
20241008213000,2024-10-08 21:30,0.0,"{""type"":""MultiPoint"",""coordinates"":[]}"
20241008220000,2024-10-08 22:00,0.0,"{""type"":""MultiPoint"",""coordinates"":[]}"
20241008223000,2024-10-08 22:30,0.0,"{""type"":""MultiPoint"",""coordinates"":[]}"
20241008230000,2024-10-08 23:00,0.0,"{""type"":""MultiPoint"",""coordinates"":[]}"
20241008233000,2024-10-08 23:30,0.0,"{""type"":""MultiPoint"",""coordinates"":[]}"
20241009000000,2024-10-09 00:00,0.0,"{""type"":""MultiPoint"",""coordinates"":[]}"
20241009003000,2024-10-09 00:30,0.0,"{""type"":""MultiPoint"",""coordinates"":[]}"
20241009010000,2024-10-09 01:00,0.0,"{""type"":""MultiPoint"",""coordinates"":[]}"
20241009013000,2024-10-09 01:30,0.0,"{""type"":""MultiPoint"",""coordinates"":[]}"
20241009020000,2024-10-09 02:00,0.0,"{""type"":""MultiPoint"",""coordinates"":[]}"
20241009023000,2024-10-09 02:30,0.0,"{""type"":""MultiPoint"",""coordinates"":[]}"
20241009030000,2024-10-09 03:00,0.0,"{""type"":""MultiPoint"",""coordinates"":[]}"
20241009033000,2024-10-09 03:30,0.0,"{""type"":""MultiPoint"",""coordinates"":[]}"
20241009040000,2024-10-09 04:00,0.0,"{""type"":""MultiPoint"",""coordinates"":[]}"
20241009043000,2024-10-09 04:30,0.0,"{""type"":""MultiPoint"",""coordinates"":[]}"
20241009050000,2024-10-09 05:00,0.0,"{""type"":""MultiPoint"",""coordinates"":[]}"
20241009053000,2024-10-09 05:30,0.0,"{""type"":""MultiPoint"",""coordinates"":[]}"
20241009060000,2024-10-09 06:00,0.0,"{""type"":""MultiPoint"",""coordinates"":[]}"
20241009063000,2024-10-09 06:30,0.0,"{""type"":""MultiPoint"",""coordinates"":[]}"
20241009070000,2024-10-09 07:00,0.0,"{""type"":""MultiPoint"",""coordinates"":[]}"
20241009073000,2024-10-09 07:30,0.0,"{""type"":""MultiPoint"",""coordinates"":[]}"
20241009080000,2024-10-09 08:00,0.0,"{""type"":""MultiPoint"",""coordinates"":[]}"
20241009083000,2024-10-09 08:30,0.0,"{""type"":""MultiPoint"",""coordinates"":[]}"
20241009090000,2024-10-09 09:00,0.0,"{""type"":""MultiPoint"",""coordinates"":[]}"
20241009093000,2024-10-09 09:30,0.0,"{""type"":""MultiPoint"",""coordinates"":[]}"
20241009100000,2024-10-09 10:00,0.0,"{""type"":""MultiPoint"",""coordinates"":[]}"
20241009103000,2024-10-09 10:30,0.0,"{""type"":""MultiPoint"",""coordinates"":[]}"
20241009110000,2024-10-09 11:00,0.0,"{""type"":""MultiPoint"",""coordinates"":[]}"
20241009113000,2024-10-09 11:30,0.0,"{""type"":""MultiPoint"",""coordinates"":[]}"
20241009120000,2024-10-09 12:00,0.0,"{""type"":""MultiPoint"",""coordinates"":[]}"
20241009123000,2024-10-09 12:30,0.0,"{""type"":""MultiPoint"",""coordinates"":[]}"
20241009130000,2024-10-09 13:00,0.0,"{""type"":""MultiPoint"",""coordinates"":[]}"
20241009133000,2024-10-09 13:30,0.0,"{""type"":""MultiPoint"",""coordinates"":[]}"
20241009140000,2024-10-09 14:00,0.0,"{""type"":""MultiPoint"",""coordinates"":[]}"
20241009143000,2024-10-09 14:30,0.0,"{""type"":""MultiPoint"",""coordinates"":[]}"
20241009150000,2024-10-09 15:00,0.0,"{""type"":""MultiPoint"",""coordinates"":[]}"
20241009153000,2024-10-09 15:30,0.0,"{""type"":""MultiPoint"",""coordinates"":[]}"
20241009160000,2024-10-09 16:00,0.0,"{""type"":""MultiPoint"",""coordinates"":[]}"
20241009163000,2024-10-09 16:30,0.0,"{""type"":""MultiPoint"",""coordinates"":[]}"
20241009170000,2024-10-09 17:00,0.0,"{""type"":""MultiPoint"",""coordinates"":[]}"
20241009173000,2024-10-09 17:30,0.0,"{""type"":""MultiPoint"",""coordinates"":[]}"
20241009180000,2024-10-09 18:00,0.0,"{""type"":""MultiPoint"",""coordinates"":[]}"
20241009183000,2024-10-09 18:30,0.0,"{""type"":""MultiPoint"",""coordinates"":[]}"
20241009190000,2024-10-09 19:00,0.0,"{""type"":""MultiPoint"",""coordinates"":[]}"
20241009193000,2024-10-09 19:30,0.0,"{""type"":""MultiPoint"",""coordinates"":[]}"
20241009200000,2024-10-09 20:00,0.0,"{""type"":""MultiPoint"",""coordinates"":[]}"
20241009203000,2024-10-09 20:30,0.0,"{""type"":""MultiPoint"",""coordinates"":[]}"
20241009210000,2024-10-09 21:00,0.0,"{""type"":""MultiPoint"",""coordinates"":[]}"
20241009213000,2024-10-09 21:30,0.0,"{""type"":""MultiPoint"",""coordinates"":[]}"
20241009220000,2024-10-09 22:00,0.0,"{""type"":""MultiPoint"",""coordinates"":[]}"
20241009223000,2024-10-09 22:30,0.0,"{""type"":""MultiPoint"",""coordinates"":[]}"
20241009230000,2024-10-09 23:00,0.0,"{""type"":""MultiPoint"",""coordinates"":[]}"
20241009233000,2024-10-09 23:30,0.0,"{""type"":""MultiPoint"",""coordinates"":[]}"
20241010000000,2024-10-10 00:00,0.0,"{""type"":""MultiPoint"",""coordinates"":[]}"
20241010003000,2024-10-10 00:30,0.4399999976158142,"{""type"":""MultiPoint"",""coordinates"":[]}"
20241010010000,2024-10-10 01:00,0.6599999666213989,"{""type"":""MultiPoint"",""coordinates"":[]}"
20241010013000,2024-10-10 01:30,0.0,"{""type"":""MultiPoint"",""coordinates"":[]}"
20241010020000,2024-10-10 02:00,0.0,"{""type"":""MultiPoint"",""coordinates"":[]}"
20241010023000,2024-10-10 02:30,0.0,"{""type"":""MultiPoint"",""coordinates"":[]}"
20241010030000,2024-10-10 03:00,0.0,"{""type"":""MultiPoint"",""coordinates"":[]}"
20241010033000,2024-10-10 03:30,0.0,"{""type"":""MultiPoint"",""coordinates"":[]}"
20241010040000,2024-10-10 04:00,0.0,"{""type"":""MultiPoint"",""coordinates"":[]}"
20241010043000,2024-10-10 04:30,0.0,"{""type"":""MultiPoint"",""coordinates"":[]}"
20241010050000,2024-10-10 05:00,0.0,"{""type"":""MultiPoint"",""coordinates"":[]}"
20241010053000,2024-10-10 05:30,0.0,"{""type"":""MultiPoint"",""coordinates"":[]}"
20241010060000,2024-10-10 06:00,0.0,"{""type"":""MultiPoint"",""coordinates"":[]}"
20241010063000,2024-10-10 06:30,0.0,"{""type"":""MultiPoint"",""coordinates"":[]}"
20241010070000,2024-10-10 07:00,0.0,"{""type"":""MultiPoint"",""coordinates"":[]}"
20241010073000,2024-10-10 07:30,0.0,"{""type"":""MultiPoint"",""coordinates"":[]}"
20241010080000,2024-10-10 08:00,0.0,"{""type"":""MultiPoint"",""coordinates"":[]}"
20241010083000,2024-10-10 08:30,0.0,"{""type"":""MultiPoint"",""coordinates"":[]}"
20241010090000,2024-10-10 09:00,0.0,"{""type"":""MultiPoint"",""coordinates"":[]}"
20241010093000,2024-10-10 09:30,0.0,"{""type"":""MultiPoint"",""coordinates"":[]}"
20241010100000,2024-10-10 10:00,0.0,"{""type"":""MultiPoint"",""coordinates"":[]}"
20241010103000,2024-10-10 10:30,0.0,"{""type"":""MultiPoint"",""coordinates"":[]}"
20241010110000,2024-10-10 11:00,0.0,"{""type"":""MultiPoint"",""coordinates"":[]}"
20241010113000,2024-10-10 11:30,0.0,"{""type"":""MultiPoint"",""coordinates"":[]}"
20241010120000,2024-10-10 12:00,0.0,"{""type"":""MultiPoint"",""coordinates"":[]}"
20241010123000,2024-10-10 12:30,0.0,"{""type"":""MultiPoint"",""coordinates"":[]}"
20241010130000,2024-10-10 13:00,0.0,"{""type"":""MultiPoint"",""coordinates"":[]}"
20241010133000,2024-10-10 13:30,0.0,"{""type"":""MultiPoint"",""coordinates"":[]}"
20241010140000,2024-10-10 14:00,0.0,"{""type"":""MultiPoint"",""coordinates"":[]}"
20241010143000,2024-10-10 14:30,0.0,"{""type"":""MultiPoint"",""coordinates"":[]}"
20241010150000,2024-10-10 15:00,0.0,"{""type"":""MultiPoint"",""coordinates"":[]}"
20241010153000,2024-10-10 15:30,0.0,"{""type"":""MultiPoint"",""coordinates"":[]}"
20241010160000,2024-10-10 16:00,0.0,"{""type"":""MultiPoint"",""coordinates"":[]}"
20241010163000,2024-10-10 16:30,0.0,"{""type"":""MultiPoint"",""coordinates"":[]}"
20241010170000,2024-10-10 17:00,0.0,"{""type"":""MultiPoint"",""coordinates"":[]}"
20241010173000,2024-10-10 17:30,0.0,"{""type"":""MultiPoint"",""coordinates"":[]}"
20241010180000,2024-10-10 18:00,0.0,"{""type"":""MultiPoint"",""coordinates"":[]}"
20241010183000,2024-10-10 18:30,0.0,"{""type"":""MultiPoint"",""coordinates"":[]}"
20241010190000,2024-10-10 19:00,0.0,"{""type"":""MultiPoint"",""coordinates"":[]}"
20241010193000,2024-10-10 19:30,0.0,"{""type"":""MultiPoint"",""coordinates"":[]}"
20241010200000,2024-10-10 20:00,0.0,"{""type"":""MultiPoint"",""coordinates"":[]}"
20241010203000,2024-10-10 20:30,0.0,"{""type"":""MultiPoint"",""coordinates"":[]}"
20241010210000,2024-10-10 21:00,0.0,"{""type"":""MultiPoint"",""coordinates"":[]}"
20241010213000,2024-10-10 21:30,0.0,"{""type"":""MultiPoint"",""coordinates"":[]}"
20241010220000,2024-10-10 22:00,0.0,"{""type"":""MultiPoint"",""coordinates"":[]}"
20241010223000,2024-10-10 22:30,0.0,"{""type"":""MultiPoint"",""coordinates"":[]}"
20241010230000,2024-10-10 23:00,0.0,"{""type"":""MultiPoint"",""coordinates"":[]}"
20241010233000,2024-10-10 23:30,0.0,"{""type"":""MultiPoint"",""coordinates"":[]}"
20241011000000,2024-10-11 00:00,0.0,"{""type"":""MultiPoint"",""coordinates"":[]}"
20241011003000,2024-10-11 00:30,0.0,"{""type"":""MultiPoint"",""coordinates"":[]}"
20241011010000,2024-10-11 01:00,0.0,"{""type"":""MultiPoint"",""coordinates"":[]}"
20241011013000,2024-10-11 01:30,0.0,"{""type"":""MultiPoint"",""coordinates"":[]}"
20241011020000,2024-10-11 02:00,0.0,"{""type"":""MultiPoint"",""coordinates"":[]}"
20241011023000,2024-10-11 02:30,0.0,"{""type"":""MultiPoint"",""coordinates"":[]}"
20241011030000,2024-10-11 03:00,0.0,"{""type"":""MultiPoint"",""coordinates"":[]}"
20241011033000,2024-10-11 03:30,0.0,"{""type"":""MultiPoint"",""coordinates"":[]}"
20241011040000,2024-10-11 04:00,0.0,"{""type"":""MultiPoint"",""coordinates"":[]}"
20241011043000,2024-10-11 04:30,0.0,"{""type"":""MultiPoint"",""coordinates"":[]}"
20241011050000,2024-10-11 05:00,0.0,"{""type"":""MultiPoint"",""coordinates"":[]}"
20241011053000,2024-10-11 05:30,0.0,"{""type"":""MultiPoint"",""coordinates"":[]}"
20241011060000,2024-10-11 06:00,0.0,"{""type"":""MultiPoint"",""coordinates"":[]}"
20241011063000,2024-10-11 06:30,0.0,"{""type"":""MultiPoint"",""coordinates"":[]}"
20241011070000,2024-10-11 07:00,0.0,"{""type"":""MultiPoint"",""coordinates"":[]}"
20241011073000,2024-10-11 07:30,0.0,"{""type"":""MultiPoint"",""coordinates"":[]}"
20241011080000,2024-10-11 08:00,0.0,"{""type"":""MultiPoint"",""coordinates"":[]}"
20241011083000,2024-10-11 08:30,0.0,"{""type"":""MultiPoint"",""coordinates"":[]}"
20241011090000,2024-10-11 09:00,0.0,"{""type"":""MultiPoint"",""coordinates"":[]}"
20241011093000,2024-10-11 09:30,0.0,"{""type"":""MultiPoint"",""coordinates"":[]}"
20241011100000,2024-10-11 10:00,0.0,"{""type"":""MultiPoint"",""coordinates"":[]}"
20241011103000,2024-10-11 10:30,0.0,"{""type"":""MultiPoint"",""coordinates"":[]}"
20241011110000,2024-10-11 11:00,0.0,"{""type"":""MultiPoint"",""coordinates"":[]}"
20241011113000,2024-10-11 11:30,0.0,"{""type"":""MultiPoint"",""coordinates"":[]}"
20241011120000,2024-10-11 12:00,0.0,"{""type"":""MultiPoint"",""coordinates"":[]}"
20241011123000,2024-10-11 12:30,4.519999980926514,"{""type"":""MultiPoint"",""coordinates"":[]}"
20241011130000,2024-10-11 13:00,0.0,"{""type"":""MultiPoint"",""coordinates"":[]}"
20241011133000,2024-10-11 13:30,0.0,"{""type"":""MultiPoint"",""coordinates"":[]}"
20241011140000,2024-10-11 14:00,0.0,"{""type"":""MultiPoint"",""coordinates"":[]}"
20241011143000,2024-10-11 14:30,0.0,"{""type"":""MultiPoint"",""coordinates"":[]}"
20241011150000,2024-10-11 15:00,0.0,"{""type"":""MultiPoint"",""coordinates"":[]}"
20241011153000,2024-10-11 15:30,0.0,"{""type"":""MultiPoint"",""coordinates"":[]}"
20241011160000,2024-10-11 16:00,0.0,"{""type"":""MultiPoint"",""coordinates"":[]}"
20241011163000,2024-10-11 16:30,0.0,"{""type"":""MultiPoint"",""coordinates"":[]}"
20241011170000,2024-10-11 17:00,0.0,"{""type"":""MultiPoint"",""coordinates"":[]}"
20241011173000,2024-10-11 17:30,0.0,"{""type"":""MultiPoint"",""coordinates"":[]}"
20241011180000,2024-10-11 18:00,0.0,"{""type"":""MultiPoint"",""coordinates"":[]}"
20241011183000,2024-10-11 18:30,0.0,"{""type"":""MultiPoint"",""coordinates"":[]}"
20241011190000,2024-10-11 19:00,0.0,"{""type"":""MultiPoint"",""coordinates"":[]}"
20241011193000,2024-10-11 19:30,0.0,"{""type"":""MultiPoint"",""coordinates"":[]}"
20241011200000,2024-10-11 20:00,0.0,"{""type"":""MultiPoint"",""coordinates"":[]}"
20241011203000,2024-10-11 20:30,0.0,"{""type"":""MultiPoint"",""coordinates"":[]}"
20241011210000,2024-10-11 21:00,0.0,"{""type"":""MultiPoint"",""coordinates"":[]}"
20241011213000,2024-10-11 21:30,0.0,"{""type"":""MultiPoint"",""coordinates"":[]}"
20241011220000,2024-10-11 22:00,0.0,"{""type"":""MultiPoint"",""coordinates"":[]}"
20241011223000,2024-10-11 22:30,0.0,"{""type"":""MultiPoint"",""coordinates"":[]}"
20241011230000,2024-10-11 23:00,0.0,"{""type"":""MultiPoint"",""coordinates"":[]}"
20241011233000,2024-10-11 23:30,0.0,"{""type"":""MultiPoint"",""coordinates"":[]}"
20241012000000,2024-10-12 00:00,0.0,"{""type"":""MultiPoint"",""coordinates"":[]}"
20241012003000,2024-10-12 00:30,0.0,"{""type"":""MultiPoint"",""coordinates"":[]}"
20241012010000,2024-10-12 01:00,0.0,"{""type"":""MultiPoint"",""coordinates"":[]}"
20241012013000,2024-10-12 01:30,0.0,"{""type"":""MultiPoint"",""coordinates"":[]}"
20241012020000,2024-10-12 02:00,0.0,"{""type"":""MultiPoint"",""coordinates"":[]}"
20241012023000,2024-10-12 02:30,0.0,"{""type"":""MultiPoint"",""coordinates"":[]}"
20241012030000,2024-10-12 03:00,0.0,"{""type"":""MultiPoint"",""coordinates"":[]}"
20241012033000,2024-10-12 03:30,0.0,"{""type"":""MultiPoint"",""coordinates"":[]}"
20241012040000,2024-10-12 04:00,0.0,"{""type"":""MultiPoint"",""coordinates"":[]}"
20241012043000,2024-10-12 04:30,0.0,"{""type"":""MultiPoint"",""coordinates"":[]}"
20241012050000,2024-10-12 05:00,0.0,"{""type"":""MultiPoint"",""coordinates"":[]}"
20241012053000,2024-10-12 05:30,0.0,"{""type"":""MultiPoint"",""coordinates"":[]}"
20241012060000,2024-10-12 06:00,0.0,"{""type"":""MultiPoint"",""coordinates"":[]}"
20241012063000,2024-10-12 06:30,0.0,"{""type"":""MultiPoint"",""coordinates"":[]}"
20241012070000,2024-10-12 07:00,0.0,"{""type"":""MultiPoint"",""coordinates"":[]}"
20241012073000,2024-10-12 07:30,0.0,"{""type"":""MultiPoint"",""coordinates"":[]}"
20241012080000,2024-10-12 08:00,0.0,"{""type"":""MultiPoint"",""coordinates"":[]}"
20241012083000,2024-10-12 08:30,0.0,"{""type"":""MultiPoint"",""coordinates"":[]}"
20241012090000,2024-10-12 09:00,0.0,"{""type"":""MultiPoint"",""coordinates"":[]}"
20241012093000,2024-10-12 09:30,0.0,"{""type"":""MultiPoint"",""coordinates"":[]}"
20241012100000,2024-10-12 10:00,0.0,"{""type"":""MultiPoint"",""coordinates"":[]}"
20241012103000,2024-10-12 10:30,0.0,"{""type"":""MultiPoint"",""coordinates"":[]}"
20241012110000,2024-10-12 11:00,0.0,"{""type"":""MultiPoint"",""coordinates"":[]}"
20241012113000,2024-10-12 11:30,0.0,"{""type"":""MultiPoint"",""coordinates"":[]}"
20241012120000,2024-10-12 12:00,0.0,"{""type"":""MultiPoint"",""coordinates"":[]}"
20241012123000,2024-10-12 12:30,0.0,"{""type"":""MultiPoint"",""coordinates"":[]}"
20241012130000,2024-10-12 13:00,0.3499999940395355,"{""type"":""MultiPoint"",""coordinates"":[]}"
20241012133000,2024-10-12 13:30,0.0,"{""type"":""MultiPoint"",""coordinates"":[]}"
20241012140000,2024-10-12 14:00,1.3399999141693115,"{""type"":""MultiPoint"",""coordinates"":[]}"
20241012143000,2024-10-12 14:30,0.6399999856948853,"{""type"":""MultiPoint"",""coordinates"":[]}"
20241012150000,2024-10-12 15:00,2.109999895095825,"{""type"":""MultiPoint"",""coordinates"":[]}"
20241012153000,2024-10-12 15:30,3.7099997997283936,"{""type"":""MultiPoint"",""coordinates"":[]}"
20241012160000,2024-10-12 16:00,4.25,"{""type"":""MultiPoint"",""coordinates"":[]}"
20241012163000,2024-10-12 16:30,1.8799999952316284,"{""type"":""MultiPoint"",""coordinates"":[]}"
20241012170000,2024-10-12 17:00,0.19999998807907104,"{""type"":""MultiPoint"",""coordinates"":[]}"
20241012173000,2024-10-12 17:30,0.20999999344348907,"{""type"":""MultiPoint"",""coordinates"":[]}"
20241012180000,2024-10-12 18:00,0.41999998688697815,"{""type"":""MultiPoint"",""coordinates"":[]}"
20241012183000,2024-10-12 18:30,0.5199999809265137,"{""type"":""MultiPoint"",""coordinates"":[]}"
20241012190000,2024-10-12 19:00,0.0,"{""type"":""MultiPoint"",""coordinates"":[]}"
20241012193000,2024-10-12 19:30,0.0,"{""type"":""MultiPoint"",""coordinates"":[]}"
20241012200000,2024-10-12 20:00,0.0,"{""type"":""MultiPoint"",""coordinates"":[]}"
20241012203000,2024-10-12 20:30,0.0,"{""type"":""MultiPoint"",""coordinates"":[]}"
20241012210000,2024-10-12 21:00,0.0,"{""type"":""MultiPoint"",""coordinates"":[]}"
20241012213000,2024-10-12 21:30,0.0,"{""type"":""MultiPoint"",""coordinates"":[]}"
20241012220000,2024-10-12 22:00,0.0,"{""type"":""MultiPoint"",""coordinates"":[]}"
20241012223000,2024-10-12 22:30,0.0,"{""type"":""MultiPoint"",""coordinates"":[]}"
20241012230000,2024-10-12 23:00,0.0,"{""type"":""MultiPoint"",""coordinates"":[]}"
20241012233000,2024-10-12 23:30,0.0,"{""type"":""MultiPoint"",""coordinates"":[]}"
20241013000000,2024-10-13 00:00,0.0,"{""type"":""MultiPoint"",""coordinates"":[]}"
20241013003000,2024-10-13 00:30,0.0,"{""type"":""MultiPoint"",""coordinates"":[]}"
20241013010000,2024-10-13 01:00,0.0,"{""type"":""MultiPoint"",""coordinates"":[]}"
20241013013000,2024-10-13 01:30,0.0,"{""type"":""MultiPoint"",""coordinates"":[]}"
20241013020000,2024-10-13 02:00,0.0,"{""type"":""MultiPoint"",""coordinates"":[]}"
20241013023000,2024-10-13 02:30,0.0,"{""type"":""MultiPoint"",""coordinates"":[]}"
20241013030000,2024-10-13 03:00,0.0,"{""type"":""MultiPoint"",""coordinates"":[]}"
20241013033000,2024-10-13 03:30,0.0,"{""type"":""MultiPoint"",""coordinates"":[]}"
20241013040000,2024-10-13 04:00,0.009999999776482582,"{""type"":""MultiPoint"",""coordinates"":[]}"
20241013043000,2024-10-13 04:30,0.0,"{""type"":""MultiPoint"",""coordinates"":[]}"
20241013050000,2024-10-13 05:00,0.0,"{""type"":""MultiPoint"",""coordinates"":[]}"
20241013053000,2024-10-13 05:30,0.0,"{""type"":""MultiPoint"",""coordinates"":[]}"
20241013060000,2024-10-13 06:00,0.0,"{""type"":""MultiPoint"",""coordinates"":[]}"
20241013063000,2024-10-13 06:30,0.0,"{""type"":""MultiPoint"",""coordinates"":[]}"
20241013070000,2024-10-13 07:00,0.0,"{""type"":""MultiPoint"",""coordinates"":[]}"
20241013073000,2024-10-13 07:30,0.0,"{""type"":""MultiPoint"",""coordinates"":[]}"
20241013080000,2024-10-13 08:00,0.0,"{""type"":""MultiPoint"",""coordinates"":[]}"
20241013083000,2024-10-13 08:30,0.0,"{""type"":""MultiPoint"",""coordinates"":[]}"
20241013090000,2024-10-13 09:00,0.0,"{""type"":""MultiPoint"",""coordinates"":[]}"
20241013093000,2024-10-13 09:30,0.0,"{""type"":""MultiPoint"",""coordinates"":[]}"
20241013100000,2024-10-13 10:00,0.0,"{""type"":""MultiPoint"",""coordinates"":[]}"
20241013103000,2024-10-13 10:30,0.0,"{""type"":""MultiPoint"",""coordinates"":[]}"
20241013110000,2024-10-13 11:00,0.0,"{""type"":""MultiPoint"",""coordinates"":[]}"
20241013113000,2024-10-13 11:30,0.0,"{""type"":""MultiPoint"",""coordinates"":[]}"
20241013120000,2024-10-13 12:00,0.5,"{""type"":""MultiPoint"",""coordinates"":[]}"
20241013123000,2024-10-13 12:30,0.0,"{""type"":""MultiPoint"",""coordinates"":[]}"
20241013130000,2024-10-13 13:00,0.0,"{""type"":""MultiPoint"",""coordinates"":[]}"
20241013133000,2024-10-13 13:30,0.0,"{""type"":""MultiPoint"",""coordinates"":[]}"
20241013140000,2024-10-13 14:00,0.07000000029802322,"{""type"":""MultiPoint"",""coordinates"":[]}"
20241013143000,2024-10-13 14:30,0.08999999612569809,"{""type"":""MultiPoint"",""coordinates"":[]}"
20241013150000,2024-10-13 15:00,0.07000000029802322,"{""type"":""MultiPoint"",""coordinates"":[]}"
20241013153000,2024-10-13 15:30,0.9199999570846558,"{""type"":""MultiPoint"",""coordinates"":[]}"
20241013160000,2024-10-13 16:00,2.25,"{""type"":""MultiPoint"",""coordinates"":[]}"
20241013163000,2024-10-13 16:30,0.3199999928474426,"{""type"":""MultiPoint"",""coordinates"":[]}"
20241013170000,2024-10-13 17:00,0.4599999785423279,"{""type"":""MultiPoint"",""coordinates"":[]}"
20241013173000,2024-10-13 17:30,0.17999999225139618,"{""type"":""MultiPoint"",""coordinates"":[]}"
20241013180000,2024-10-13 18:00,0.14000000059604645,"{""type"":""MultiPoint"",""coordinates"":[]}"
20241013183000,2024-10-13 18:30,0.08999999612569809,"{""type"":""MultiPoint"",""coordinates"":[]}"
20241013190000,2024-10-13 19:00,0.0,"{""type"":""MultiPoint"",""coordinates"":[]}"
20241013193000,2024-10-13 19:30,0.0,"{""type"":""MultiPoint"",""coordinates"":[]}"
20241013200000,2024-10-13 20:00,0.0,"{""type"":""MultiPoint"",""coordinates"":[]}"
20241013203000,2024-10-13 20:30,0.0,"{""type"":""MultiPoint"",""coordinates"":[]}"
20241013210000,2024-10-13 21:00,0.0,"{""type"":""MultiPoint"",""coordinates"":[]}"
20241013213000,2024-10-13 21:30,0.019999999552965164,"{""type"":""MultiPoint"",""coordinates"":[]}"
20241013220000,2024-10-13 22:00,0.0,"{""type"":""MultiPoint"",""coordinates"":[]}"
20241013223000,2024-10-13 22:30,0.009999999776482582,"{""type"":""MultiPoint"",""coordinates"":[]}"
20241013230000,2024-10-13 23:00,0.019999999552965164,"{""type"":""MultiPoint"",""coordinates"":[]}"
20241013233000,2024-10-13 23:30,0.05999999865889549,"{""type"":""MultiPoint"",""coordinates"":[]}"
20241014000000,2024-10-14 00:00,1.0,"{""type"":""MultiPoint"",""coordinates"":[]}"
20241014003000,2024-10-14 00:30,0.7299999594688416,"{""type"":""MultiPoint"",""coordinates"":[]}"
20241014010000,2024-10-14 01:00,0.14999999105930328,"{""type"":""MultiPoint"",""coordinates"":[]}"
20241014013000,2024-10-14 01:30,0.04999999701976776,"{""type"":""MultiPoint"",""coordinates"":[]}"
20241014020000,2024-10-14 02:00,0.07999999821186066,"{""type"":""MultiPoint"",""coordinates"":[]}"
20241014023000,2024-10-14 02:30,0.029999999329447746,"{""type"":""MultiPoint"",""coordinates"":[]}"
20241014030000,2024-10-14 03:00,0.14999999105930328,"{""type"":""MultiPoint"",""coordinates"":[]}"
20241014033000,2024-10-14 03:30,0.07999999821186066,"{""type"":""MultiPoint"",""coordinates"":[]}"
20241014040000,2024-10-14 04:00,0.019999999552965164,"{""type"":""MultiPoint"",""coordinates"":[]}"
20241014043000,2024-10-14 04:30,0.11999999731779099,"{""type"":""MultiPoint"",""coordinates"":[]}"
20241014050000,2024-10-14 05:00,0.0,"{""type"":""MultiPoint"",""coordinates"":[]}"
20241014053000,2024-10-14 05:30,0.0,"{""type"":""MultiPoint"",""coordinates"":[]}"
20241014060000,2024-10-14 06:00,0.0,"{""type"":""MultiPoint"",""coordinates"":[]}"
20241014063000,2024-10-14 06:30,0.0,"{""type"":""MultiPoint"",""coordinates"":[]}"
20241014070000,2024-10-14 07:00,0.0,"{""type"":""MultiPoint"",""coordinates"":[]}"
20241014073000,2024-10-14 07:30,0.0,"{""type"":""MultiPoint"",""coordinates"":[]}"
20241014080000,2024-10-14 08:00,0.0,"{""type"":""MultiPoint"",""coordinates"":[]}"
20241014083000,2024-10-14 08:30,0.0,"{""type"":""MultiPoint"",""coordinates"":[]}"
20241014090000,2024-10-14 09:00,0.0,"{""type"":""MultiPoint"",""coordinates"":[]}"
20241014093000,2024-10-14 09:30,0.0,"{""type"":""MultiPoint"",""coordinates"":[]}"
20241014100000,2024-10-14 10:00,0.0,"{""type"":""MultiPoint"",""coordinates"":[]}"
20241014103000,2024-10-14 10:30,0.0,"{""type"":""MultiPoint"",""coordinates"":[]}"
20241014110000,2024-10-14 11:00,0.0,"{""type"":""MultiPoint"",""coordinates"":[]}"
20241014113000,2024-10-14 11:30,0.0,"{""type"":""MultiPoint"",""coordinates"":[]}"
20241014120000,2024-10-14 12:00,0.0,"{""type"":""MultiPoint"",""coordinates"":[]}"
20241014123000,2024-10-14 12:30,0.0,"{""type"":""MultiPoint"",""coordinates"":[]}"
20241014130000,2024-10-14 13:00,0.0,"{""type"":""MultiPoint"",""coordinates"":[]}"
20241014133000,2024-10-14 13:30,0.07999999821186066,"{""type"":""MultiPoint"",""coordinates"":[]}"
20241014140000,2024-10-14 14:00,0.699999988079071,"{""type"":""MultiPoint"",""coordinates"":[]}"
20241014143000,2024-10-14 14:30,0.9099999666213989,"{""type"":""MultiPoint"",""coordinates"":[]}"
20241014150000,2024-10-14 15:00,0.9599999785423279,"{""type"":""MultiPoint"",""coordinates"":[]}"
20241014153000,2024-10-14 15:30,1.1399999856948853,"{""type"":""MultiPoint"",""coordinates"":[]}"
20241014160000,2024-10-14 16:00,1.159999966621399,"{""type"":""MultiPoint"",""coordinates"":[]}"
20241014163000,2024-10-14 16:30,1.4900000095367432,"{""type"":""MultiPoint"",""coordinates"":[]}"
20241014170000,2024-10-14 17:00,1.4399999380111694,"{""type"":""MultiPoint"",""coordinates"":[]}"
20241014173000,2024-10-14 17:30,1.2699999809265137,"{""type"":""MultiPoint"",""coordinates"":[]}"
20241014180000,2024-10-14 18:00,0.8199999928474426,"{""type"":""MultiPoint"",""coordinates"":[]}"
20241014183000,2024-10-14 18:30,0.25999999046325684,"{""type"":""MultiPoint"",""coordinates"":[]}"
20241014190000,2024-10-14 19:00,0.029999999329447746,"{""type"":""MultiPoint"",""coordinates"":[]}"
20241014193000,2024-10-14 19:30,0.029999999329447746,"{""type"":""MultiPoint"",""coordinates"":[]}"
20241014200000,2024-10-14 20:00,0.0,"{""type"":""MultiPoint"",""coordinates"":[]}"
20241014203000,2024-10-14 20:30,0.0,"{""type"":""MultiPoint"",""coordinates"":[]}"
20241014210000,2024-10-14 21:00,0.0,"{""type"":""MultiPoint"",""coordinates"":[]}"
20241014213000,2024-10-14 21:30,0.0,"{""type"":""MultiPoint"",""coordinates"":[]}"
20241014220000,2024-10-14 22:00,0.0,"{""type"":""MultiPoint"",""coordinates"":[]}"
20241014223000,2024-10-14 22:30,0.0,"{""type"":""MultiPoint"",""coordinates"":[]}"
20241014230000,2024-10-14 23:00,0.0,"{""type"":""MultiPoint"",""coordinates"":[]}"
20241014233000,2024-10-14 23:30,0.0,"{""type"":""MultiPoint"",""coordinates"":[]}"
20241015000000,2024-10-15 00:00,0.0,"{""type"":""MultiPoint"",""coordinates"":[]}"
20241015003000,2024-10-15 00:30,0.029999999329447746,"{""type"":""MultiPoint"",""coordinates"":[]}"
20241015010000,2024-10-15 01:00,0.03999999910593033,"{""type"":""MultiPoint"",""coordinates"":[]}"
20241015013000,2024-10-15 01:30,0.0,"{""type"":""MultiPoint"",""coordinates"":[]}"
20241015020000,2024-10-15 02:00,0.0,"{""type"":""MultiPoint"",""coordinates"":[]}"
20241015023000,2024-10-15 02:30,0.029999999329447746,"{""type"":""MultiPoint"",""coordinates"":[]}"
20241015030000,2024-10-15 03:00,0.0,"{""type"":""MultiPoint"",""coordinates"":[]}"
20241015033000,2024-10-15 03:30,0.0,"{""type"":""MultiPoint"",""coordinates"":[]}"
20241015040000,2024-10-15 04:00,0.0,"{""type"":""MultiPoint"",""coordinates"":[]}"
20241015043000,2024-10-15 04:30,0.0,"{""type"":""MultiPoint"",""coordinates"":[]}"
20241015050000,2024-10-15 05:00,0.0,"{""type"":""MultiPoint"",""coordinates"":[]}"
20241015053000,2024-10-15 05:30,0.0,"{""type"":""MultiPoint"",""coordinates"":[]}"
20241015060000,2024-10-15 06:00,0.0,"{""type"":""MultiPoint"",""coordinates"":[]}"
20241015063000,2024-10-15 06:30,0.0,"{""type"":""MultiPoint"",""coordinates"":[]}"
20241015070000,2024-10-15 07:00,0.0,"{""type"":""MultiPoint"",""coordinates"":[]}"
20241015073000,2024-10-15 07:30,0.0,"{""type"":""MultiPoint"",""coordinates"":[]}"
20241015080000,2024-10-15 08:00,0.0,"{""type"":""MultiPoint"",""coordinates"":[]}"
20241015083000,2024-10-15 08:30,0.0,"{""type"":""MultiPoint"",""coordinates"":[]}"
20241015090000,2024-10-15 09:00,0.0,"{""type"":""MultiPoint"",""coordinates"":[]}"
20241015093000,2024-10-15 09:30,0.0,"{""type"":""MultiPoint"",""coordinates"":[]}"
20241015100000,2024-10-15 10:00,0.0,"{""type"":""MultiPoint"",""coordinates"":[]}"
20241015103000,2024-10-15 10:30,0.0,"{""type"":""MultiPoint"",""coordinates"":[]}"
20241015110000,2024-10-15 11:00,0.0,"{""type"":""MultiPoint"",""coordinates"":[]}"
20241015113000,2024-10-15 11:30,0.0,"{""type"":""MultiPoint"",""coordinates"":[]}"
20241015120000,2024-10-15 12:00,0.0,"{""type"":""MultiPoint"",""coordinates"":[]}"
20241015123000,2024-10-15 12:30,0.0,"{""type"":""MultiPoint"",""coordinates"":[]}"
20241015130000,2024-10-15 13:00,0.0,"{""type"":""MultiPoint"",""coordinates"":[]}"
20241015133000,2024-10-15 13:30,0.0,"{""type"":""MultiPoint"",""coordinates"":[]}"
20241015140000,2024-10-15 14:00,0.029999999329447746,"{""type"":""MultiPoint"",""coordinates"":[]}"
20241015143000,2024-10-15 14:30,0.0,"{""type"":""MultiPoint"",""coordinates"":[]}"
20241015150000,2024-10-15 15:00,0.0,"{""type"":""MultiPoint"",""coordinates"":[]}"
20241015153000,2024-10-15 15:30,0.0,"{""type"":""MultiPoint"",""coordinates"":[]}"
20241015160000,2024-10-15 16:00,0.0,"{""type"":""MultiPoint"",""coordinates"":[]}"
20241015163000,2024-10-15 16:30,0.019999999552965164,"{""type"":""MultiPoint"",""coordinates"":[]}"
20241015170000,2024-10-15 17:00,0.0,"{""type"":""MultiPoint"",""coordinates"":[]}"
20241015173000,2024-10-15 17:30,0.0,"{""type"":""MultiPoint"",""coordinates"":[]}"
20241015180000,2024-10-15 18:00,0.019999999552965164,"{""type"":""MultiPoint"",""coordinates"":[]}"
20241015183000,2024-10-15 18:30,0.0,"{""type"":""MultiPoint"",""coordinates"":[]}"
20241015190000,2024-10-15 19:00,0.0,"{""type"":""MultiPoint"",""coordinates"":[]}"
20241015193000,2024-10-15 19:30,0.0,"{""type"":""MultiPoint"",""coordinates"":[]}"
20241015200000,2024-10-15 20:00,0.0,"{""type"":""MultiPoint"",""coordinates"":[]}"
20241015203000,2024-10-15 20:30,0.03999999910593033,"{""type"":""MultiPoint"",""coordinates"":[]}"
20241015210000,2024-10-15 21:00,0.0,"{""type"":""MultiPoint"",""coordinates"":[]}"
20241015213000,2024-10-15 21:30,0.0,"{""type"":""MultiPoint"",""coordinates"":[]}"
20241015220000,2024-10-15 22:00,0.0,"{""type"":""MultiPoint"",""coordinates"":[]}"
20241015223000,2024-10-15 22:30,0.0,"{""type"":""MultiPoint"",""coordinates"":[]}"
20241015230000,2024-10-15 23:00,0.0,"{""type"":""MultiPoint"",""coordinates"":[]}"
20241015233000,2024-10-15 23:30,0.0,"{""type"":""MultiPoint"",""coordinates"":[]}"
20241016000000,2024-10-16 00:00,0.0,"{""type"":""MultiPoint"",""coordinates"":[]}"
20241016003000,2024-10-16 00:30,0.0,"{""type"":""MultiPoint"",""coordinates"":[]}"
20241016010000,2024-10-16 01:00,0.0,"{""type"":""MultiPoint"",""coordinates"":[]}"
20241016013000,2024-10-16 01:30,0.0,"{""type"":""MultiPoint"",""coordinates"":[]}"
20241016020000,2024-10-16 02:00,0.0,"{""type"":""MultiPoint"",""coordinates"":[]}"
20241016023000,2024-10-16 02:30,0.0,"{""type"":""MultiPoint"",""coordinates"":[]}"
20241016030000,2024-10-16 03:00,0.0,"{""type"":""MultiPoint"",""coordinates"":[]}"
20241016033000,2024-10-16 03:30,0.0,"{""type"":""MultiPoint"",""coordinates"":[]}"
20241016040000,2024-10-16 04:00,0.5899999737739563,"{""type"":""MultiPoint"",""coordinates"":[]}"
20241016043000,2024-10-16 04:30,0.0,"{""type"":""MultiPoint"",""coordinates"":[]}"
20241016050000,2024-10-16 05:00,0.0,"{""type"":""MultiPoint"",""coordinates"":[]}"
20241016053000,2024-10-16 05:30,0.0,"{""type"":""MultiPoint"",""coordinates"":[]}"
20241016060000,2024-10-16 06:00,0.0,"{""type"":""MultiPoint"",""coordinates"":[]}"
20241016063000,2024-10-16 06:30,0.0,"{""type"":""MultiPoint"",""coordinates"":[]}"
20241016070000,2024-10-16 07:00,0.0,"{""type"":""MultiPoint"",""coordinates"":[]}"
20241016073000,2024-10-16 07:30,0.0,"{""type"":""MultiPoint"",""coordinates"":[]}"
20241016080000,2024-10-16 08:00,0.0,"{""type"":""MultiPoint"",""coordinates"":[]}"
20241016083000,2024-10-16 08:30,0.0,"{""type"":""MultiPoint"",""coordinates"":[]}"
20241016090000,2024-10-16 09:00,0.0,"{""type"":""MultiPoint"",""coordinates"":[]}"
20241016093000,2024-10-16 09:30,0.0,"{""type"":""MultiPoint"",""coordinates"":[]}"
20241016100000,2024-10-16 10:00,0.0,"{""type"":""MultiPoint"",""coordinates"":[]}"
20241016103000,2024-10-16 10:30,0.0,"{""type"":""MultiPoint"",""coordinates"":[]}"
20241016110000,2024-10-16 11:00,0.0,"{""type"":""MultiPoint"",""coordinates"":[]}"
20241016113000,2024-10-16 11:30,0.0,"{""type"":""MultiPoint"",""coordinates"":[]}"
20241016120000,2024-10-16 12:00,0.0,"{""type"":""MultiPoint"",""coordinates"":[]}"
20241016123000,2024-10-16 12:30,0.0,"{""type"":""MultiPoint"",""coordinates"":[]}"
20241016130000,2024-10-16 13:00,0.0,"{""type"":""MultiPoint"",""coordinates"":[]}"
20241016133000,2024-10-16 13:30,0.0,"{""type"":""MultiPoint"",""coordinates"":[]}"
20241016140000,2024-10-16 14:00,0.0,"{""type"":""MultiPoint"",""coordinates"":[]}"
20241016143000,2024-10-16 14:30,0.0,"{""type"":""MultiPoint"",""coordinates"":[]}"
20241016150000,2024-10-16 15:00,0.0,"{""type"":""MultiPoint"",""coordinates"":[]}"
20241016153000,2024-10-16 15:30,0.0,"{""type"":""MultiPoint"",""coordinates"":[]}"
20241016160000,2024-10-16 16:00,0.0,"{""type"":""MultiPoint"",""coordinates"":[]}"
20241016163000,2024-10-16 16:30,0.08999999612569809,"{""type"":""MultiPoint"",""coordinates"":[]}"
20241016170000,2024-10-16 17:00,0.14999999105930328,"{""type"":""MultiPoint"",""coordinates"":[]}"
20241016173000,2024-10-16 17:30,0.0,"{""type"":""MultiPoint"",""coordinates"":[]}"
20241016180000,2024-10-16 18:00,0.0,"{""type"":""MultiPoint"",""coordinates"":[]}"
20241016183000,2024-10-16 18:30,0.0,"{""type"":""MultiPoint"",""coordinates"":[]}"
20241016190000,2024-10-16 19:00,0.0,"{""type"":""MultiPoint"",""coordinates"":[]}"
20241016193000,2024-10-16 19:30,0.0,"{""type"":""MultiPoint"",""coordinates"":[]}"
20241016200000,2024-10-16 20:00,0.0,"{""type"":""MultiPoint"",""coordinates"":[]}"
20241016203000,2024-10-16 20:30,0.0,"{""type"":""MultiPoint"",""coordinates"":[]}"
20241016210000,2024-10-16 21:00,0.0,"{""type"":""MultiPoint"",""coordinates"":[]}"
20241016213000,2024-10-16 21:30,0.0,"{""type"":""MultiPoint"",""coordinates"":[]}"
20241016220000,2024-10-16 22:00,0.0,"{""type"":""MultiPoint"",""coordinates"":[]}"
20241016223000,2024-10-16 22:30,0.0,"{""type"":""MultiPoint"",""coordinates"":[]}"
20241016230000,2024-10-16 23:00,0.0,"{""type"":""MultiPoint"",""coordinates"":[]}"
20241016233000,2024-10-16 23:30,0.0,"{""type"":""MultiPoint"",""coordinates"":[]}"
20241017000000,2024-10-17 00:00,0.0,"{""type"":""MultiPoint"",""coordinates"":[]}"
20241017003000,2024-10-17 00:30,0.0,"{""type"":""MultiPoint"",""coordinates"":[]}"
20241017010000,2024-10-17 01:00,0.28999999165534973,"{""type"":""MultiPoint"",""coordinates"":[]}"
20241017013000,2024-10-17 01:30,0.0,"{""type"":""MultiPoint"",""coordinates"":[]}"
20241017020000,2024-10-17 02:00,0.0,"{""type"":""MultiPoint"",""coordinates"":[]}"
20241017023000,2024-10-17 02:30,0.0,"{""type"":""MultiPoint"",""coordinates"":[]}"
20241017030000,2024-10-17 03:00,0.0,"{""type"":""MultiPoint"",""coordinates"":[]}"
20241017033000,2024-10-17 03:30,0.0,"{""type"":""MultiPoint"",""coordinates"":[]}"
20241017040000,2024-10-17 04:00,0.0,"{""type"":""MultiPoint"",""coordinates"":[]}"
20241017043000,2024-10-17 04:30,0.0,"{""type"":""MultiPoint"",""coordinates"":[]}"
20241017050000,2024-10-17 05:00,0.0,"{""type"":""MultiPoint"",""coordinates"":[]}"
20241017053000,2024-10-17 05:30,0.0,"{""type"":""MultiPoint"",""coordinates"":[]}"
20241017060000,2024-10-17 06:00,0.0,"{""type"":""MultiPoint"",""coordinates"":[]}"
20241017063000,2024-10-17 06:30,0.0,"{""type"":""MultiPoint"",""coordinates"":[]}"
20241017070000,2024-10-17 07:00,0.0,"{""type"":""MultiPoint"",""coordinates"":[]}"
20241017073000,2024-10-17 07:30,0.0,"{""type"":""MultiPoint"",""coordinates"":[]}"
20241017080000,2024-10-17 08:00,0.0,"{""type"":""MultiPoint"",""coordinates"":[]}"
20241017083000,2024-10-17 08:30,0.0,"{""type"":""MultiPoint"",""coordinates"":[]}"
20241017090000,2024-10-17 09:00,0.0,"{""type"":""MultiPoint"",""coordinates"":[]}"
20241017093000,2024-10-17 09:30,0.0,"{""type"":""MultiPoint"",""coordinates"":[]}"
20241017100000,2024-10-17 10:00,0.4399999976158142,"{""type"":""MultiPoint"",""coordinates"":[]}"
20241017103000,2024-10-17 10:30,0.029999999329447746,"{""type"":""MultiPoint"",""coordinates"":[]}"
20241017110000,2024-10-17 11:00,0.05999999865889549,"{""type"":""MultiPoint"",""coordinates"":[]}"
20241017113000,2024-10-17 11:30,0.11999999731779099,"{""type"":""MultiPoint"",""coordinates"":[]}"
20241017120000,2024-10-17 12:00,2.9800000190734863,"{""type"":""MultiPoint"",""coordinates"":[]}"
20241017123000,2024-10-17 12:30,0.11999999731779099,"{""type"":""MultiPoint"",""coordinates"":[]}"
20241017130000,2024-10-17 13:00,0.0,"{""type"":""MultiPoint"",""coordinates"":[]}"
20241017133000,2024-10-17 13:30,0.0,"{""type"":""MultiPoint"",""coordinates"":[]}"
20241017140000,2024-10-17 14:00,0.0,"{""type"":""MultiPoint"",""coordinates"":[]}"
20241017143000,2024-10-17 14:30,0.0,"{""type"":""MultiPoint"",""coordinates"":[]}"
20241017150000,2024-10-17 15:00,0.0,"{""type"":""MultiPoint"",""coordinates"":[]}"
20241017153000,2024-10-17 15:30,0.0,"{""type"":""MultiPoint"",""coordinates"":[]}"
20241017160000,2024-10-17 16:00,0.11999999731779099,"{""type"":""MultiPoint"",""coordinates"":[]}"
20241017163000,2024-10-17 16:30,0.03999999910593033,"{""type"":""MultiPoint"",""coordinates"":[]}"
20241017170000,2024-10-17 17:00,0.0,"{""type"":""MultiPoint"",""coordinates"":[]}"
20241017173000,2024-10-17 17:30,0.0,"{""type"":""MultiPoint"",""coordinates"":[]}"
20241017180000,2024-10-17 18:00,0.0,"{""type"":""MultiPoint"",""coordinates"":[]}"
20241017183000,2024-10-17 18:30,0.0,"{""type"":""MultiPoint"",""coordinates"":[]}"
20241017190000,2024-10-17 19:00,0.0,"{""type"":""MultiPoint"",""coordinates"":[]}"
20241017193000,2024-10-17 19:30,0.0,"{""type"":""MultiPoint"",""coordinates"":[]}"
20241017200000,2024-10-17 20:00,0.0,"{""type"":""MultiPoint"",""coordinates"":[]}"
20241017203000,2024-10-17 20:30,0.0,"{""type"":""MultiPoint"",""coordinates"":[]}"
20241017210000,2024-10-17 21:00,0.0,"{""type"":""MultiPoint"",""coordinates"":[]}"
20241017213000,2024-10-17 21:30,0.0,"{""type"":""MultiPoint"",""coordinates"":[]}"
20241017220000,2024-10-17 22:00,0.0,"{""type"":""MultiPoint"",""coordinates"":[]}"
20241017223000,2024-10-17 22:30,0.0,"{""type"":""MultiPoint"",""coordinates"":[]}"
20241017230000,2024-10-17 23:00,0.0,"{""type"":""MultiPoint"",""coordinates"":[]}"
20241017233000,2024-10-17 23:30,4.819999694824219,"{""type"":""MultiPoint"",""coordinates"":[]}"
20241018000000,2024-10-18 00:00,4.829999923706055,"{""type"":""MultiPoint"",""coordinates"":[]}"
20241018003000,2024-10-18 00:30,4.819999694824219,"{""type"":""MultiPoint"",""coordinates"":[]}"
20241018010000,2024-10-18 01:00,1.46999990940094,"{""type"":""MultiPoint"",""coordinates"":[]}"
20241018013000,2024-10-18 01:30,0.75,"{""type"":""MultiPoint"",""coordinates"":[]}"
20241018020000,2024-10-18 02:00,0.09999999403953552,"{""type"":""MultiPoint"",""coordinates"":[]}"
20241018023000,2024-10-18 02:30,0.09999999403953552,"{""type"":""MultiPoint"",""coordinates"":[]}"
20241018030000,2024-10-18 03:00,0.019999999552965164,"{""type"":""MultiPoint"",""coordinates"":[]}"
20241018033000,2024-10-18 03:30,0.0,"{""type"":""MultiPoint"",""coordinates"":[]}"
20241018040000,2024-10-18 04:00,0.019999999552965164,"{""type"":""MultiPoint"",""coordinates"":[]}"
20241018043000,2024-10-18 04:30,0.09999999403953552,"{""type"":""MultiPoint"",""coordinates"":[]}"
20241018050000,2024-10-18 05:00,0.09999999403953552,"{""type"":""MultiPoint"",""coordinates"":[]}"
20241018053000,2024-10-18 05:30,0.09999999403953552,"{""type"":""MultiPoint"",""coordinates"":[]}"
20241018060000,2024-10-18 06:00,0.03999999910593033,"{""type"":""MultiPoint"",""coordinates"":[]}"
20241018063000,2024-10-18 06:30,0.03999999910593033,"{""type"":""MultiPoint"",""coordinates"":[]}"
20241018070000,2024-10-18 07:00,0.03999999910593033,"{""type"":""MultiPoint"",""coordinates"":[]}"
20241018073000,2024-10-18 07:30,0.009999999776482582,"{""type"":""MultiPoint"",""coordinates"":[]}"
20241018080000,2024-10-18 08:00,0.019999999552965164,"{""type"":""MultiPoint"",""coordinates"":[]}"
20241018083000,2024-10-18 08:30,0.0,"{""type"":""MultiPoint"",""coordinates"":[]}"
20241018090000,2024-10-18 09:00,0.0,"{""type"":""MultiPoint"",""coordinates"":[]}"
20241018093000,2024-10-18 09:30,0.0,"{""type"":""MultiPoint"",""coordinates"":[]}"
20241018100000,2024-10-18 10:00,0.0,"{""type"":""MultiPoint"",""coordinates"":[]}"
20241018103000,2024-10-18 10:30,0.0,"{""type"":""MultiPoint"",""coordinates"":[]}"
20241018110000,2024-10-18 11:00,0.0,"{""type"":""MultiPoint"",""coordinates"":[]}"
20241018113000,2024-10-18 11:30,0.0,"{""type"":""MultiPoint"",""coordinates"":[]}"
20241018120000,2024-10-18 12:00,0.0,"{""type"":""MultiPoint"",""coordinates"":[]}"
20241018123000,2024-10-18 12:30,5.210000038146973,"{""type"":""MultiPoint"",""coordinates"":[]}"
20241018130000,2024-10-18 13:00,0.0,"{""type"":""MultiPoint"",""coordinates"":[]}"
20241018133000,2024-10-18 13:30,0.0,"{""type"":""MultiPoint"",""coordinates"":[]}"
20241018140000,2024-10-18 14:00,0.0,"{""type"":""MultiPoint"",""coordinates"":[]}"
20241018143000,2024-10-18 14:30,0.0,"{""type"":""MultiPoint"",""coordinates"":[]}"
20241018150000,2024-10-18 15:00,0.0,"{""type"":""MultiPoint"",""coordinates"":[]}"
20241018153000,2024-10-18 15:30,0.0,"{""type"":""MultiPoint"",""coordinates"":[]}"
20241018160000,2024-10-18 16:00,0.0,"{""type"":""MultiPoint"",""coordinates"":[]}"
20241018163000,2024-10-18 16:30,0.0,"{""type"":""MultiPoint"",""coordinates"":[]}"
20241018170000,2024-10-18 17:00,0.0,"{""type"":""MultiPoint"",""coordinates"":[]}"
20241018173000,2024-10-18 17:30,0.0,"{""type"":""MultiPoint"",""coordinates"":[]}"
20241018180000,2024-10-18 18:00,0.0,"{""type"":""MultiPoint"",""coordinates"":[]}"
20241018183000,2024-10-18 18:30,0.0,"{""type"":""MultiPoint"",""coordinates"":[]}"
20241018190000,2024-10-18 19:00,0.0,"{""type"":""MultiPoint"",""coordinates"":[]}"
20241018193000,2024-10-18 19:30,0.0,"{""type"":""MultiPoint"",""coordinates"":[]}"
20241018200000,2024-10-18 20:00,0.0,"{""type"":""MultiPoint"",""coordinates"":[]}"
20241018203000,2024-10-18 20:30,0.0,"{""type"":""MultiPoint"",""coordinates"":[]}"
20241018210000,2024-10-18 21:00,0.20999999344348907,"{""type"":""MultiPoint"",""coordinates"":[]}"
20241018213000,2024-10-18 21:30,0.28999999165534973,"{""type"":""MultiPoint"",""coordinates"":[]}"
20241018220000,2024-10-18 22:00,0.19999998807907104,"{""type"":""MultiPoint"",""coordinates"":[]}"
20241018223000,2024-10-18 22:30,0.10999999940395355,"{""type"":""MultiPoint"",""coordinates"":[]}"
20241018230000,2024-10-18 23:00,0.07999999821186066,"{""type"":""MultiPoint"",""coordinates"":[]}"
20241018233000,2024-10-18 23:30,0.1899999976158142,"{""type"":""MultiPoint"",""coordinates"":[]}"
20241019000000,2024-10-19 00:00,0.03999999910593033,"{""type"":""MultiPoint"",""coordinates"":[]}"
20241019003000,2024-10-19 00:30,0.0,"{""type"":""MultiPoint"",""coordinates"":[]}"
20241019010000,2024-10-19 01:00,0.35999998450279236,"{""type"":""MultiPoint"",""coordinates"":[]}"
20241019013000,2024-10-19 01:30,0.0,"{""type"":""MultiPoint"",""coordinates"":[]}"
20241019020000,2024-10-19 02:00,0.0,"{""type"":""MultiPoint"",""coordinates"":[]}"
20241019023000,2024-10-19 02:30,0.0,"{""type"":""MultiPoint"",""coordinates"":[]}"
20241019030000,2024-10-19 03:00,0.0,"{""type"":""MultiPoint"",""coordinates"":[]}"
20241019033000,2024-10-19 03:30,0.0,"{""type"":""MultiPoint"",""coordinates"":[]}"
20241019040000,2024-10-19 04:00,0.0,"{""type"":""MultiPoint"",""coordinates"":[]}"
20241019043000,2024-10-19 04:30,0.0,"{""type"":""MultiPoint"",""coordinates"":[]}"
20241019050000,2024-10-19 05:00,0.0,"{""type"":""MultiPoint"",""coordinates"":[]}"
20241019053000,2024-10-19 05:30,0.0,"{""type"":""MultiPoint"",""coordinates"":[]}"
20241019060000,2024-10-19 06:00,0.0,"{""type"":""MultiPoint"",""coordinates"":[]}"
20241019063000,2024-10-19 06:30,0.0,"{""type"":""MultiPoint"",""coordinates"":[]}"
20241019070000,2024-10-19 07:00,0.0,"{""type"":""MultiPoint"",""coordinates"":[]}"
20241019073000,2024-10-19 07:30,0.0,"{""type"":""MultiPoint"",""coordinates"":[]}"
20241019080000,2024-10-19 08:00,0.0,"{""type"":""MultiPoint"",""coordinates"":[]}"
20241019083000,2024-10-19 08:30,0.0,"{""type"":""MultiPoint"",""coordinates"":[]}"
20241019090000,2024-10-19 09:00,0.0,"{""type"":""MultiPoint"",""coordinates"":[]}"
20241019093000,2024-10-19 09:30,0.0,"{""type"":""MultiPoint"",""coordinates"":[]}"
20241019100000,2024-10-19 10:00,0.0,"{""type"":""MultiPoint"",""coordinates"":[]}"
20241019103000,2024-10-19 10:30,0.0,"{""type"":""MultiPoint"",""coordinates"":[]}"
20241019110000,2024-10-19 11:00,0.0,"{""type"":""MultiPoint"",""coordinates"":[]}"
20241019113000,2024-10-19 11:30,0.0,"{""type"":""MultiPoint"",""coordinates"":[]}"
20241019120000,2024-10-19 12:00,0.0,"{""type"":""MultiPoint"",""coordinates"":[]}"
20241019123000,2024-10-19 12:30,0.0,"{""type"":""MultiPoint"",""coordinates"":[]}"
20241019130000,2024-10-19 13:00,0.0,"{""type"":""MultiPoint"",""coordinates"":[]}"
20241019133000,2024-10-19 13:30,0.0,"{""type"":""MultiPoint"",""coordinates"":[]}"
20241019140000,2024-10-19 14:00,0.0,"{""type"":""MultiPoint"",""coordinates"":[]}"
20241019143000,2024-10-19 14:30,0.0,"{""type"":""MultiPoint"",""coordinates"":[]}"
20241019150000,2024-10-19 15:00,0.0,"{""type"":""MultiPoint"",""coordinates"":[]}"
20241019153000,2024-10-19 15:30,0.0,"{""type"":""MultiPoint"",""coordinates"":[]}"
20241019160000,2024-10-19 16:00,0.0,"{""type"":""MultiPoint"",""coordinates"":[]}"
20241019163000,2024-10-19 16:30,0.0,"{""type"":""MultiPoint"",""coordinates"":[]}"
20241019170000,2024-10-19 17:00,0.0,"{""type"":""MultiPoint"",""coordinates"":[]}"
20241019173000,2024-10-19 17:30,0.0,"{""type"":""MultiPoint"",""coordinates"":[]}"
20241019180000,2024-10-19 18:00,0.0,"{""type"":""MultiPoint"",""coordinates"":[]}"
20241019183000,2024-10-19 18:30,0.0,"{""type"":""MultiPoint"",""coordinates"":[]}"
20241019190000,2024-10-19 19:00,0.0,"{""type"":""MultiPoint"",""coordinates"":[]}"
20241019193000,2024-10-19 19:30,0.0,"{""type"":""MultiPoint"",""coordinates"":[]}"
20241019200000,2024-10-19 20:00,0.0,"{""type"":""MultiPoint"",""coordinates"":[]}"
20241019203000,2024-10-19 20:30,0.0,"{""type"":""MultiPoint"",""coordinates"":[]}"
20241019210000,2024-10-19 21:00,0.0,"{""type"":""MultiPoint"",""coordinates"":[]}"
20241019213000,2024-10-19 21:30,0.0,"{""type"":""MultiPoint"",""coordinates"":[]}"
20241019220000,2024-10-19 22:00,0.0,"{""type"":""MultiPoint"",""coordinates"":[]}"
20241019223000,2024-10-19 22:30,0.0,"{""type"":""MultiPoint"",""coordinates"":[]}"
20241019230000,2024-10-19 23:00,0.0,"{""type"":""MultiPoint"",""coordinates"":[]}"
20241019233000,2024-10-19 23:30,0.0,"{""type"":""MultiPoint"",""coordinates"":[]}"
20241020000000,2024-10-20 00:00,0.0,"{""type"":""MultiPoint"",""coordinates"":[]}"
20241020003000,2024-10-20 00:30,0.0,"{""type"":""MultiPoint"",""coordinates"":[]}"
20241020010000,2024-10-20 01:00,0.0,"{""type"":""MultiPoint"",""coordinates"":[]}"
20241020013000,2024-10-20 01:30,0.0,"{""type"":""MultiPoint"",""coordinates"":[]}"
20241020020000,2024-10-20 02:00,0.0,"{""type"":""MultiPoint"",""coordinates"":[]}"
20241020023000,2024-10-20 02:30,0.0,"{""type"":""MultiPoint"",""coordinates"":[]}"
20241020030000,2024-10-20 03:00,0.0,"{""type"":""MultiPoint"",""coordinates"":[]}"
20241020033000,2024-10-20 03:30,0.0,"{""type"":""MultiPoint"",""coordinates"":[]}"
20241020040000,2024-10-20 04:00,0.0,"{""type"":""MultiPoint"",""coordinates"":[]}"
20241020043000,2024-10-20 04:30,0.0,"{""type"":""MultiPoint"",""coordinates"":[]}"
20241020050000,2024-10-20 05:00,0.0,"{""type"":""MultiPoint"",""coordinates"":[]}"
20241020053000,2024-10-20 05:30,0.0,"{""type"":""MultiPoint"",""coordinates"":[]}"
20241020060000,2024-10-20 06:00,0.0,"{""type"":""MultiPoint"",""coordinates"":[]}"
20241020063000,2024-10-20 06:30,0.0,"{""type"":""MultiPoint"",""coordinates"":[]}"
20241020070000,2024-10-20 07:00,0.0,"{""type"":""MultiPoint"",""coordinates"":[]}"
20241020073000,2024-10-20 07:30,0.0,"{""type"":""MultiPoint"",""coordinates"":[]}"
20241020080000,2024-10-20 08:00,0.0,"{""type"":""MultiPoint"",""coordinates"":[]}"
20241020083000,2024-10-20 08:30,0.0,"{""type"":""MultiPoint"",""coordinates"":[]}"
20241020090000,2024-10-20 09:00,0.0,"{""type"":""MultiPoint"",""coordinates"":[]}"
20241020093000,2024-10-20 09:30,0.0,"{""type"":""MultiPoint"",""coordinates"":[]}"
20241020100000,2024-10-20 10:00,0.0,"{""type"":""MultiPoint"",""coordinates"":[]}"
20241020103000,2024-10-20 10:30,0.0,"{""type"":""MultiPoint"",""coordinates"":[]}"
20241020110000,2024-10-20 11:00,0.0,"{""type"":""MultiPoint"",""coordinates"":[]}"
20241020113000,2024-10-20 11:30,0.0,"{""type"":""MultiPoint"",""coordinates"":[]}"
20241020120000,2024-10-20 12:00,0.0,"{""type"":""MultiPoint"",""coordinates"":[]}"
20241020123000,2024-10-20 12:30,1.3700000047683716,"{""type"":""MultiPoint"",""coordinates"":[]}"
20241020130000,2024-10-20 13:00,0.0,"{""type"":""MultiPoint"",""coordinates"":[]}"
20241020133000,2024-10-20 13:30,0.0,"{""type"":""MultiPoint"",""coordinates"":[]}"
20241020140000,2024-10-20 14:00,0.0,"{""type"":""MultiPoint"",""coordinates"":[]}"
20241020143000,2024-10-20 14:30,0.0,"{""type"":""MultiPoint"",""coordinates"":[]}"
20241020150000,2024-10-20 15:00,0.0,"{""type"":""MultiPoint"",""coordinates"":[]}"
20241020153000,2024-10-20 15:30,0.0,"{""type"":""MultiPoint"",""coordinates"":[]}"
20241020160000,2024-10-20 16:00,0.0,"{""type"":""MultiPoint"",""coordinates"":[]}"
20241020163000,2024-10-20 16:30,0.0,"{""type"":""MultiPoint"",""coordinates"":[]}"
20241020170000,2024-10-20 17:00,0.0,"{""type"":""MultiPoint"",""coordinates"":[]}"
20241020173000,2024-10-20 17:30,0.0,"{""type"":""MultiPoint"",""coordinates"":[]}"
20241020180000,2024-10-20 18:00,0.0,"{""type"":""MultiPoint"",""coordinates"":[]}"
20241020183000,2024-10-20 18:30,0.0,"{""type"":""MultiPoint"",""coordinates"":[]}"
20241020190000,2024-10-20 19:00,0.0,"{""type"":""MultiPoint"",""coordinates"":[]}"
20241020193000,2024-10-20 19:30,0.0,"{""type"":""MultiPoint"",""coordinates"":[]}"
20241020200000,2024-10-20 20:00,0.0,"{""type"":""MultiPoint"",""coordinates"":[]}"
20241020203000,2024-10-20 20:30,0.0,"{""type"":""MultiPoint"",""coordinates"":[]}"
20241020210000,2024-10-20 21:00,0.0,"{""type"":""MultiPoint"",""coordinates"":[]}"
20241020213000,2024-10-20 21:30,0.0,"{""type"":""MultiPoint"",""coordinates"":[]}"
20241020220000,2024-10-20 22:00,0.0,"{""type"":""MultiPoint"",""coordinates"":[]}"
20241020223000,2024-10-20 22:30,0.0,"{""type"":""MultiPoint"",""coordinates"":[]}"
20241020230000,2024-10-20 23:00,0.0,"{""type"":""MultiPoint"",""coordinates"":[]}"
20241020233000,2024-10-20 23:30,0.0,"{""type"":""MultiPoint"",""coordinates"":[]}"
20241021000000,2024-10-21 00:00,0.08999999612569809,"{""type"":""MultiPoint"",""coordinates"":[]}"
20241021003000,2024-10-21 00:30,0.5699999928474426,"{""type"":""MultiPoint"",""coordinates"":[]}"
20241021010000,2024-10-21 01:00,0.35999998450279236,"{""type"":""MultiPoint"",""coordinates"":[]}"
20241021013000,2024-10-21 01:30,0.3999999761581421,"{""type"":""MultiPoint"",""coordinates"":[]}"
20241021020000,2024-10-21 02:00,0.35999998450279236,"{""type"":""MultiPoint"",""coordinates"":[]}"
20241021023000,2024-10-21 02:30,0.17000000178813934,"{""type"":""MultiPoint"",""coordinates"":[]}"
20241021030000,2024-10-21 03:00,0.12999999523162842,"{""type"":""MultiPoint"",""coordinates"":[]}"
20241021033000,2024-10-21 03:30,0.0,"{""type"":""MultiPoint"",""coordinates"":[]}"
20241021040000,2024-10-21 04:00,0.0,"{""type"":""MultiPoint"",""coordinates"":[]}"
20241021043000,2024-10-21 04:30,0.0,"{""type"":""MultiPoint"",""coordinates"":[]}"
20241021050000,2024-10-21 05:00,0.0,"{""type"":""MultiPoint"",""coordinates"":[]}"
20241021053000,2024-10-21 05:30,0.0,"{""type"":""MultiPoint"",""coordinates"":[]}"
20241021060000,2024-10-21 06:00,0.0,"{""type"":""MultiPoint"",""coordinates"":[]}"
20241021063000,2024-10-21 06:30,0.0,"{""type"":""MultiPoint"",""coordinates"":[]}"
20241021070000,2024-10-21 07:00,0.0,"{""type"":""MultiPoint"",""coordinates"":[]}"
20241021073000,2024-10-21 07:30,0.0,"{""type"":""MultiPoint"",""coordinates"":[]}"
20241021080000,2024-10-21 08:00,0.0,"{""type"":""MultiPoint"",""coordinates"":[]}"
20241021083000,2024-10-21 08:30,0.0,"{""type"":""MultiPoint"",""coordinates"":[]}"
20241021090000,2024-10-21 09:00,0.8799999952316284,"{""type"":""MultiPoint"",""coordinates"":[]}"
20241021093000,2024-10-21 09:30,0.0,"{""type"":""MultiPoint"",""coordinates"":[]}"
20241021100000,2024-10-21 10:00,0.0,"{""type"":""MultiPoint"",""coordinates"":[]}"
20241021103000,2024-10-21 10:30,0.0,"{""type"":""MultiPoint"",""coordinates"":[]}"
20241021110000,2024-10-21 11:00,0.0,"{""type"":""MultiPoint"",""coordinates"":[]}"
20241021113000,2024-10-21 11:30,0.0,"{""type"":""MultiPoint"",""coordinates"":[]}"
20241021120000,2024-10-21 12:00,0.0,"{""type"":""MultiPoint"",""coordinates"":[]}"
20241021123000,2024-10-21 12:30,0.0,"{""type"":""MultiPoint"",""coordinates"":[]}"
20241021130000,2024-10-21 13:00,0.0,"{""type"":""MultiPoint"",""coordinates"":[]}"
20241021133000,2024-10-21 13:30,0.0,"{""type"":""MultiPoint"",""coordinates"":[]}"
20241021140000,2024-10-21 14:00,0.0,"{""type"":""MultiPoint"",""coordinates"":[]}"
20241021143000,2024-10-21 14:30,0.0,"{""type"":""MultiPoint"",""coordinates"":[]}"
20241021150000,2024-10-21 15:00,0.0,"{""type"":""MultiPoint"",""coordinates"":[]}"
20241021153000,2024-10-21 15:30,0.0,"{""type"":""MultiPoint"",""coordinates"":[]}"
20241021160000,2024-10-21 16:00,0.0,"{""type"":""MultiPoint"",""coordinates"":[]}"
20241021163000,2024-10-21 16:30,0.0,"{""type"":""MultiPoint"",""coordinates"":[]}"
20241021170000,2024-10-21 17:00,0.019999999552965164,"{""type"":""MultiPoint"",""coordinates"":[]}"
20241021173000,2024-10-21 17:30,0.07000000029802322,"{""type"":""MultiPoint"",""coordinates"":[]}"
20241021180000,2024-10-21 18:00,0.0,"{""type"":""MultiPoint"",""coordinates"":[]}"
20241021183000,2024-10-21 18:30,0.0,"{""type"":""MultiPoint"",""coordinates"":[]}"
20241021190000,2024-10-21 19:00,0.0,"{""type"":""MultiPoint"",""coordinates"":[]}"
20241021193000,2024-10-21 19:30,0.0,"{""type"":""MultiPoint"",""coordinates"":[]}"
20241021200000,2024-10-21 20:00,0.0,"{""type"":""MultiPoint"",""coordinates"":[]}"
20241021203000,2024-10-21 20:30,0.0,"{""type"":""MultiPoint"",""coordinates"":[]}"
20241021210000,2024-10-21 21:00,0.0,"{""type"":""MultiPoint"",""coordinates"":[]}"
20241021213000,2024-10-21 21:30,0.0,"{""type"":""MultiPoint"",""coordinates"":[]}"
20241021220000,2024-10-21 22:00,0.0,"{""type"":""MultiPoint"",""coordinates"":[]}"
20241021223000,2024-10-21 22:30,0.0,"{""type"":""MultiPoint"",""coordinates"":[]}"
20241021230000,2024-10-21 23:00,0.0,"{""type"":""MultiPoint"",""coordinates"":[]}"
20241021233000,2024-10-21 23:30,0.0,"{""type"":""MultiPoint"",""coordinates"":[]}"
20241022000000,2024-10-22 00:00,0.0,"{""type"":""MultiPoint"",""coordinates"":[]}"
20241022003000,2024-10-22 00:30,0.0,"{""type"":""MultiPoint"",""coordinates"":[]}"
20241022010000,2024-10-22 01:00,0.0,"{""type"":""MultiPoint"",""coordinates"":[]}"
20241022013000,2024-10-22 01:30,0.0,"{""type"":""MultiPoint"",""coordinates"":[]}"
20241022020000,2024-10-22 02:00,0.0,"{""type"":""MultiPoint"",""coordinates"":[]}"
20241022023000,2024-10-22 02:30,0.0,"{""type"":""MultiPoint"",""coordinates"":[]}"
20241022030000,2024-10-22 03:00,0.0,"{""type"":""MultiPoint"",""coordinates"":[]}"
20241022033000,2024-10-22 03:30,0.0,"{""type"":""MultiPoint"",""coordinates"":[]}"
20241022040000,2024-10-22 04:00,0.0,"{""type"":""MultiPoint"",""coordinates"":[]}"
20241022043000,2024-10-22 04:30,0.0,"{""type"":""MultiPoint"",""coordinates"":[]}"
20241022050000,2024-10-22 05:00,0.0,"{""type"":""MultiPoint"",""coordinates"":[]}"
20241022053000,2024-10-22 05:30,0.0,"{""type"":""MultiPoint"",""coordinates"":[]}"
20241022060000,2024-10-22 06:00,0.0,"{""type"":""MultiPoint"",""coordinates"":[]}"
20241022063000,2024-10-22 06:30,0.0,"{""type"":""MultiPoint"",""coordinates"":[]}"
20241022070000,2024-10-22 07:00,0.0,"{""type"":""MultiPoint"",""coordinates"":[]}"
20241022073000,2024-10-22 07:30,0.0,"{""type"":""MultiPoint"",""coordinates"":[]}"
20241022080000,2024-10-22 08:00,0.0,"{""type"":""MultiPoint"",""coordinates"":[]}"
20241022083000,2024-10-22 08:30,0.0,"{""type"":""MultiPoint"",""coordinates"":[]}"
20241022090000,2024-10-22 09:00,0.0,"{""type"":""MultiPoint"",""coordinates"":[]}"
20241022093000,2024-10-22 09:30,0.0,"{""type"":""MultiPoint"",""coordinates"":[]}"
20241022100000,2024-10-22 10:00,0.0,"{""type"":""MultiPoint"",""coordinates"":[]}"
20241022103000,2024-10-22 10:30,0.0,"{""type"":""MultiPoint"",""coordinates"":[]}"
20241022110000,2024-10-22 11:00,0.0,"{""type"":""MultiPoint"",""coordinates"":[]}"
20241022113000,2024-10-22 11:30,0.0,"{""type"":""MultiPoint"",""coordinates"":[]}"
20241022120000,2024-10-22 12:00,0.22999998927116394,"{""type"":""MultiPoint"",""coordinates"":[]}"
20241022123000,2024-10-22 12:30,0.05999999865889549,"{""type"":""MultiPoint"",""coordinates"":[]}"
20241022130000,2024-10-22 13:00,0.0,"{""type"":""MultiPoint"",""coordinates"":[]}"
20241022133000,2024-10-22 13:30,0.0,"{""type"":""MultiPoint"",""coordinates"":[]}"
20241022140000,2024-10-22 14:00,0.0,"{""type"":""MultiPoint"",""coordinates"":[]}"
20241022143000,2024-10-22 14:30,0.0,"{""type"":""MultiPoint"",""coordinates"":[]}"
20241022150000,2024-10-22 15:00,0.0,"{""type"":""MultiPoint"",""coordinates"":[]}"
20241022153000,2024-10-22 15:30,0.0,"{""type"":""MultiPoint"",""coordinates"":[]}"
20241022160000,2024-10-22 16:00,0.0,"{""type"":""MultiPoint"",""coordinates"":[]}"
20241022163000,2024-10-22 16:30,0.0,"{""type"":""MultiPoint"",""coordinates"":[]}"
20241022170000,2024-10-22 17:00,0.0,"{""type"":""MultiPoint"",""coordinates"":[]}"
20241022173000,2024-10-22 17:30,0.0,"{""type"":""MultiPoint"",""coordinates"":[]}"
20241022180000,2024-10-22 18:00,0.0,"{""type"":""MultiPoint"",""coordinates"":[]}"
20241022183000,2024-10-22 18:30,0.0,"{""type"":""MultiPoint"",""coordinates"":[]}"
20241022190000,2024-10-22 19:00,0.0,"{""type"":""MultiPoint"",""coordinates"":[]}"
20241022193000,2024-10-22 19:30,0.5,"{""type"":""MultiPoint"",""coordinates"":[]}"
20241022200000,2024-10-22 20:00,0.0,"{""type"":""MultiPoint"",""coordinates"":[]}"
20241022203000,2024-10-22 20:30,0.0,"{""type"":""MultiPoint"",""coordinates"":[]}"
20241022210000,2024-10-22 21:00,0.0,"{""type"":""MultiPoint"",""coordinates"":[]}"
20241022213000,2024-10-22 21:30,0.0,"{""type"":""MultiPoint"",""coordinates"":[]}"
20241022220000,2024-10-22 22:00,0.0,"{""type"":""MultiPoint"",""coordinates"":[]}"
20241022223000,2024-10-22 22:30,0.0,"{""type"":""MultiPoint"",""coordinates"":[]}"
20241022230000,2024-10-22 23:00,0.0,"{""type"":""MultiPoint"",""coordinates"":[]}"
20241022233000,2024-10-22 23:30,0.0,"{""type"":""MultiPoint"",""coordinates"":[]}"
20241023000000,2024-10-23 00:00,0.0,"{""type"":""MultiPoint"",""coordinates"":[]}"
20241023003000,2024-10-23 00:30,2.5,"{""type"":""MultiPoint"",""coordinates"":[]}"
20241023010000,2024-10-23 01:00,0.0,"{""type"":""MultiPoint"",""coordinates"":[]}"
20241023013000,2024-10-23 01:30,0.0,"{""type"":""MultiPoint"",""coordinates"":[]}"
20241023020000,2024-10-23 02:00,0.0,"{""type"":""MultiPoint"",""coordinates"":[]}"
20241023023000,2024-10-23 02:30,0.0,"{""type"":""MultiPoint"",""coordinates"":[]}"
20241023030000,2024-10-23 03:00,0.0,"{""type"":""MultiPoint"",""coordinates"":[]}"
20241023033000,2024-10-23 03:30,0.0,"{""type"":""MultiPoint"",""coordinates"":[]}"
20241023040000,2024-10-23 04:00,0.0,"{""type"":""MultiPoint"",""coordinates"":[]}"
20241023043000,2024-10-23 04:30,0.0,"{""type"":""MultiPoint"",""coordinates"":[]}"
20241023050000,2024-10-23 05:00,0.0,"{""type"":""MultiPoint"",""coordinates"":[]}"
20241023053000,2024-10-23 05:30,0.0,"{""type"":""MultiPoint"",""coordinates"":[]}"
20241023060000,2024-10-23 06:00,0.0,"{""type"":""MultiPoint"",""coordinates"":[]}"
20241023063000,2024-10-23 06:30,0.0,"{""type"":""MultiPoint"",""coordinates"":[]}"
20241023070000,2024-10-23 07:00,0.0,"{""type"":""MultiPoint"",""coordinates"":[]}"
20241023073000,2024-10-23 07:30,0.0,"{""type"":""MultiPoint"",""coordinates"":[]}"
20241023080000,2024-10-23 08:00,0.0,"{""type"":""MultiPoint"",""coordinates"":[]}"
20241023083000,2024-10-23 08:30,0.0,"{""type"":""MultiPoint"",""coordinates"":[]}"
20241023090000,2024-10-23 09:00,0.0,"{""type"":""MultiPoint"",""coordinates"":[]}"
20241023093000,2024-10-23 09:30,0.0,"{""type"":""MultiPoint"",""coordinates"":[]}"
20241023100000,2024-10-23 10:00,0.0,"{""type"":""MultiPoint"",""coordinates"":[]}"
20241023103000,2024-10-23 10:30,0.0,"{""type"":""MultiPoint"",""coordinates"":[]}"
20241023110000,2024-10-23 11:00,0.0,"{""type"":""MultiPoint"",""coordinates"":[]}"
20241023113000,2024-10-23 11:30,0.0,"{""type"":""MultiPoint"",""coordinates"":[]}"
20241023120000,2024-10-23 12:00,0.0,"{""type"":""MultiPoint"",""coordinates"":[]}"
20241023123000,2024-10-23 12:30,0.0,"{""type"":""MultiPoint"",""coordinates"":[]}"
20241023130000,2024-10-23 13:00,0.0,"{""type"":""MultiPoint"",""coordinates"":[]}"
20241023133000,2024-10-23 13:30,0.0,"{""type"":""MultiPoint"",""coordinates"":[]}"
20241023140000,2024-10-23 14:00,0.0,"{""type"":""MultiPoint"",""coordinates"":[]}"
20241023143000,2024-10-23 14:30,0.0,"{""type"":""MultiPoint"",""coordinates"":[]}"
20241023150000,2024-10-23 15:00,0.0,"{""type"":""MultiPoint"",""coordinates"":[]}"
20241023153000,2024-10-23 15:30,0.0,"{""type"":""MultiPoint"",""coordinates"":[]}"
20241023160000,2024-10-23 16:00,0.0,"{""type"":""MultiPoint"",""coordinates"":[]}"
20241023163000,2024-10-23 16:30,0.03999999910593033,"{""type"":""MultiPoint"",""coordinates"":[]}"
20241023170000,2024-10-23 17:00,0.0,"{""type"":""MultiPoint"",""coordinates"":[]}"
20241023173000,2024-10-23 17:30,0.0,"{""type"":""MultiPoint"",""coordinates"":[]}"
20241023180000,2024-10-23 18:00,0.0,"{""type"":""MultiPoint"",""coordinates"":[]}"
20241023183000,2024-10-23 18:30,0.0,"{""type"":""MultiPoint"",""coordinates"":[]}"
20241023190000,2024-10-23 19:00,0.0,"{""type"":""MultiPoint"",""coordinates"":[]}"
20241023193000,2024-10-23 19:30,0.0,"{""type"":""MultiPoint"",""coordinates"":[]}"
20241023200000,2024-10-23 20:00,0.0,"{""type"":""MultiPoint"",""coordinates"":[]}"
20241023203000,2024-10-23 20:30,0.0,"{""type"":""MultiPoint"",""coordinates"":[]}"
20241023210000,2024-10-23 21:00,0.0,"{""type"":""MultiPoint"",""coordinates"":[]}"
20241023213000,2024-10-23 21:30,0.0,"{""type"":""MultiPoint"",""coordinates"":[]}"
20241023220000,2024-10-23 22:00,0.0,"{""type"":""MultiPoint"",""coordinates"":[]}"
20241023223000,2024-10-23 22:30,0.0,"{""type"":""MultiPoint"",""coordinates"":[]}"
20241023230000,2024-10-23 23:00,0.0,"{""type"":""MultiPoint"",""coordinates"":[]}"
20241023233000,2024-10-23 23:30,0.0,"{""type"":""MultiPoint"",""coordinates"":[]}"
20241024000000,2024-10-24 00:00,0.0,"{""type"":""MultiPoint"",""coordinates"":[]}"
20241024003000,2024-10-24 00:30,0.0,"{""type"":""MultiPoint"",""coordinates"":[]}"
20241024010000,2024-10-24 01:00,0.0,"{""type"":""MultiPoint"",""coordinates"":[]}"
20241024013000,2024-10-24 01:30,0.0,"{""type"":""MultiPoint"",""coordinates"":[]}"
20241024020000,2024-10-24 02:00,0.0,"{""type"":""MultiPoint"",""coordinates"":[]}"
20241024023000,2024-10-24 02:30,0.20999999344348907,"{""type"":""MultiPoint"",""coordinates"":[]}"
20241024030000,2024-10-24 03:00,0.0,"{""type"":""MultiPoint"",""coordinates"":[]}"
20241024033000,2024-10-24 03:30,0.0,"{""type"":""MultiPoint"",""coordinates"":[]}"
20241024040000,2024-10-24 04:00,0.0,"{""type"":""MultiPoint"",""coordinates"":[]}"
20241024043000,2024-10-24 04:30,0.0,"{""type"":""MultiPoint"",""coordinates"":[]}"
20241024050000,2024-10-24 05:00,0.0,"{""type"":""MultiPoint"",""coordinates"":[]}"
20241024053000,2024-10-24 05:30,0.0,"{""type"":""MultiPoint"",""coordinates"":[]}"
20241024060000,2024-10-24 06:00,0.0,"{""type"":""MultiPoint"",""coordinates"":[]}"
20241024063000,2024-10-24 06:30,0.0,"{""type"":""MultiPoint"",""coordinates"":[]}"
20241024070000,2024-10-24 07:00,0.0,"{""type"":""MultiPoint"",""coordinates"":[]}"
20241024073000,2024-10-24 07:30,0.0,"{""type"":""MultiPoint"",""coordinates"":[]}"
20241024080000,2024-10-24 08:00,0.0,"{""type"":""MultiPoint"",""coordinates"":[]}"
20241024083000,2024-10-24 08:30,0.0,"{""type"":""MultiPoint"",""coordinates"":[]}"
20241024090000,2024-10-24 09:00,0.0,"{""type"":""MultiPoint"",""coordinates"":[]}"
20241024093000,2024-10-24 09:30,0.0,"{""type"":""MultiPoint"",""coordinates"":[]}"
20241024100000,2024-10-24 10:00,0.0,"{""type"":""MultiPoint"",""coordinates"":[]}"
20241024103000,2024-10-24 10:30,0.0,"{""type"":""MultiPoint"",""coordinates"":[]}"
20241024110000,2024-10-24 11:00,0.0,"{""type"":""MultiPoint"",""coordinates"":[]}"
20241024113000,2024-10-24 11:30,0.0,"{""type"":""MultiPoint"",""coordinates"":[]}"
20241024120000,2024-10-24 12:00,1.5499999523162842,"{""type"":""MultiPoint"",""coordinates"":[]}"
20241024123000,2024-10-24 12:30,0.0,"{""type"":""MultiPoint"",""coordinates"":[]}"
20241024130000,2024-10-24 13:00,0.0,"{""type"":""MultiPoint"",""coordinates"":[]}"
20241024133000,2024-10-24 13:30,0.0,"{""type"":""MultiPoint"",""coordinates"":[]}"
20241024140000,2024-10-24 14:00,0.0,"{""type"":""MultiPoint"",""coordinates"":[]}"
20241024143000,2024-10-24 14:30,0.0,"{""type"":""MultiPoint"",""coordinates"":[]}"
20241024150000,2024-10-24 15:00,0.0,"{""type"":""MultiPoint"",""coordinates"":[]}"
20241024153000,2024-10-24 15:30,0.0,"{""type"":""MultiPoint"",""coordinates"":[]}"
20241024160000,2024-10-24 16:00,0.0,"{""type"":""MultiPoint"",""coordinates"":[]}"
20241024163000,2024-10-24 16:30,0.0,"{""type"":""MultiPoint"",""coordinates"":[]}"
20241024170000,2024-10-24 17:00,0.0,"{""type"":""MultiPoint"",""coordinates"":[]}"
20241024173000,2024-10-24 17:30,0.0,"{""type"":""MultiPoint"",""coordinates"":[]}"
20241024180000,2024-10-24 18:00,0.0,"{""type"":""MultiPoint"",""coordinates"":[]}"
20241024183000,2024-10-24 18:30,0.0,"{""type"":""MultiPoint"",""coordinates"":[]}"
20241024190000,2024-10-24 19:00,0.0,"{""type"":""MultiPoint"",""coordinates"":[]}"
20241024193000,2024-10-24 19:30,0.0,"{""type"":""MultiPoint"",""coordinates"":[]}"
20241024200000,2024-10-24 20:00,0.0,"{""type"":""MultiPoint"",""coordinates"":[]}"
20241024203000,2024-10-24 20:30,0.0,"{""type"":""MultiPoint"",""coordinates"":[]}"
20241024210000,2024-10-24 21:00,0.0,"{""type"":""MultiPoint"",""coordinates"":[]}"
20241024213000,2024-10-24 21:30,0.07999999821186066,"{""type"":""MultiPoint"",""coordinates"":[]}"
20241024220000,2024-10-24 22:00,0.23999999463558197,"{""type"":""MultiPoint"",""coordinates"":[]}"
20241024223000,2024-10-24 22:30,0.0,"{""type"":""MultiPoint"",""coordinates"":[]}"
20241024230000,2024-10-24 23:00,0.0,"{""type"":""MultiPoint"",""coordinates"":[]}"
20241024233000,2024-10-24 23:30,3.18999981880188,"{""type"":""MultiPoint"",""coordinates"":[]}"
20241025000000,2024-10-25 00:00,3.1999998092651367,"{""type"":""MultiPoint"",""coordinates"":[]}"
20241025003000,2024-10-25 00:30,0.0,"{""type"":""MultiPoint"",""coordinates"":[]}"
20241025010000,2024-10-25 01:00,0.0,"{""type"":""MultiPoint"",""coordinates"":[]}"
20241025013000,2024-10-25 01:30,0.0,"{""type"":""MultiPoint"",""coordinates"":[]}"
20241025020000,2024-10-25 02:00,0.0,"{""type"":""MultiPoint"",""coordinates"":[]}"
20241025023000,2024-10-25 02:30,0.0,"{""type"":""MultiPoint"",""coordinates"":[]}"
20241025030000,2024-10-25 03:00,0.0,"{""type"":""MultiPoint"",""coordinates"":[]}"
20241025033000,2024-10-25 03:30,0.0,"{""type"":""MultiPoint"",""coordinates"":[]}"
20241025040000,2024-10-25 04:00,0.0,"{""type"":""MultiPoint"",""coordinates"":[]}"
20241025043000,2024-10-25 04:30,0.0,"{""type"":""MultiPoint"",""coordinates"":[]}"
20241025050000,2024-10-25 05:00,0.08999999612569809,"{""type"":""MultiPoint"",""coordinates"":[]}"
20241025053000,2024-10-25 05:30,0.0,"{""type"":""MultiPoint"",""coordinates"":[]}"
20241025060000,2024-10-25 06:00,0.0,"{""type"":""MultiPoint"",""coordinates"":[]}"
20241025063000,2024-10-25 06:30,0.0,"{""type"":""MultiPoint"",""coordinates"":[]}"
20241025070000,2024-10-25 07:00,0.0,"{""type"":""MultiPoint"",""coordinates"":[]}"
20241025073000,2024-10-25 07:30,0.0,"{""type"":""MultiPoint"",""coordinates"":[]}"
20241025080000,2024-10-25 08:00,0.0,"{""type"":""MultiPoint"",""coordinates"":[]}"
20241025083000,2024-10-25 08:30,0.0,"{""type"":""MultiPoint"",""coordinates"":[]}"
20241025090000,2024-10-25 09:00,0.0,"{""type"":""MultiPoint"",""coordinates"":[]}"
20241025093000,2024-10-25 09:30,0.0,"{""type"":""MultiPoint"",""coordinates"":[]}"
20241025100000,2024-10-25 10:00,0.0,"{""type"":""MultiPoint"",""coordinates"":[]}"
20241025103000,2024-10-25 10:30,0.0,"{""type"":""MultiPoint"",""coordinates"":[]}"
20241025110000,2024-10-25 11:00,0.0,"{""type"":""MultiPoint"",""coordinates"":[]}"
20241025113000,2024-10-25 11:30,0.0,"{""type"":""MultiPoint"",""coordinates"":[]}"
20241025120000,2024-10-25 12:00,0.09999999403953552,"{""type"":""MultiPoint"",""coordinates"":[]}"
20241025123000,2024-10-25 12:30,2.109999895095825,"{""type"":""MultiPoint"",""coordinates"":[]}"
20241025130000,2024-10-25 13:00,2.109999895095825,"{""type"":""MultiPoint"",""coordinates"":[]}"
20241025133000,2024-10-25 13:30,1.4800000190734863,"{""type"":""MultiPoint"",""coordinates"":[]}"
20241025140000,2024-10-25 14:00,1.1399999856948853,"{""type"":""MultiPoint"",""coordinates"":[]}"
20241025143000,2024-10-25 14:30,0.7199999690055847,"{""type"":""MultiPoint"",""coordinates"":[]}"
20241025150000,2024-10-25 15:00,0.4399999976158142,"{""type"":""MultiPoint"",""coordinates"":[]}"
20241025153000,2024-10-25 15:30,0.3100000023841858,"{""type"":""MultiPoint"",""coordinates"":[]}"
20241025160000,2024-10-25 16:00,0.019999999552965164,"{""type"":""MultiPoint"",""coordinates"":[]}"
20241025163000,2024-10-25 16:30,0.0,"{""type"":""MultiPoint"",""coordinates"":[]}"
20241025170000,2024-10-25 17:00,0.009999999776482582,"{""type"":""MultiPoint"",""coordinates"":[]}"
20241025173000,2024-10-25 17:30,0.0,"{""type"":""MultiPoint"",""coordinates"":[]}"
20241025180000,2024-10-25 18:00,0.0,"{""type"":""MultiPoint"",""coordinates"":[]}"
20241025183000,2024-10-25 18:30,0.0,"{""type"":""MultiPoint"",""coordinates"":[]}"
20241025190000,2024-10-25 19:00,0.0,"{""type"":""MultiPoint"",""coordinates"":[]}"
20241025193000,2024-10-25 19:30,0.0,"{""type"":""MultiPoint"",""coordinates"":[]}"
20241025200000,2024-10-25 20:00,0.0,"{""type"":""MultiPoint"",""coordinates"":[]}"
20241025203000,2024-10-25 20:30,0.0,"{""type"":""MultiPoint"",""coordinates"":[]}"
20241025210000,2024-10-25 21:00,0.0,"{""type"":""MultiPoint"",""coordinates"":[]}"
20241025213000,2024-10-25 21:30,0.0,"{""type"":""MultiPoint"",""coordinates"":[]}"
20241025220000,2024-10-25 22:00,0.0,"{""type"":""MultiPoint"",""coordinates"":[]}"
20241025223000,2024-10-25 22:30,0.0,"{""type"":""MultiPoint"",""coordinates"":[]}"
20241025230000,2024-10-25 23:00,0.0,"{""type"":""MultiPoint"",""coordinates"":[]}"
20241025233000,2024-10-25 23:30,0.0,"{""type"":""MultiPoint"",""coordinates"":[]}"
20241026000000,2024-10-26 00:00,0.0,"{""type"":""MultiPoint"",""coordinates"":[]}"
20241026003000,2024-10-26 00:30,0.0,"{""type"":""MultiPoint"",""coordinates"":[]}"
20241026010000,2024-10-26 01:00,1.5499999523162842,"{""type"":""MultiPoint"",""coordinates"":[]}"
20241026013000,2024-10-26 01:30,1.5499999523162842,"{""type"":""MultiPoint"",""coordinates"":[]}"
20241026020000,2024-10-26 02:00,0.0,"{""type"":""MultiPoint"",""coordinates"":[]}"
20241026023000,2024-10-26 02:30,0.009999999776482582,"{""type"":""MultiPoint"",""coordinates"":[]}"
20241026030000,2024-10-26 03:00,0.0,"{""type"":""MultiPoint"",""coordinates"":[]}"
20241026033000,2024-10-26 03:30,0.0,"{""type"":""MultiPoint"",""coordinates"":[]}"
20241026040000,2024-10-26 04:00,0.0,"{""type"":""MultiPoint"",""coordinates"":[]}"
20241026043000,2024-10-26 04:30,0.0,"{""type"":""MultiPoint"",""coordinates"":[]}"
20241026050000,2024-10-26 05:00,0.0,"{""type"":""MultiPoint"",""coordinates"":[]}"
20241026053000,2024-10-26 05:30,0.0,"{""type"":""MultiPoint"",""coordinates"":[]}"
20241026060000,2024-10-26 06:00,0.0,"{""type"":""MultiPoint"",""coordinates"":[]}"
20241026063000,2024-10-26 06:30,0.0,"{""type"":""MultiPoint"",""coordinates"":[]}"
20241026070000,2024-10-26 07:00,0.0,"{""type"":""MultiPoint"",""coordinates"":[]}"
20241026073000,2024-10-26 07:30,0.0,"{""type"":""MultiPoint"",""coordinates"":[]}"
20241026080000,2024-10-26 08:00,0.0,"{""type"":""MultiPoint"",""coordinates"":[]}"
20241026083000,2024-10-26 08:30,0.0,"{""type"":""MultiPoint"",""coordinates"":[]}"
20241026090000,2024-10-26 09:00,0.0,"{""type"":""MultiPoint"",""coordinates"":[]}"
20241026093000,2024-10-26 09:30,0.0,"{""type"":""MultiPoint"",""coordinates"":[]}"
20241026100000,2024-10-26 10:00,0.0,"{""type"":""MultiPoint"",""coordinates"":[]}"
20241026103000,2024-10-26 10:30,0.0,"{""type"":""MultiPoint"",""coordinates"":[]}"
20241026110000,2024-10-26 11:00,0.0,"{""type"":""MultiPoint"",""coordinates"":[]}"
20241026113000,2024-10-26 11:30,0.0,"{""type"":""MultiPoint"",""coordinates"":[]}"
20241026120000,2024-10-26 12:00,0.0,"{""type"":""MultiPoint"",""coordinates"":[]}"
20241026123000,2024-10-26 12:30,0.0,"{""type"":""MultiPoint"",""coordinates"":[]}"
20241026130000,2024-10-26 13:00,0.0,"{""type"":""MultiPoint"",""coordinates"":[]}"
20241026133000,2024-10-26 13:30,0.0,"{""type"":""MultiPoint"",""coordinates"":[]}"
20241026140000,2024-10-26 14:00,0.0,"{""type"":""MultiPoint"",""coordinates"":[]}"
20241026143000,2024-10-26 14:30,0.0,"{""type"":""MultiPoint"",""coordinates"":[]}"
20241026150000,2024-10-26 15:00,0.0,"{""type"":""MultiPoint"",""coordinates"":[]}"
20241026153000,2024-10-26 15:30,0.0,"{""type"":""MultiPoint"",""coordinates"":[]}"
20241026160000,2024-10-26 16:00,0.09999999403953552,"{""type"":""MultiPoint"",""coordinates"":[]}"
20241026163000,2024-10-26 16:30,0.09999999403953552,"{""type"":""MultiPoint"",""coordinates"":[]}"
20241026170000,2024-10-26 17:00,0.09999999403953552,"{""type"":""MultiPoint"",""coordinates"":[]}"
20241026173000,2024-10-26 17:30,0.09999999403953552,"{""type"":""MultiPoint"",""coordinates"":[]}"
20241026180000,2024-10-26 18:00,0.3700000047683716,"{""type"":""MultiPoint"",""coordinates"":[]}"
20241026183000,2024-10-26 18:30,0.3700000047683716,"{""type"":""MultiPoint"",""coordinates"":[]}"
20241026190000,2024-10-26 19:00,0.09999999403953552,"{""type"":""MultiPoint"",""coordinates"":[]}"
20241026193000,2024-10-26 19:30,0.09999999403953552,"{""type"":""MultiPoint"",""coordinates"":[]}"
20241026200000,2024-10-26 20:00,0.09999999403953552,"{""type"":""MultiPoint"",""coordinates"":[]}"
20241026203000,2024-10-26 20:30,0.0,"{""type"":""MultiPoint"",""coordinates"":[]}"
20241026210000,2024-10-26 21:00,0.0,"{""type"":""MultiPoint"",""coordinates"":[]}"
20241026213000,2024-10-26 21:30,0.0,"{""type"":""MultiPoint"",""coordinates"":[]}"
20241026220000,2024-10-26 22:00,0.0,"{""type"":""MultiPoint"",""coordinates"":[]}"
20241026223000,2024-10-26 22:30,0.0,"{""type"":""MultiPoint"",""coordinates"":[]}"
20241026230000,2024-10-26 23:00,0.0,"{""type"":""MultiPoint"",""coordinates"":[]}"
20241026233000,2024-10-26 23:30,0.0,"{""type"":""MultiPoint"",""coordinates"":[]}"
20241027000000,2024-10-27 00:00,0.0,"{""type"":""MultiPoint"",""coordinates"":[]}"
20241027003000,2024-10-27 00:30,0.0,"{""type"":""MultiPoint"",""coordinates"":[]}"
20241027010000,2024-10-27 01:00,0.0,"{""type"":""MultiPoint"",""coordinates"":[]}"
20241027013000,2024-10-27 01:30,0.0,"{""type"":""MultiPoint"",""coordinates"":[]}"
20241027020000,2024-10-27 02:00,0.0,"{""type"":""MultiPoint"",""coordinates"":[]}"
20241027023000,2024-10-27 02:30,0.0,"{""type"":""MultiPoint"",""coordinates"":[]}"
20241027030000,2024-10-27 03:00,0.0,"{""type"":""MultiPoint"",""coordinates"":[]}"
20241027033000,2024-10-27 03:30,0.0,"{""type"":""MultiPoint"",""coordinates"":[]}"
20241027040000,2024-10-27 04:00,0.0,"{""type"":""MultiPoint"",""coordinates"":[]}"
20241027043000,2024-10-27 04:30,0.0,"{""type"":""MultiPoint"",""coordinates"":[]}"
20241027050000,2024-10-27 05:00,0.0,"{""type"":""MultiPoint"",""coordinates"":[]}"
20241027053000,2024-10-27 05:30,0.0,"{""type"":""MultiPoint"",""coordinates"":[]}"
20241027060000,2024-10-27 06:00,0.0,"{""type"":""MultiPoint"",""coordinates"":[]}"
20241027063000,2024-10-27 06:30,0.0,"{""type"":""MultiPoint"",""coordinates"":[]}"
20241027070000,2024-10-27 07:00,0.0,"{""type"":""MultiPoint"",""coordinates"":[]}"
20241027073000,2024-10-27 07:30,0.0,"{""type"":""MultiPoint"",""coordinates"":[]}"
20241027080000,2024-10-27 08:00,0.0,"{""type"":""MultiPoint"",""coordinates"":[]}"
20241027083000,2024-10-27 08:30,0.0,"{""type"":""MultiPoint"",""coordinates"":[]}"
20241027090000,2024-10-27 09:00,0.0,"{""type"":""MultiPoint"",""coordinates"":[]}"
20241027093000,2024-10-27 09:30,0.0,"{""type"":""MultiPoint"",""coordinates"":[]}"
20241027100000,2024-10-27 10:00,0.0,"{""type"":""MultiPoint"",""coordinates"":[]}"
20241027103000,2024-10-27 10:30,0.0,"{""type"":""MultiPoint"",""coordinates"":[]}"
20241027110000,2024-10-27 11:00,0.0,"{""type"":""MultiPoint"",""coordinates"":[]}"
20241027113000,2024-10-27 11:30,0.0,"{""type"":""MultiPoint"",""coordinates"":[]}"
20241027120000,2024-10-27 12:00,0.0,"{""type"":""MultiPoint"",""coordinates"":[]}"
20241027123000,2024-10-27 12:30,0.5,"{""type"":""MultiPoint"",""coordinates"":[]}"
20241027130000,2024-10-27 13:00,0.5,"{""type"":""MultiPoint"",""coordinates"":[]}"
20241027133000,2024-10-27 13:30,0.03999999910593033,"{""type"":""MultiPoint"",""coordinates"":[]}"
20241027140000,2024-10-27 14:00,0.03999999910593033,"{""type"":""MultiPoint"",""coordinates"":[]}"
20241027143000,2024-10-27 14:30,0.03999999910593033,"{""type"":""MultiPoint"",""coordinates"":[]}"
20241027150000,2024-10-27 15:00,0.08999999612569809,"{""type"":""MultiPoint"",""coordinates"":[]}"
20241027153000,2024-10-27 15:30,0.0,"{""type"":""MultiPoint"",""coordinates"":[]}"
20241027160000,2024-10-27 16:00,0.0,"{""type"":""MultiPoint"",""coordinates"":[]}"
20241027163000,2024-10-27 16:30,0.0,"{""type"":""MultiPoint"",""coordinates"":[]}"
20241027170000,2024-10-27 17:00,0.0,"{""type"":""MultiPoint"",""coordinates"":[]}"
20241027173000,2024-10-27 17:30,0.0,"{""type"":""MultiPoint"",""coordinates"":[]}"
20241027180000,2024-10-27 18:00,0.0,"{""type"":""MultiPoint"",""coordinates"":[]}"
20241027183000,2024-10-27 18:30,0.0,"{""type"":""MultiPoint"",""coordinates"":[]}"
20241027190000,2024-10-27 19:00,0.0,"{""type"":""MultiPoint"",""coordinates"":[]}"
20241027193000,2024-10-27 19:30,0.0,"{""type"":""MultiPoint"",""coordinates"":[]}"
20241027200000,2024-10-27 20:00,0.0,"{""type"":""MultiPoint"",""coordinates"":[]}"
20241027203000,2024-10-27 20:30,0.0,"{""type"":""MultiPoint"",""coordinates"":[]}"
20241027210000,2024-10-27 21:00,0.0,"{""type"":""MultiPoint"",""coordinates"":[]}"
20241027213000,2024-10-27 21:30,0.0,"{""type"":""MultiPoint"",""coordinates"":[]}"
20241027220000,2024-10-27 22:00,0.0,"{""type"":""MultiPoint"",""coordinates"":[]}"
20241027223000,2024-10-27 22:30,0.0,"{""type"":""MultiPoint"",""coordinates"":[]}"
20241027230000,2024-10-27 23:00,0.0,"{""type"":""MultiPoint"",""coordinates"":[]}"
20241027233000,2024-10-27 23:30,0.0,"{""type"":""MultiPoint"",""coordinates"":[]}"
20241028000000,2024-10-28 00:00,0.0,"{""type"":""MultiPoint"",""coordinates"":[]}"
20241028003000,2024-10-28 00:30,0.5600000023841858,"{""type"":""MultiPoint"",""coordinates"":[]}"
20241028010000,2024-10-28 01:00,0.0,"{""type"":""MultiPoint"",""coordinates"":[]}"
20241028013000,2024-10-28 01:30,0.0,"{""type"":""MultiPoint"",""coordinates"":[]}"
20241028020000,2024-10-28 02:00,0.0,"{""type"":""MultiPoint"",""coordinates"":[]}"
20241028023000,2024-10-28 02:30,0.0,"{""type"":""MultiPoint"",""coordinates"":[]}"
20241028030000,2024-10-28 03:00,0.0,"{""type"":""MultiPoint"",""coordinates"":[]}"
20241028033000,2024-10-28 03:30,0.0,"{""type"":""MultiPoint"",""coordinates"":[]}"
20241028040000,2024-10-28 04:00,0.0,"{""type"":""MultiPoint"",""coordinates"":[]}"
20241028043000,2024-10-28 04:30,0.0,"{""type"":""MultiPoint"",""coordinates"":[]}"
20241028050000,2024-10-28 05:00,0.0,"{""type"":""MultiPoint"",""coordinates"":[]}"
20241028053000,2024-10-28 05:30,0.0,"{""type"":""MultiPoint"",""coordinates"":[]}"
20241028060000,2024-10-28 06:00,0.0,"{""type"":""MultiPoint"",""coordinates"":[]}"
20241028063000,2024-10-28 06:30,0.0,"{""type"":""MultiPoint"",""coordinates"":[]}"
20241028070000,2024-10-28 07:00,0.0,"{""type"":""MultiPoint"",""coordinates"":[]}"
20241028073000,2024-10-28 07:30,0.0,"{""type"":""MultiPoint"",""coordinates"":[]}"
20241028080000,2024-10-28 08:00,0.0,"{""type"":""MultiPoint"",""coordinates"":[]}"
20241028083000,2024-10-28 08:30,0.0,"{""type"":""MultiPoint"",""coordinates"":[]}"
20241028090000,2024-10-28 09:00,0.0,"{""type"":""MultiPoint"",""coordinates"":[]}"
20241028093000,2024-10-28 09:30,0.0,"{""type"":""MultiPoint"",""coordinates"":[]}"
20241028100000,2024-10-28 10:00,0.0,"{""type"":""MultiPoint"",""coordinates"":[]}"
20241028103000,2024-10-28 10:30,0.0,"{""type"":""MultiPoint"",""coordinates"":[]}"
20241028110000,2024-10-28 11:00,0.0,"{""type"":""MultiPoint"",""coordinates"":[]}"
20241028113000,2024-10-28 11:30,0.0,"{""type"":""MultiPoint"",""coordinates"":[]}"
20241028120000,2024-10-28 12:00,0.0,"{""type"":""MultiPoint"",""coordinates"":[]}"
20241028123000,2024-10-28 12:30,0.0,"{""type"":""MultiPoint"",""coordinates"":[]}"
20241028130000,2024-10-28 13:00,0.0,"{""type"":""MultiPoint"",""coordinates"":[]}"
20241028133000,2024-10-28 13:30,0.0,"{""type"":""MultiPoint"",""coordinates"":[]}"
20241028140000,2024-10-28 14:00,0.0,"{""type"":""MultiPoint"",""coordinates"":[]}"
20241028143000,2024-10-28 14:30,0.0,"{""type"":""MultiPoint"",""coordinates"":[]}"
20241028150000,2024-10-28 15:00,0.0,"{""type"":""MultiPoint"",""coordinates"":[]}"
20241028153000,2024-10-28 15:30,0.0,"{""type"":""MultiPoint"",""coordinates"":[]}"
20241028160000,2024-10-28 16:00,0.0,"{""type"":""MultiPoint"",""coordinates"":[]}"
20241028163000,2024-10-28 16:30,0.0,"{""type"":""MultiPoint"",""coordinates"":[]}"
20241028170000,2024-10-28 17:00,0.0,"{""type"":""MultiPoint"",""coordinates"":[]}"
20241028173000,2024-10-28 17:30,0.019999999552965164,"{""type"":""MultiPoint"",""coordinates"":[]}"
20241028180000,2024-10-28 18:00,0.009999999776482582,"{""type"":""MultiPoint"",""coordinates"":[]}"
20241028183000,2024-10-28 18:30,0.0,"{""type"":""MultiPoint"",""coordinates"":[]}"
20241028190000,2024-10-28 19:00,0.0,"{""type"":""MultiPoint"",""coordinates"":[]}"
20241028193000,2024-10-28 19:30,0.0,"{""type"":""MultiPoint"",""coordinates"":[]}"
20241028200000,2024-10-28 20:00,0.0,"{""type"":""MultiPoint"",""coordinates"":[]}"
20241028203000,2024-10-28 20:30,0.0,"{""type"":""MultiPoint"",""coordinates"":[]}"
20241028210000,2024-10-28 21:00,0.0,"{""type"":""MultiPoint"",""coordinates"":[]}"
20241028213000,2024-10-28 21:30,0.0,"{""type"":""MultiPoint"",""coordinates"":[]}"
20241028220000,2024-10-28 22:00,0.0,"{""type"":""MultiPoint"",""coordinates"":[]}"
20241028223000,2024-10-28 22:30,0.0,"{""type"":""MultiPoint"",""coordinates"":[]}"
20241028230000,2024-10-28 23:00,0.0,"{""type"":""MultiPoint"",""coordinates"":[]}"
20241028233000,2024-10-28 23:30,0.0,"{""type"":""MultiPoint"",""coordinates"":[]}"
20241029000000,2024-10-29 00:00,0.0,"{""type"":""MultiPoint"",""coordinates"":[]}"
20241029003000,2024-10-29 00:30,0.0,"{""type"":""MultiPoint"",""coordinates"":[]}"
20241029010000,2024-10-29 01:00,0.0,"{""type"":""MultiPoint"",""coordinates"":[]}"
20241029013000,2024-10-29 01:30,0.0,"{""type"":""MultiPoint"",""coordinates"":[]}"
20241029020000,2024-10-29 02:00,0.0,"{""type"":""MultiPoint"",""coordinates"":[]}"
20241029023000,2024-10-29 02:30,0.0,"{""type"":""MultiPoint"",""coordinates"":[]}"
20241029030000,2024-10-29 03:00,0.0,"{""type"":""MultiPoint"",""coordinates"":[]}"
20241029033000,2024-10-29 03:30,0.0,"{""type"":""MultiPoint"",""coordinates"":[]}"
20241029040000,2024-10-29 04:00,0.0,"{""type"":""MultiPoint"",""coordinates"":[]}"
20241029043000,2024-10-29 04:30,0.0,"{""type"":""MultiPoint"",""coordinates"":[]}"
20241029050000,2024-10-29 05:00,0.0,"{""type"":""MultiPoint"",""coordinates"":[]}"
20241029053000,2024-10-29 05:30,0.0,"{""type"":""MultiPoint"",""coordinates"":[]}"
20241029060000,2024-10-29 06:00,0.0,"{""type"":""MultiPoint"",""coordinates"":[]}"
20241029063000,2024-10-29 06:30,0.0,"{""type"":""MultiPoint"",""coordinates"":[]}"
20241029070000,2024-10-29 07:00,0.0,"{""type"":""MultiPoint"",""coordinates"":[]}"
20241029073000,2024-10-29 07:30,0.0,"{""type"":""MultiPoint"",""coordinates"":[]}"
20241029080000,2024-10-29 08:00,0.0,"{""type"":""MultiPoint"",""coordinates"":[]}"
20241029083000,2024-10-29 08:30,0.0,"{""type"":""MultiPoint"",""coordinates"":[]}"
20241029090000,2024-10-29 09:00,0.0,"{""type"":""MultiPoint"",""coordinates"":[]}"
20241029093000,2024-10-29 09:30,0.0,"{""type"":""MultiPoint"",""coordinates"":[]}"
20241029100000,2024-10-29 10:00,0.0,"{""type"":""MultiPoint"",""coordinates"":[]}"
20241029103000,2024-10-29 10:30,0.0,"{""type"":""MultiPoint"",""coordinates"":[]}"
20241029110000,2024-10-29 11:00,0.05999999865889549,"{""type"":""MultiPoint"",""coordinates"":[]}"
20241029113000,2024-10-29 11:30,1.4399999380111694,"{""type"":""MultiPoint"",""coordinates"":[]}"
20241029120000,2024-10-29 12:00,1.4499999284744263,"{""type"":""MultiPoint"",""coordinates"":[]}"
20241029123000,2024-10-29 12:30,0.05999999865889549,"{""type"":""MultiPoint"",""coordinates"":[]}"
20241029130000,2024-10-29 13:00,0.0,"{""type"":""MultiPoint"",""coordinates"":[]}"
20241029133000,2024-10-29 13:30,0.0,"{""type"":""MultiPoint"",""coordinates"":[]}"
20241029140000,2024-10-29 14:00,0.0,"{""type"":""MultiPoint"",""coordinates"":[]}"
20241029143000,2024-10-29 14:30,0.0,"{""type"":""MultiPoint"",""coordinates"":[]}"
20241029150000,2024-10-29 15:00,0.0,"{""type"":""MultiPoint"",""coordinates"":[]}"
20241029153000,2024-10-29 15:30,0.0,"{""type"":""MultiPoint"",""coordinates"":[]}"
20241029160000,2024-10-29 16:00,0.0,"{""type"":""MultiPoint"",""coordinates"":[]}"
20241029163000,2024-10-29 16:30,0.0,"{""type"":""MultiPoint"",""coordinates"":[]}"
20241029170000,2024-10-29 17:00,0.0,"{""type"":""MultiPoint"",""coordinates"":[]}"
20241029173000,2024-10-29 17:30,0.0,"{""type"":""MultiPoint"",""coordinates"":[]}"
20241029180000,2024-10-29 18:00,0.0,"{""type"":""MultiPoint"",""coordinates"":[]}"
20241029183000,2024-10-29 18:30,0.0,"{""type"":""MultiPoint"",""coordinates"":[]}"
20241029190000,2024-10-29 19:00,0.0,"{""type"":""MultiPoint"",""coordinates"":[]}"
20241029193000,2024-10-29 19:30,0.0,"{""type"":""MultiPoint"",""coordinates"":[]}"
20241029200000,2024-10-29 20:00,0.0,"{""type"":""MultiPoint"",""coordinates"":[]}"
20241029203000,2024-10-29 20:30,0.0,"{""type"":""MultiPoint"",""coordinates"":[]}"
20241029210000,2024-10-29 21:00,0.0,"{""type"":""MultiPoint"",""coordinates"":[]}"
20241029213000,2024-10-29 21:30,0.0,"{""type"":""MultiPoint"",""coordinates"":[]}"
20241029220000,2024-10-29 22:00,0.0,"{""type"":""MultiPoint"",""coordinates"":[]}"
20241029223000,2024-10-29 22:30,0.0,"{""type"":""MultiPoint"",""coordinates"":[]}"
20241029230000,2024-10-29 23:00,0.22999998927116394,"{""type"":""MultiPoint"",""coordinates"":[]}"
20241029233000,2024-10-29 23:30,0.22999998927116394,"{""type"":""MultiPoint"",""coordinates"":[]}"
20241030000000,2024-10-30 00:00,3.109999895095825,"{""type"":""MultiPoint"",""coordinates"":[]}"
20241030003000,2024-10-30 00:30,3.109999895095825,"{""type"":""MultiPoint"",""coordinates"":[]}"
20241030010000,2024-10-30 01:00,3.119999885559082,"{""type"":""MultiPoint"",""coordinates"":[]}"
20241030013000,2024-10-30 01:30,3.109999895095825,"{""type"":""MultiPoint"",""coordinates"":[]}"
20241030020000,2024-10-30 02:00,0.22999998927116394,"{""type"":""MultiPoint"",""coordinates"":[]}"
20241030023000,2024-10-30 02:30,0.22999998927116394,"{""type"":""MultiPoint"",""coordinates"":[]}"
20241030030000,2024-10-30 03:00,0.0,"{""type"":""MultiPoint"",""coordinates"":[]}"
20241030033000,2024-10-30 03:30,0.0,"{""type"":""MultiPoint"",""coordinates"":[]}"
20241030040000,2024-10-30 04:00,0.0,"{""type"":""MultiPoint"",""coordinates"":[]}"
20241030043000,2024-10-30 04:30,0.0,"{""type"":""MultiPoint"",""coordinates"":[]}"
20241030050000,2024-10-30 05:00,0.0,"{""type"":""MultiPoint"",""coordinates"":[]}"
20241030053000,2024-10-30 05:30,0.0,"{""type"":""MultiPoint"",""coordinates"":[]}"
20241030060000,2024-10-30 06:00,0.0,"{""type"":""MultiPoint"",""coordinates"":[]}"
20241030063000,2024-10-30 06:30,0.0,"{""type"":""MultiPoint"",""coordinates"":[]}"
20241030070000,2024-10-30 07:00,0.0,"{""type"":""MultiPoint"",""coordinates"":[]}"
20241030073000,2024-10-30 07:30,0.0,"{""type"":""MultiPoint"",""coordinates"":[]}"
20241030080000,2024-10-30 08:00,0.0,"{""type"":""MultiPoint"",""coordinates"":[]}"
20241030083000,2024-10-30 08:30,0.0,"{""type"":""MultiPoint"",""coordinates"":[]}"
20241030090000,2024-10-30 09:00,0.0,"{""type"":""MultiPoint"",""coordinates"":[]}"
20241030093000,2024-10-30 09:30,0.0,"{""type"":""MultiPoint"",""coordinates"":[]}"
20241030100000,2024-10-30 10:00,0.0,"{""type"":""MultiPoint"",""coordinates"":[]}"
20241030103000,2024-10-30 10:30,0.0,"{""type"":""MultiPoint"",""coordinates"":[]}"
20241030110000,2024-10-30 11:00,0.0,"{""type"":""MultiPoint"",""coordinates"":[]}"
20241030113000,2024-10-30 11:30,0.0,"{""type"":""MultiPoint"",""coordinates"":[]}"
20241030120000,2024-10-30 12:00,0.0,"{""type"":""MultiPoint"",""coordinates"":[]}"
20241030123000,2024-10-30 12:30,0.0,"{""type"":""MultiPoint"",""coordinates"":[]}"
20241030130000,2024-10-30 13:00,0.0,"{""type"":""MultiPoint"",""coordinates"":[]}"
20241030133000,2024-10-30 13:30,0.0,"{""type"":""MultiPoint"",""coordinates"":[]}"
20241030140000,2024-10-30 14:00,0.0,"{""type"":""MultiPoint"",""coordinates"":[]}"
20241030143000,2024-10-30 14:30,0.0,"{""type"":""MultiPoint"",""coordinates"":[]}"
20241030150000,2024-10-30 15:00,0.0,"{""type"":""MultiPoint"",""coordinates"":[]}"
20241030153000,2024-10-30 15:30,0.0,"{""type"":""MultiPoint"",""coordinates"":[]}"
20241030160000,2024-10-30 16:00,0.0,"{""type"":""MultiPoint"",""coordinates"":[]}"
20241030163000,2024-10-30 16:30,0.08999999612569809,"{""type"":""MultiPoint"",""coordinates"":[]}"
20241030170000,2024-10-30 17:00,0.3400000035762787,"{""type"":""MultiPoint"",""coordinates"":[]}"
20241030173000,2024-10-30 17:30,0.3400000035762787,"{""type"":""MultiPoint"",""coordinates"":[]}"
20241030180000,2024-10-30 18:00,0.08999999612569809,"{""type"":""MultiPoint"",""coordinates"":[]}"
20241030183000,2024-10-30 18:30,0.08999999612569809,"{""type"":""MultiPoint"",""coordinates"":[]}"
20241030190000,2024-10-30 19:00,0.08999999612569809,"{""type"":""MultiPoint"",""coordinates"":[]}"
20241030193000,2024-10-30 19:30,0.0,"{""type"":""MultiPoint"",""coordinates"":[]}"
20241030200000,2024-10-30 20:00,0.0,"{""type"":""MultiPoint"",""coordinates"":[]}"
20241030203000,2024-10-30 20:30,0.0,"{""type"":""MultiPoint"",""coordinates"":[]}"
20241030210000,2024-10-30 21:00,0.0,"{""type"":""MultiPoint"",""coordinates"":[]}"
20241030213000,2024-10-30 21:30,0.0,"{""type"":""MultiPoint"",""coordinates"":[]}"
20241030220000,2024-10-30 22:00,0.0,"{""type"":""MultiPoint"",""coordinates"":[]}"
20241030223000,2024-10-30 22:30,0.0,"{""type"":""MultiPoint"",""coordinates"":[]}"
20241030230000,2024-10-30 23:00,0.0,"{""type"":""MultiPoint"",""coordinates"":[]}"
20241030233000,2024-10-30 23:30,0.0,"{""type"":""MultiPoint"",""coordinates"":[]}"
20241031000000,2024-10-31 00:00,0.0,"{""type"":""MultiPoint"",""coordinates"":[]}"
20241031003000,2024-10-31 00:30,0.0,"{""type"":""MultiPoint"",""coordinates"":[]}"
20241031010000,2024-10-31 01:00,0.0,"{""type"":""MultiPoint"",""coordinates"":[]}"
20241031013000,2024-10-31 01:30,0.0,"{""type"":""MultiPoint"",""coordinates"":[]}"
20241031020000,2024-10-31 02:00,0.0,"{""type"":""MultiPoint"",""coordinates"":[]}"
20241031023000,2024-10-31 02:30,0.0,"{""type"":""MultiPoint"",""coordinates"":[]}"
20241031030000,2024-10-31 03:00,0.0,"{""type"":""MultiPoint"",""coordinates"":[]}"
20241031033000,2024-10-31 03:30,0.0,"{""type"":""MultiPoint"",""coordinates"":[]}"
20241031040000,2024-10-31 04:00,0.0,"{""type"":""MultiPoint"",""coordinates"":[]}"
20241031043000,2024-10-31 04:30,0.0,"{""type"":""MultiPoint"",""coordinates"":[]}"
20241031050000,2024-10-31 05:00,0.0,"{""type"":""MultiPoint"",""coordinates"":[]}"
20241031053000,2024-10-31 05:30,0.0,"{""type"":""MultiPoint"",""coordinates"":[]}"
20241031060000,2024-10-31 06:00,0.0,"{""type"":""MultiPoint"",""coordinates"":[]}"
20241031063000,2024-10-31 06:30,0.0,"{""type"":""MultiPoint"",""coordinates"":[]}"
20241031070000,2024-10-31 07:00,0.0,"{""type"":""MultiPoint"",""coordinates"":[]}"
20241031073000,2024-10-31 07:30,0.0,"{""type"":""MultiPoint"",""coordinates"":[]}"
20241031080000,2024-10-31 08:00,0.0,"{""type"":""MultiPoint"",""coordinates"":[]}"
20241031083000,2024-10-31 08:30,0.0,"{""type"":""MultiPoint"",""coordinates"":[]}"
20241031090000,2024-10-31 09:00,0.0,"{""type"":""MultiPoint"",""coordinates"":[]}"
20241031093000,2024-10-31 09:30,0.0,"{""type"":""MultiPoint"",""coordinates"":[]}"
20241031100000,2024-10-31 10:00,0.0,"{""type"":""MultiPoint"",""coordinates"":[]}"
20241031103000,2024-10-31 10:30,0.0,"{""type"":""MultiPoint"",""coordinates"":[]}"
20241031110000,2024-10-31 11:00,0.0,"{""type"":""MultiPoint"",""coordinates"":[]}"
20241031113000,2024-10-31 11:30,0.9199999570846558,"{""type"":""MultiPoint"",""coordinates"":[]}"
20241031120000,2024-10-31 12:00,0.9199999570846558,"{""type"":""MultiPoint"",""coordinates"":[]}"
20241031123000,2024-10-31 12:30,0.9199999570846558,"{""type"":""MultiPoint"",""coordinates"":[]}"
20241031130000,2024-10-31 13:00,0.0,"{""type"":""MultiPoint"",""coordinates"":[]}"
20241031133000,2024-10-31 13:30,0.0,"{""type"":""MultiPoint"",""coordinates"":[]}"
20241031140000,2024-10-31 14:00,0.0,"{""type"":""MultiPoint"",""coordinates"":[]}"
20241031143000,2024-10-31 14:30,0.0,"{""type"":""MultiPoint"",""coordinates"":[]}"
20241031150000,2024-10-31 15:00,0.0,"{""type"":""MultiPoint"",""coordinates"":[]}"
20241031153000,2024-10-31 15:30,0.0,"{""type"":""MultiPoint"",""coordinates"":[]}"
20241031160000,2024-10-31 16:00,0.0,"{""type"":""MultiPoint"",""coordinates"":[]}"
20241031163000,2024-10-31 16:30,0.0,"{""type"":""MultiPoint"",""coordinates"":[]}"
20241031170000,2024-10-31 17:00,0.0,"{""type"":""MultiPoint"",""coordinates"":[]}"
20241031173000,2024-10-31 17:30,0.0,"{""type"":""MultiPoint"",""coordinates"":[]}"
20241031180000,2024-10-31 18:00,0.0,"{""type"":""MultiPoint"",""coordinates"":[]}"
20241031183000,2024-10-31 18:30,0.0,"{""type"":""MultiPoint"",""coordinates"":[]}"
20241031190000,2024-10-31 19:00,0.0,"{""type"":""MultiPoint"",""coordinates"":[]}"
20241031193000,2024-10-31 19:30,0.0,"{""type"":""MultiPoint"",""coordinates"":[]}"
20241031200000,2024-10-31 20:00,0.0,"{""type"":""MultiPoint"",""coordinates"":[]}"
20241031203000,2024-10-31 20:30,0.0,"{""type"":""MultiPoint"",""coordinates"":[]}"
20241031210000,2024-10-31 21:00,0.0,"{""type"":""MultiPoint"",""coordinates"":[]}"
20241031213000,2024-10-31 21:30,0.0,"{""type"":""MultiPoint"",""coordinates"":[]}"
20241031220000,2024-10-31 22:00,0.0,"{""type"":""MultiPoint"",""coordinates"":[]}"
20241031223000,2024-10-31 22:30,0.0,"{""type"":""MultiPoint"",""coordinates"":[]}"
20241031230000,2024-10-31 23:00,0.0,"{""type"":""MultiPoint"",""coordinates"":[]}"
20241031233000,2024-10-31 23:30,0.0,"{""type"":""MultiPoint"",""coordinates"":[]}"
20241101000000,2024-11-01 00:00,0.0,"{""type"":""MultiPoint"",""coordinates"":[]}"
20241101003000,2024-11-01 00:30,0.0,"{""type"":""MultiPoint"",""coordinates"":[]}"
20241101010000,2024-11-01 01:00,0.0,"{""type"":""MultiPoint"",""coordinates"":[]}"
20241101013000,2024-11-01 01:30,0.0,"{""type"":""MultiPoint"",""coordinates"":[]}"
20241101020000,2024-11-01 02:00,0.0,"{""type"":""MultiPoint"",""coordinates"":[]}"
20241101023000,2024-11-01 02:30,0.0,"{""type"":""MultiPoint"",""coordinates"":[]}"
20241101030000,2024-11-01 03:00,0.0,"{""type"":""MultiPoint"",""coordinates"":[]}"
20241101033000,2024-11-01 03:30,0.0,"{""type"":""MultiPoint"",""coordinates"":[]}"
20241101040000,2024-11-01 04:00,0.0,"{""type"":""MultiPoint"",""coordinates"":[]}"
20241101043000,2024-11-01 04:30,0.0,"{""type"":""MultiPoint"",""coordinates"":[]}"
20241101050000,2024-11-01 05:00,0.0,"{""type"":""MultiPoint"",""coordinates"":[]}"
20241101053000,2024-11-01 05:30,0.0,"{""type"":""MultiPoint"",""coordinates"":[]}"
20241101060000,2024-11-01 06:00,0.0,"{""type"":""MultiPoint"",""coordinates"":[]}"
20241101063000,2024-11-01 06:30,0.0,"{""type"":""MultiPoint"",""coordinates"":[]}"
20241101070000,2024-11-01 07:00,0.0,"{""type"":""MultiPoint"",""coordinates"":[]}"
20241101073000,2024-11-01 07:30,0.0,"{""type"":""MultiPoint"",""coordinates"":[]}"
20241101080000,2024-11-01 08:00,0.0,"{""type"":""MultiPoint"",""coordinates"":[]}"
20241101083000,2024-11-01 08:30,0.0,"{""type"":""MultiPoint"",""coordinates"":[]}"
20241101090000,2024-11-01 09:00,0.0,"{""type"":""MultiPoint"",""coordinates"":[]}"
20241101093000,2024-11-01 09:30,0.0,"{""type"":""MultiPoint"",""coordinates"":[]}"
20241101100000,2024-11-01 10:00,0.0,"{""type"":""MultiPoint"",""coordinates"":[]}"
20241101103000,2024-11-01 10:30,0.0,"{""type"":""MultiPoint"",""coordinates"":[]}"
20241101110000,2024-11-01 11:00,0.0,"{""type"":""MultiPoint"",""coordinates"":[]}"
20241101113000,2024-11-01 11:30,0.0,"{""type"":""MultiPoint"",""coordinates"":[]}"
20241101120000,2024-11-01 12:00,0.0,"{""type"":""MultiPoint"",""coordinates"":[]}"
20241101123000,2024-11-01 12:30,0.08999999612569809,"{""type"":""MultiPoint"",""coordinates"":[]}"
20241101130000,2024-11-01 13:00,0.08999999612569809,"{""type"":""MultiPoint"",""coordinates"":[]}"
20241101133000,2024-11-01 13:30,0.08999999612569809,"{""type"":""MultiPoint"",""coordinates"":[]}"
20241101140000,2024-11-01 14:00,0.029999999329447746,"{""type"":""MultiPoint"",""coordinates"":[]}"
20241101143000,2024-11-01 14:30,0.0,"{""type"":""MultiPoint"",""coordinates"":[]}"
20241101150000,2024-11-01 15:00,0.0,"{""type"":""MultiPoint"",""coordinates"":[]}"
20241101153000,2024-11-01 15:30,0.0,"{""type"":""MultiPoint"",""coordinates"":[]}"
20241101160000,2024-11-01 16:00,0.0,"{""type"":""MultiPoint"",""coordinates"":[]}"
20241101163000,2024-11-01 16:30,0.0,"{""type"":""MultiPoint"",""coordinates"":[]}"
20241101170000,2024-11-01 17:00,0.0,"{""type"":""MultiPoint"",""coordinates"":[]}"
20241101173000,2024-11-01 17:30,0.0,"{""type"":""MultiPoint"",""coordinates"":[]}"
20241101180000,2024-11-01 18:00,0.0,"{""type"":""MultiPoint"",""coordinates"":[]}"
20241101183000,2024-11-01 18:30,0.0,"{""type"":""MultiPoint"",""coordinates"":[]}"
20241101190000,2024-11-01 19:00,0.0,"{""type"":""MultiPoint"",""coordinates"":[]}"
20241101193000,2024-11-01 19:30,0.0,"{""type"":""MultiPoint"",""coordinates"":[]}"
20241101200000,2024-11-01 20:00,0.0,"{""type"":""MultiPoint"",""coordinates"":[]}"
20241101203000,2024-11-01 20:30,0.0,"{""type"":""MultiPoint"",""coordinates"":[]}"
20241101210000,2024-11-01 21:00,0.0,"{""type"":""MultiPoint"",""coordinates"":[]}"
20241101213000,2024-11-01 21:30,0.0,"{""type"":""MultiPoint"",""coordinates"":[]}"
20241101220000,2024-11-01 22:00,0.0,"{""type"":""MultiPoint"",""coordinates"":[]}"
20241101223000,2024-11-01 22:30,0.0,"{""type"":""MultiPoint"",""coordinates"":[]}"
20241101230000,2024-11-01 23:00,0.0,"{""type"":""MultiPoint"",""coordinates"":[]}"
20241101233000,2024-11-01 23:30,0.0,"{""type"":""MultiPoint"",""coordinates"":[]}"
20241102000000,2024-11-02 00:00,0.0,"{""type"":""MultiPoint"",""coordinates"":[]}"
20241102003000,2024-11-02 00:30,0.0,"{""type"":""MultiPoint"",""coordinates"":[]}"
20241102010000,2024-11-02 01:00,0.5699999928474426,"{""type"":""MultiPoint"",""coordinates"":[]}"
20241102013000,2024-11-02 01:30,0.5699999928474426,"{""type"":""MultiPoint"",""coordinates"":[]}"
20241102020000,2024-11-02 02:00,0.0,"{""type"":""MultiPoint"",""coordinates"":[]}"
20241102023000,2024-11-02 02:30,0.0,"{""type"":""MultiPoint"",""coordinates"":[]}"
20241102030000,2024-11-02 03:00,0.0,"{""type"":""MultiPoint"",""coordinates"":[]}"
20241102033000,2024-11-02 03:30,0.0,"{""type"":""MultiPoint"",""coordinates"":[]}"
20241102040000,2024-11-02 04:00,0.0,"{""type"":""MultiPoint"",""coordinates"":[]}"
20241102043000,2024-11-02 04:30,0.0,"{""type"":""MultiPoint"",""coordinates"":[]}"
20241102050000,2024-11-02 05:00,0.0,"{""type"":""MultiPoint"",""coordinates"":[]}"
20241102053000,2024-11-02 05:30,0.0,"{""type"":""MultiPoint"",""coordinates"":[]}"
20241102060000,2024-11-02 06:00,0.0,"{""type"":""MultiPoint"",""coordinates"":[]}"
20241102063000,2024-11-02 06:30,0.0,"{""type"":""MultiPoint"",""coordinates"":[]}"
20241102070000,2024-11-02 07:00,0.0,"{""type"":""MultiPoint"",""coordinates"":[]}"
20241102073000,2024-11-02 07:30,0.0,"{""type"":""MultiPoint"",""coordinates"":[]}"
20241102080000,2024-11-02 08:00,0.0,"{""type"":""MultiPoint"",""coordinates"":[]}"
20241102083000,2024-11-02 08:30,0.0,"{""type"":""MultiPoint"",""coordinates"":[]}"
20241102090000,2024-11-02 09:00,0.0,"{""type"":""MultiPoint"",""coordinates"":[]}"
20241102093000,2024-11-02 09:30,0.0,"{""type"":""MultiPoint"",""coordinates"":[]}"
20241102100000,2024-11-02 10:00,0.0,"{""type"":""MultiPoint"",""coordinates"":[]}"
20241102103000,2024-11-02 10:30,0.0,"{""type"":""MultiPoint"",""coordinates"":[]}"
20241102110000,2024-11-02 11:00,0.0,"{""type"":""MultiPoint"",""coordinates"":[]}"
20241102113000,2024-11-02 11:30,0.2800000011920929,"{""type"":""MultiPoint"",""coordinates"":[]}"
20241102120000,2024-11-02 12:00,0.2800000011920929,"{""type"":""MultiPoint"",""coordinates"":[]}"
20241102123000,2024-11-02 12:30,0.0,"{""type"":""MultiPoint"",""coordinates"":[]}"
20241102130000,2024-11-02 13:00,0.0,"{""type"":""MultiPoint"",""coordinates"":[]}"
20241102133000,2024-11-02 13:30,0.0,"{""type"":""MultiPoint"",""coordinates"":[]}"
20241102140000,2024-11-02 14:00,0.0,"{""type"":""MultiPoint"",""coordinates"":[]}"
20241102143000,2024-11-02 14:30,0.0,"{""type"":""MultiPoint"",""coordinates"":[]}"
20241102150000,2024-11-02 15:00,0.0,"{""type"":""MultiPoint"",""coordinates"":[]}"
20241102153000,2024-11-02 15:30,0.0,"{""type"":""MultiPoint"",""coordinates"":[]}"
20241102160000,2024-11-02 16:00,0.0,"{""type"":""MultiPoint"",""coordinates"":[]}"
20241102163000,2024-11-02 16:30,0.0,"{""type"":""MultiPoint"",""coordinates"":[]}"
20241102170000,2024-11-02 17:00,0.0,"{""type"":""MultiPoint"",""coordinates"":[]}"
20241102173000,2024-11-02 17:30,0.0,"{""type"":""MultiPoint"",""coordinates"":[]}"
20241102180000,2024-11-02 18:00,0.0,"{""type"":""MultiPoint"",""coordinates"":[]}"
20241102183000,2024-11-02 18:30,0.0,"{""type"":""MultiPoint"",""coordinates"":[]}"
20241102190000,2024-11-02 19:00,0.0,"{""type"":""MultiPoint"",""coordinates"":[]}"
20241102193000,2024-11-02 19:30,0.0,"{""type"":""MultiPoint"",""coordinates"":[]}"
20241102200000,2024-11-02 20:00,0.0,"{""type"":""MultiPoint"",""coordinates"":[]}"
20241102203000,2024-11-02 20:30,0.0,"{""type"":""MultiPoint"",""coordinates"":[]}"
20241102210000,2024-11-02 21:00,0.0,"{""type"":""MultiPoint"",""coordinates"":[]}"
20241102213000,2024-11-02 21:30,0.0,"{""type"":""MultiPoint"",""coordinates"":[]}"
20241102220000,2024-11-02 22:00,0.0,"{""type"":""MultiPoint"",""coordinates"":[]}"
20241102223000,2024-11-02 22:30,0.0,"{""type"":""MultiPoint"",""coordinates"":[]}"
20241102230000,2024-11-02 23:00,0.0,"{""type"":""MultiPoint"",""coordinates"":[]}"
20241102233000,2024-11-02 23:30,0.0,"{""type"":""MultiPoint"",""coordinates"":[]}"
20241103000000,2024-11-03 00:00,0.3100000023841858,"{""type"":""MultiPoint"",""coordinates"":[]}"
20241103003000,2024-11-03 00:30,0.0,"{""type"":""MultiPoint"",""coordinates"":[]}"
20241103010000,2024-11-03 01:00,0.0,"{""type"":""MultiPoint"",""coordinates"":[]}"
20241103013000,2024-11-03 01:30,0.0,"{""type"":""MultiPoint"",""coordinates"":[]}"
20241103020000,2024-11-03 02:00,0.0,"{""type"":""MultiPoint"",""coordinates"":[]}"
20241103023000,2024-11-03 02:30,0.0,"{""type"":""MultiPoint"",""coordinates"":[]}"
20241103030000,2024-11-03 03:00,0.0,"{""type"":""MultiPoint"",""coordinates"":[]}"
20241103033000,2024-11-03 03:30,0.0,"{""type"":""MultiPoint"",""coordinates"":[]}"
20241103040000,2024-11-03 04:00,0.0,"{""type"":""MultiPoint"",""coordinates"":[]}"
20241103043000,2024-11-03 04:30,0.0,"{""type"":""MultiPoint"",""coordinates"":[]}"
20241103050000,2024-11-03 05:00,0.0,"{""type"":""MultiPoint"",""coordinates"":[]}"
20241103053000,2024-11-03 05:30,0.0,"{""type"":""MultiPoint"",""coordinates"":[]}"
20241103060000,2024-11-03 06:00,0.0,"{""type"":""MultiPoint"",""coordinates"":[]}"
20241103063000,2024-11-03 06:30,0.0,"{""type"":""MultiPoint"",""coordinates"":[]}"
20241103070000,2024-11-03 07:00,0.0,"{""type"":""MultiPoint"",""coordinates"":[]}"
20241103073000,2024-11-03 07:30,0.0,"{""type"":""MultiPoint"",""coordinates"":[]}"
20241103080000,2024-11-03 08:00,0.0,"{""type"":""MultiPoint"",""coordinates"":[]}"
20241103083000,2024-11-03 08:30,0.0,"{""type"":""MultiPoint"",""coordinates"":[]}"
20241103090000,2024-11-03 09:00,0.0,"{""type"":""MultiPoint"",""coordinates"":[]}"
20241103093000,2024-11-03 09:30,0.0,"{""type"":""MultiPoint"",""coordinates"":[]}"
20241103100000,2024-11-03 10:00,0.0,"{""type"":""MultiPoint"",""coordinates"":[]}"
20241103103000,2024-11-03 10:30,0.0,"{""type"":""MultiPoint"",""coordinates"":[]}"
20241103110000,2024-11-03 11:00,0.0,"{""type"":""MultiPoint"",""coordinates"":[]}"
20241103113000,2024-11-03 11:30,0.0,"{""type"":""MultiPoint"",""coordinates"":[]}"
20241103120000,2024-11-03 12:00,0.0,"{""type"":""MultiPoint"",""coordinates"":[]}"
20241103123000,2024-11-03 12:30,0.7400000095367432,"{""type"":""MultiPoint"",""coordinates"":[]}"
20241103130000,2024-11-03 13:00,0.7400000095367432,"{""type"":""MultiPoint"",""coordinates"":[]}"
20241103133000,2024-11-03 13:30,0.0,"{""type"":""MultiPoint"",""coordinates"":[]}"
20241103140000,2024-11-03 14:00,0.0,"{""type"":""MultiPoint"",""coordinates"":[]}"
20241103143000,2024-11-03 14:30,0.0,"{""type"":""MultiPoint"",""coordinates"":[]}"
20241103150000,2024-11-03 15:00,0.0,"{""type"":""MultiPoint"",""coordinates"":[]}"
20241103153000,2024-11-03 15:30,0.0,"{""type"":""MultiPoint"",""coordinates"":[]}"
20241103160000,2024-11-03 16:00,0.0,"{""type"":""MultiPoint"",""coordinates"":[]}"
20241103163000,2024-11-03 16:30,0.0,"{""type"":""MultiPoint"",""coordinates"":[]}"
20241103170000,2024-11-03 17:00,0.0,"{""type"":""MultiPoint"",""coordinates"":[]}"
20241103173000,2024-11-03 17:30,0.0,"{""type"":""MultiPoint"",""coordinates"":[]}"
20241103180000,2024-11-03 18:00,0.0,"{""type"":""MultiPoint"",""coordinates"":[]}"
20241103183000,2024-11-03 18:30,0.0,"{""type"":""MultiPoint"",""coordinates"":[]}"
20241103190000,2024-11-03 19:00,0.0,"{""type"":""MultiPoint"",""coordinates"":[]}"
20241103193000,2024-11-03 19:30,0.0,"{""type"":""MultiPoint"",""coordinates"":[]}"
20241103200000,2024-11-03 20:00,0.0,"{""type"":""MultiPoint"",""coordinates"":[]}"
20241103203000,2024-11-03 20:30,0.0,"{""type"":""MultiPoint"",""coordinates"":[]}"
20241103210000,2024-11-03 21:00,0.0,"{""type"":""MultiPoint"",""coordinates"":[]}"
20241103213000,2024-11-03 21:30,0.0,"{""type"":""MultiPoint"",""coordinates"":[]}"
20241103220000,2024-11-03 22:00,0.0,"{""type"":""MultiPoint"",""coordinates"":[]}"
20241103223000,2024-11-03 22:30,0.0,"{""type"":""MultiPoint"",""coordinates"":[]}"
20241103230000,2024-11-03 23:00,0.0,"{""type"":""MultiPoint"",""coordinates"":[]}"
20241103233000,2024-11-03 23:30,0.0,"{""type"":""MultiPoint"",""coordinates"":[]}"
20241104000000,2024-11-04 00:00,0.0,"{""type"":""MultiPoint"",""coordinates"":[]}"
20241104003000,2024-11-04 00:30,0.550000011920929,"{""type"":""MultiPoint"",""coordinates"":[]}"
20241104010000,2024-11-04 01:00,0.6200000047683716,"{""type"":""MultiPoint"",""coordinates"":[]}"
20241104013000,2024-11-04 01:30,0.6299999952316284,"{""type"":""MultiPoint"",""coordinates"":[]}"
20241104020000,2024-11-04 02:00,0.0,"{""type"":""MultiPoint"",""coordinates"":[]}"
20241104023000,2024-11-04 02:30,0.0,"{""type"":""MultiPoint"",""coordinates"":[]}"
20241104030000,2024-11-04 03:00,0.0,"{""type"":""MultiPoint"",""coordinates"":[]}"
20241104033000,2024-11-04 03:30,0.0,"{""type"":""MultiPoint"",""coordinates"":[]}"
20241104040000,2024-11-04 04:00,0.0,"{""type"":""MultiPoint"",""coordinates"":[]}"
20241104043000,2024-11-04 04:30,0.0,"{""type"":""MultiPoint"",""coordinates"":[]}"
20241104050000,2024-11-04 05:00,0.0,"{""type"":""MultiPoint"",""coordinates"":[]}"
20241104053000,2024-11-04 05:30,0.0,"{""type"":""MultiPoint"",""coordinates"":[]}"
20241104060000,2024-11-04 06:00,0.0,"{""type"":""MultiPoint"",""coordinates"":[]}"
20241104063000,2024-11-04 06:30,0.0,"{""type"":""MultiPoint"",""coordinates"":[]}"
20241104070000,2024-11-04 07:00,0.0,"{""type"":""MultiPoint"",""coordinates"":[]}"
20241104073000,2024-11-04 07:30,0.0,"{""type"":""MultiPoint"",""coordinates"":[]}"
20241104080000,2024-11-04 08:00,0.0,"{""type"":""MultiPoint"",""coordinates"":[]}"
20241104083000,2024-11-04 08:30,0.0,"{""type"":""MultiPoint"",""coordinates"":[]}"
20241104090000,2024-11-04 09:00,0.0,"{""type"":""MultiPoint"",""coordinates"":[]}"
20241104093000,2024-11-04 09:30,0.0,"{""type"":""MultiPoint"",""coordinates"":[]}"
20241104100000,2024-11-04 10:00,0.0,"{""type"":""MultiPoint"",""coordinates"":[]}"
20241104103000,2024-11-04 10:30,0.0,"{""type"":""MultiPoint"",""coordinates"":[]}"
20241104110000,2024-11-04 11:00,0.0,"{""type"":""MultiPoint"",""coordinates"":[]}"
20241104113000,2024-11-04 11:30,0.0,"{""type"":""MultiPoint"",""coordinates"":[]}"
20241104120000,2024-11-04 12:00,0.0,"{""type"":""MultiPoint"",""coordinates"":[]}"
20241104123000,2024-11-04 12:30,0.0,"{""type"":""MultiPoint"",""coordinates"":[]}"
20241104130000,2024-11-04 13:00,0.0,"{""type"":""MultiPoint"",""coordinates"":[]}"
20241104133000,2024-11-04 13:30,0.0,"{""type"":""MultiPoint"",""coordinates"":[]}"
20241104140000,2024-11-04 14:00,0.0,"{""type"":""MultiPoint"",""coordinates"":[]}"
20241104143000,2024-11-04 14:30,0.0,"{""type"":""MultiPoint"",""coordinates"":[]}"
20241104150000,2024-11-04 15:00,0.0,"{""type"":""MultiPoint"",""coordinates"":[]}"
20241104153000,2024-11-04 15:30,0.0,"{""type"":""MultiPoint"",""coordinates"":[]}"
20241104160000,2024-11-04 16:00,0.1599999964237213,"{""type"":""MultiPoint"",""coordinates"":[]}"
20241104163000,2024-11-04 16:30,0.0,"{""type"":""MultiPoint"",""coordinates"":[]}"
20241104170000,2024-11-04 17:00,0.0,"{""type"":""MultiPoint"",""coordinates"":[]}"
20241104173000,2024-11-04 17:30,0.0,"{""type"":""MultiPoint"",""coordinates"":[]}"
20241104180000,2024-11-04 18:00,0.0,"{""type"":""MultiPoint"",""coordinates"":[]}"
20241104183000,2024-11-04 18:30,0.0,"{""type"":""MultiPoint"",""coordinates"":[]}"
20241104190000,2024-11-04 19:00,0.0,"{""type"":""MultiPoint"",""coordinates"":[]}"
20241104193000,2024-11-04 19:30,0.0,"{""type"":""MultiPoint"",""coordinates"":[]}"
20241104200000,2024-11-04 20:00,0.0,"{""type"":""MultiPoint"",""coordinates"":[]}"
20241104203000,2024-11-04 20:30,0.0,"{""type"":""MultiPoint"",""coordinates"":[]}"
20241104210000,2024-11-04 21:00,0.0,"{""type"":""MultiPoint"",""coordinates"":[]}"
20241104213000,2024-11-04 21:30,0.0,"{""type"":""MultiPoint"",""coordinates"":[]}"
20241104220000,2024-11-04 22:00,0.0,"{""type"":""MultiPoint"",""coordinates"":[]}"
20241104223000,2024-11-04 22:30,0.0,"{""type"":""MultiPoint"",""coordinates"":[]}"
20241104230000,2024-11-04 23:00,0.0,"{""type"":""MultiPoint"",""coordinates"":[]}"
20241104233000,2024-11-04 23:30,0.0,"{""type"":""MultiPoint"",""coordinates"":[]}"
20241105000000,2024-11-05 00:00,0.0,"{""type"":""MultiPoint"",""coordinates"":[]}"
20241105003000,2024-11-05 00:30,0.0,"{""type"":""MultiPoint"",""coordinates"":[]}"
20241105010000,2024-11-05 01:00,0.0,"{""type"":""MultiPoint"",""coordinates"":[]}"
20241105013000,2024-11-05 01:30,0.0,"{""type"":""MultiPoint"",""coordinates"":[]}"
20241105020000,2024-11-05 02:00,0.0,"{""type"":""MultiPoint"",""coordinates"":[]}"
20241105023000,2024-11-05 02:30,0.0,"{""type"":""MultiPoint"",""coordinates"":[]}"
20241105030000,2024-11-05 03:00,0.0,"{""type"":""MultiPoint"",""coordinates"":[]}"
20241105033000,2024-11-05 03:30,0.0,"{""type"":""MultiPoint"",""coordinates"":[]}"
20241105040000,2024-11-05 04:00,0.0,"{""type"":""MultiPoint"",""coordinates"":[]}"
20241105043000,2024-11-05 04:30,0.0,"{""type"":""MultiPoint"",""coordinates"":[]}"
20241105050000,2024-11-05 05:00,0.0,"{""type"":""MultiPoint"",""coordinates"":[]}"
20241105053000,2024-11-05 05:30,0.0,"{""type"":""MultiPoint"",""coordinates"":[]}"
20241105060000,2024-11-05 06:00,0.0,"{""type"":""MultiPoint"",""coordinates"":[]}"
20241105063000,2024-11-05 06:30,0.0,"{""type"":""MultiPoint"",""coordinates"":[]}"
20241105070000,2024-11-05 07:00,0.0,"{""type"":""MultiPoint"",""coordinates"":[]}"
20241105073000,2024-11-05 07:30,0.0,"{""type"":""MultiPoint"",""coordinates"":[]}"
20241105080000,2024-11-05 08:00,0.0,"{""type"":""MultiPoint"",""coordinates"":[]}"
20241105083000,2024-11-05 08:30,0.0,"{""type"":""MultiPoint"",""coordinates"":[]}"
20241105090000,2024-11-05 09:00,0.0,"{""type"":""MultiPoint"",""coordinates"":[]}"
20241105093000,2024-11-05 09:30,0.0,"{""type"":""MultiPoint"",""coordinates"":[]}"
20241105100000,2024-11-05 10:00,0.0,"{""type"":""MultiPoint"",""coordinates"":[]}"
20241105103000,2024-11-05 10:30,0.0,"{""type"":""MultiPoint"",""coordinates"":[]}"
20241105110000,2024-11-05 11:00,0.0,"{""type"":""MultiPoint"",""coordinates"":[]}"
20241105113000,2024-11-05 11:30,0.0,"{""type"":""MultiPoint"",""coordinates"":[]}"
20241105120000,2024-11-05 12:00,0.0,"{""type"":""MultiPoint"",""coordinates"":[]}"
20241105123000,2024-11-05 12:30,0.0,"{""type"":""MultiPoint"",""coordinates"":[]}"
20241105130000,2024-11-05 13:00,0.0,"{""type"":""MultiPoint"",""coordinates"":[]}"
20241105133000,2024-11-05 13:30,0.0,"{""type"":""MultiPoint"",""coordinates"":[]}"
20241105140000,2024-11-05 14:00,0.0,"{""type"":""MultiPoint"",""coordinates"":[]}"
20241105143000,2024-11-05 14:30,0.0,"{""type"":""MultiPoint"",""coordinates"":[]}"
20241105150000,2024-11-05 15:00,0.0,"{""type"":""MultiPoint"",""coordinates"":[]}"
20241105153000,2024-11-05 15:30,0.0,"{""type"":""MultiPoint"",""coordinates"":[]}"
20241105160000,2024-11-05 16:00,0.0,"{""type"":""MultiPoint"",""coordinates"":[]}"
20241105163000,2024-11-05 16:30,0.0,"{""type"":""MultiPoint"",""coordinates"":[]}"
20241105170000,2024-11-05 17:00,0.0,"{""type"":""MultiPoint"",""coordinates"":[]}"
20241105173000,2024-11-05 17:30,0.0,"{""type"":""MultiPoint"",""coordinates"":[]}"
20241105180000,2024-11-05 18:00,0.0,"{""type"":""MultiPoint"",""coordinates"":[]}"
20241105183000,2024-11-05 18:30,0.0,"{""type"":""MultiPoint"",""coordinates"":[]}"
20241105190000,2024-11-05 19:00,0.0,"{""type"":""MultiPoint"",""coordinates"":[]}"
20241105193000,2024-11-05 19:30,0.0,"{""type"":""MultiPoint"",""coordinates"":[]}"
20241105200000,2024-11-05 20:00,0.0,"{""type"":""MultiPoint"",""coordinates"":[]}"
20241105203000,2024-11-05 20:30,0.0,"{""type"":""MultiPoint"",""coordinates"":[]}"
20241105210000,2024-11-05 21:00,0.0,"{""type"":""MultiPoint"",""coordinates"":[]}"
20241105213000,2024-11-05 21:30,0.0,"{""type"":""MultiPoint"",""coordinates"":[]}"
20241105220000,2024-11-05 22:00,0.0,"{""type"":""MultiPoint"",""coordinates"":[]}"
20241105223000,2024-11-05 22:30,0.0,"{""type"":""MultiPoint"",""coordinates"":[]}"
20241105230000,2024-11-05 23:00,0.0,"{""type"":""MultiPoint"",""coordinates"":[]}"
20241105233000,2024-11-05 23:30,0.0,"{""type"":""MultiPoint"",""coordinates"":[]}"
20241106000000,2024-11-06 00:00,0.0,"{""type"":""MultiPoint"",""coordinates"":[]}"
20241106003000,2024-11-06 00:30,0.0,"{""type"":""MultiPoint"",""coordinates"":[]}"
20241106010000,2024-11-06 01:00,0.0,"{""type"":""MultiPoint"",""coordinates"":[]}"
20241106013000,2024-11-06 01:30,0.0,"{""type"":""MultiPoint"",""coordinates"":[]}"
20241106020000,2024-11-06 02:00,0.0,"{""type"":""MultiPoint"",""coordinates"":[]}"
20241106023000,2024-11-06 02:30,0.0,"{""type"":""MultiPoint"",""coordinates"":[]}"
20241106030000,2024-11-06 03:00,0.0,"{""type"":""MultiPoint"",""coordinates"":[]}"
20241106033000,2024-11-06 03:30,0.0,"{""type"":""MultiPoint"",""coordinates"":[]}"
20241106040000,2024-11-06 04:00,0.0,"{""type"":""MultiPoint"",""coordinates"":[]}"
20241106043000,2024-11-06 04:30,0.0,"{""type"":""MultiPoint"",""coordinates"":[]}"
20241106050000,2024-11-06 05:00,0.0,"{""type"":""MultiPoint"",""coordinates"":[]}"
20241106053000,2024-11-06 05:30,0.0,"{""type"":""MultiPoint"",""coordinates"":[]}"
20241106060000,2024-11-06 06:00,0.0,"{""type"":""MultiPoint"",""coordinates"":[]}"
20241106063000,2024-11-06 06:30,0.0,"{""type"":""MultiPoint"",""coordinates"":[]}"
20241106070000,2024-11-06 07:00,0.0,"{""type"":""MultiPoint"",""coordinates"":[]}"
20241106073000,2024-11-06 07:30,0.0,"{""type"":""MultiPoint"",""coordinates"":[]}"
20241106080000,2024-11-06 08:00,0.0,"{""type"":""MultiPoint"",""coordinates"":[]}"
20241106083000,2024-11-06 08:30,0.0,"{""type"":""MultiPoint"",""coordinates"":[]}"
20241106090000,2024-11-06 09:00,0.0,"{""type"":""MultiPoint"",""coordinates"":[]}"
20241106093000,2024-11-06 09:30,0.0,"{""type"":""MultiPoint"",""coordinates"":[]}"
20241106100000,2024-11-06 10:00,0.0,"{""type"":""MultiPoint"",""coordinates"":[]}"
20241106103000,2024-11-06 10:30,0.0,"{""type"":""MultiPoint"",""coordinates"":[]}"
20241106110000,2024-11-06 11:00,0.0,"{""type"":""MultiPoint"",""coordinates"":[]}"
20241106113000,2024-11-06 11:30,0.0,"{""type"":""MultiPoint"",""coordinates"":[]}"
20241106120000,2024-11-06 12:00,0.0,"{""type"":""MultiPoint"",""coordinates"":[]}"
20241106123000,2024-11-06 12:30,0.0,"{""type"":""MultiPoint"",""coordinates"":[]}"
20241106130000,2024-11-06 13:00,0.0,"{""type"":""MultiPoint"",""coordinates"":[]}"
20241106133000,2024-11-06 13:30,0.0,"{""type"":""MultiPoint"",""coordinates"":[]}"
20241106140000,2024-11-06 14:00,0.0,"{""type"":""MultiPoint"",""coordinates"":[]}"
20241106143000,2024-11-06 14:30,0.0,"{""type"":""MultiPoint"",""coordinates"":[]}"
20241106150000,2024-11-06 15:00,0.0,"{""type"":""MultiPoint"",""coordinates"":[]}"
20241106153000,2024-11-06 15:30,0.0,"{""type"":""MultiPoint"",""coordinates"":[]}"
20241106160000,2024-11-06 16:00,0.0,"{""type"":""MultiPoint"",""coordinates"":[]}"
20241106163000,2024-11-06 16:30,0.0,"{""type"":""MultiPoint"",""coordinates"":[]}"
20241106170000,2024-11-06 17:00,0.0,"{""type"":""MultiPoint"",""coordinates"":[]}"
20241106173000,2024-11-06 17:30,0.0,"{""type"":""MultiPoint"",""coordinates"":[]}"
20241106180000,2024-11-06 18:00,0.0,"{""type"":""MultiPoint"",""coordinates"":[]}"
20241106183000,2024-11-06 18:30,0.0,"{""type"":""MultiPoint"",""coordinates"":[]}"
20241106190000,2024-11-06 19:00,0.0,"{""type"":""MultiPoint"",""coordinates"":[]}"
20241106193000,2024-11-06 19:30,0.0,"{""type"":""MultiPoint"",""coordinates"":[]}"
20241106200000,2024-11-06 20:00,0.0,"{""type"":""MultiPoint"",""coordinates"":[]}"
20241106203000,2024-11-06 20:30,0.0,"{""type"":""MultiPoint"",""coordinates"":[]}"
20241106210000,2024-11-06 21:00,0.0,"{""type"":""MultiPoint"",""coordinates"":[]}"
20241106213000,2024-11-06 21:30,0.0,"{""type"":""MultiPoint"",""coordinates"":[]}"
20241106220000,2024-11-06 22:00,0.0,"{""type"":""MultiPoint"",""coordinates"":[]}"
20241106223000,2024-11-06 22:30,0.0,"{""type"":""MultiPoint"",""coordinates"":[]}"
20241106230000,2024-11-06 23:00,0.0,"{""type"":""MultiPoint"",""coordinates"":[]}"
20241106233000,2024-11-06 23:30,0.0,"{""type"":""MultiPoint"",""coordinates"":[]}"
20241107000000,2024-11-07 00:00,0.0,"{""type"":""MultiPoint"",""coordinates"":[]}"
20241107003000,2024-11-07 00:30,0.0,"{""type"":""MultiPoint"",""coordinates"":[]}"
20241107010000,2024-11-07 01:00,0.0,"{""type"":""MultiPoint"",""coordinates"":[]}"
20241107013000,2024-11-07 01:30,0.0,"{""type"":""MultiPoint"",""coordinates"":[]}"
20241107020000,2024-11-07 02:00,0.0,"{""type"":""MultiPoint"",""coordinates"":[]}"
20241107023000,2024-11-07 02:30,0.0,"{""type"":""MultiPoint"",""coordinates"":[]}"
20241107030000,2024-11-07 03:00,0.009999999776482582,"{""type"":""MultiPoint"",""coordinates"":[]}"
20241107033000,2024-11-07 03:30,0.0,"{""type"":""MultiPoint"",""coordinates"":[]}"
20241107040000,2024-11-07 04:00,0.0,"{""type"":""MultiPoint"",""coordinates"":[]}"
20241107043000,2024-11-07 04:30,0.0,"{""type"":""MultiPoint"",""coordinates"":[]}"
20241107050000,2024-11-07 05:00,0.0,"{""type"":""MultiPoint"",""coordinates"":[]}"
20241107053000,2024-11-07 05:30,0.08999999612569809,"{""type"":""MultiPoint"",""coordinates"":[]}"
20241107060000,2024-11-07 06:00,0.0,"{""type"":""MultiPoint"",""coordinates"":[]}"
20241107063000,2024-11-07 06:30,0.0,"{""type"":""MultiPoint"",""coordinates"":[]}"
20241107070000,2024-11-07 07:00,0.0,"{""type"":""MultiPoint"",""coordinates"":[]}"
20241107073000,2024-11-07 07:30,0.0,"{""type"":""MultiPoint"",""coordinates"":[]}"
20241107080000,2024-11-07 08:00,0.0,"{""type"":""MultiPoint"",""coordinates"":[]}"
20241107083000,2024-11-07 08:30,0.0,"{""type"":""MultiPoint"",""coordinates"":[]}"
20241107090000,2024-11-07 09:00,0.0,"{""type"":""MultiPoint"",""coordinates"":[]}"
20241107093000,2024-11-07 09:30,0.0,"{""type"":""MultiPoint"",""coordinates"":[]}"
20241107100000,2024-11-07 10:00,0.0,"{""type"":""MultiPoint"",""coordinates"":[]}"
20241107103000,2024-11-07 10:30,0.0,"{""type"":""MultiPoint"",""coordinates"":[]}"
20241107110000,2024-11-07 11:00,0.0,"{""type"":""MultiPoint"",""coordinates"":[]}"
20241107113000,2024-11-07 11:30,0.0,"{""type"":""MultiPoint"",""coordinates"":[]}"
20241107120000,2024-11-07 12:00,0.0,"{""type"":""MultiPoint"",""coordinates"":[]}"
20241107123000,2024-11-07 12:30,0.0,"{""type"":""MultiPoint"",""coordinates"":[]}"
20241107130000,2024-11-07 13:00,0.0,"{""type"":""MultiPoint"",""coordinates"":[]}"
20241107133000,2024-11-07 13:30,0.0,"{""type"":""MultiPoint"",""coordinates"":[]}"
20241107140000,2024-11-07 14:00,0.0,"{""type"":""MultiPoint"",""coordinates"":[]}"
20241107143000,2024-11-07 14:30,2.429999828338623,"{""type"":""MultiPoint"",""coordinates"":[]}"
20241107150000,2024-11-07 15:00,0.0,"{""type"":""MultiPoint"",""coordinates"":[]}"
20241107153000,2024-11-07 15:30,0.0,"{""type"":""MultiPoint"",""coordinates"":[]}"
20241107160000,2024-11-07 16:00,0.0,"{""type"":""MultiPoint"",""coordinates"":[]}"
20241107163000,2024-11-07 16:30,0.0,"{""type"":""MultiPoint"",""coordinates"":[]}"
20241107170000,2024-11-07 17:00,0.0,"{""type"":""MultiPoint"",""coordinates"":[]}"
20241107173000,2024-11-07 17:30,0.0,"{""type"":""MultiPoint"",""coordinates"":[]}"
20241107180000,2024-11-07 18:00,0.0,"{""type"":""MultiPoint"",""coordinates"":[]}"
20241107183000,2024-11-07 18:30,0.0,"{""type"":""MultiPoint"",""coordinates"":[]}"
20241107190000,2024-11-07 19:00,0.0,"{""type"":""MultiPoint"",""coordinates"":[]}"
20241107193000,2024-11-07 19:30,0.0,"{""type"":""MultiPoint"",""coordinates"":[]}"
20241107200000,2024-11-07 20:00,0.0,"{""type"":""MultiPoint"",""coordinates"":[]}"
20241107203000,2024-11-07 20:30,0.0,"{""type"":""MultiPoint"",""coordinates"":[]}"
20241107210000,2024-11-07 21:00,0.0,"{""type"":""MultiPoint"",""coordinates"":[]}"
20241107213000,2024-11-07 21:30,0.0,"{""type"":""MultiPoint"",""coordinates"":[]}"
20241107220000,2024-11-07 22:00,0.0,"{""type"":""MultiPoint"",""coordinates"":[]}"
20241107223000,2024-11-07 22:30,0.0,"{""type"":""MultiPoint"",""coordinates"":[]}"
20241107230000,2024-11-07 23:00,0.0,"{""type"":""MultiPoint"",""coordinates"":[]}"
20241107233000,2024-11-07 23:30,0.0,"{""type"":""MultiPoint"",""coordinates"":[]}"
20241108000000,2024-11-08 00:00,0.0,"{""type"":""MultiPoint"",""coordinates"":[]}"
20241108003000,2024-11-08 00:30,0.0,"{""type"":""MultiPoint"",""coordinates"":[]}"
20241108010000,2024-11-08 01:00,0.0,"{""type"":""MultiPoint"",""coordinates"":[]}"
20241108013000,2024-11-08 01:30,0.0,"{""type"":""MultiPoint"",""coordinates"":[]}"
20241108020000,2024-11-08 02:00,0.0,"{""type"":""MultiPoint"",""coordinates"":[]}"
20241108023000,2024-11-08 02:30,0.0,"{""type"":""MultiPoint"",""coordinates"":[]}"
20241108030000,2024-11-08 03:00,0.0,"{""type"":""MultiPoint"",""coordinates"":[]}"
20241108033000,2024-11-08 03:30,0.0,"{""type"":""MultiPoint"",""coordinates"":[]}"
20241108040000,2024-11-08 04:00,0.0,"{""type"":""MultiPoint"",""coordinates"":[]}"
20241108043000,2024-11-08 04:30,0.019999999552965164,"{""type"":""MultiPoint"",""coordinates"":[]}"
20241108050000,2024-11-08 05:00,0.019999999552965164,"{""type"":""MultiPoint"",""coordinates"":[]}"
20241108053000,2024-11-08 05:30,0.019999999552965164,"{""type"":""MultiPoint"",""coordinates"":[]}"
20241108060000,2024-11-08 06:00,0.009999999776482582,"{""type"":""MultiPoint"",""coordinates"":[]}"
20241108063000,2024-11-08 06:30,0.009999999776482582,"{""type"":""MultiPoint"",""coordinates"":[]}"
20241108070000,2024-11-08 07:00,0.0,"{""type"":""MultiPoint"",""coordinates"":[]}"
20241108073000,2024-11-08 07:30,0.009999999776482582,"{""type"":""MultiPoint"",""coordinates"":[]}"
20241108080000,2024-11-08 08:00,0.0,"{""type"":""MultiPoint"",""coordinates"":[]}"
20241108083000,2024-11-08 08:30,0.0,"{""type"":""MultiPoint"",""coordinates"":[]}"
20241108090000,2024-11-08 09:00,0.0,"{""type"":""MultiPoint"",""coordinates"":[]}"
20241108093000,2024-11-08 09:30,0.0,"{""type"":""MultiPoint"",""coordinates"":[]}"
20241108100000,2024-11-08 10:00,0.0,"{""type"":""MultiPoint"",""coordinates"":[]}"
20241108103000,2024-11-08 10:30,0.0,"{""type"":""MultiPoint"",""coordinates"":[]}"
20241108110000,2024-11-08 11:00,0.0,"{""type"":""MultiPoint"",""coordinates"":[]}"
20241108113000,2024-11-08 11:30,0.0,"{""type"":""MultiPoint"",""coordinates"":[]}"
20241108120000,2024-11-08 12:00,0.0,"{""type"":""MultiPoint"",""coordinates"":[]}"
20241108123000,2024-11-08 12:30,0.0,"{""type"":""MultiPoint"",""coordinates"":[]}"
20241108130000,2024-11-08 13:00,0.0,"{""type"":""MultiPoint"",""coordinates"":[]}"
20241108133000,2024-11-08 13:30,0.0,"{""type"":""MultiPoint"",""coordinates"":[]}"
20241108140000,2024-11-08 14:00,0.0,"{""type"":""MultiPoint"",""coordinates"":[]}"
20241108143000,2024-11-08 14:30,0.0,"{""type"":""MultiPoint"",""coordinates"":[]}"
20241108150000,2024-11-08 15:00,0.0,"{""type"":""MultiPoint"",""coordinates"":[]}"
20241108153000,2024-11-08 15:30,0.0,"{""type"":""MultiPoint"",""coordinates"":[]}"
20241108160000,2024-11-08 16:00,0.0,"{""type"":""MultiPoint"",""coordinates"":[]}"
20241108163000,2024-11-08 16:30,0.0,"{""type"":""MultiPoint"",""coordinates"":[]}"
20241108170000,2024-11-08 17:00,0.0,"{""type"":""MultiPoint"",""coordinates"":[]}"
20241108173000,2024-11-08 17:30,0.0,"{""type"":""MultiPoint"",""coordinates"":[]}"
20241108180000,2024-11-08 18:00,0.0,"{""type"":""MultiPoint"",""coordinates"":[]}"
20241108183000,2024-11-08 18:30,0.0,"{""type"":""MultiPoint"",""coordinates"":[]}"
20241108190000,2024-11-08 19:00,0.0,"{""type"":""MultiPoint"",""coordinates"":[]}"
20241108193000,2024-11-08 19:30,0.0,"{""type"":""MultiPoint"",""coordinates"":[]}"
20241108200000,2024-11-08 20:00,0.0,"{""type"":""MultiPoint"",""coordinates"":[]}"
20241108203000,2024-11-08 20:30,0.0,"{""type"":""MultiPoint"",""coordinates"":[]}"
20241108210000,2024-11-08 21:00,0.0,"{""type"":""MultiPoint"",""coordinates"":[]}"
20241108213000,2024-11-08 21:30,0.0,"{""type"":""MultiPoint"",""coordinates"":[]}"
20241108220000,2024-11-08 22:00,0.0,"{""type"":""MultiPoint"",""coordinates"":[]}"
20241108223000,2024-11-08 22:30,0.0,"{""type"":""MultiPoint"",""coordinates"":[]}"
20241108230000,2024-11-08 23:00,0.0,"{""type"":""MultiPoint"",""coordinates"":[]}"
20241108233000,2024-11-08 23:30,0.0,"{""type"":""MultiPoint"",""coordinates"":[]}"
20241109000000,2024-11-09 00:00,0.0,"{""type"":""MultiPoint"",""coordinates"":[]}"
20241109003000,2024-11-09 00:30,0.0,"{""type"":""MultiPoint"",""coordinates"":[]}"
20241109010000,2024-11-09 01:00,0.0,"{""type"":""MultiPoint"",""coordinates"":[]}"
20241109013000,2024-11-09 01:30,0.0,"{""type"":""MultiPoint"",""coordinates"":[]}"
20241109020000,2024-11-09 02:00,0.0,"{""type"":""MultiPoint"",""coordinates"":[]}"
20241109023000,2024-11-09 02:30,0.0,"{""type"":""MultiPoint"",""coordinates"":[]}"
20241109030000,2024-11-09 03:00,0.0,"{""type"":""MultiPoint"",""coordinates"":[]}"
20241109033000,2024-11-09 03:30,0.0,"{""type"":""MultiPoint"",""coordinates"":[]}"
20241109040000,2024-11-09 04:00,0.0,"{""type"":""MultiPoint"",""coordinates"":[]}"
20241109043000,2024-11-09 04:30,0.0,"{""type"":""MultiPoint"",""coordinates"":[]}"
20241109050000,2024-11-09 05:00,0.0,"{""type"":""MultiPoint"",""coordinates"":[]}"
20241109053000,2024-11-09 05:30,0.0,"{""type"":""MultiPoint"",""coordinates"":[]}"
20241109060000,2024-11-09 06:00,0.0,"{""type"":""MultiPoint"",""coordinates"":[]}"
20241109063000,2024-11-09 06:30,0.0,"{""type"":""MultiPoint"",""coordinates"":[]}"
20241109070000,2024-11-09 07:00,0.0,"{""type"":""MultiPoint"",""coordinates"":[]}"
20241109073000,2024-11-09 07:30,0.0,"{""type"":""MultiPoint"",""coordinates"":[]}"
20241109080000,2024-11-09 08:00,0.0,"{""type"":""MultiPoint"",""coordinates"":[]}"
20241109083000,2024-11-09 08:30,0.0,"{""type"":""MultiPoint"",""coordinates"":[]}"
20241109090000,2024-11-09 09:00,0.0,"{""type"":""MultiPoint"",""coordinates"":[]}"
20241109093000,2024-11-09 09:30,0.029999999329447746,"{""type"":""MultiPoint"",""coordinates"":[]}"
20241109100000,2024-11-09 10:00,0.029999999329447746,"{""type"":""MultiPoint"",""coordinates"":[]}"
20241109103000,2024-11-09 10:30,0.029999999329447746,"{""type"":""MultiPoint"",""coordinates"":[]}"
20241109110000,2024-11-09 11:00,0.029999999329447746,"{""type"":""MultiPoint"",""coordinates"":[]}"
20241109113000,2024-11-09 11:30,0.32999998331069946,"{""type"":""MultiPoint"",""coordinates"":[]}"
20241109120000,2024-11-09 12:00,0.32999998331069946,"{""type"":""MultiPoint"",""coordinates"":[]}"
20241109123000,2024-11-09 12:30,0.029999999329447746,"{""type"":""MultiPoint"",""coordinates"":[]}"
20241109130000,2024-11-09 13:00,0.0,"{""type"":""MultiPoint"",""coordinates"":[]}"
20241109133000,2024-11-09 13:30,0.0,"{""type"":""MultiPoint"",""coordinates"":[]}"
20241109140000,2024-11-09 14:00,0.0,"{""type"":""MultiPoint"",""coordinates"":[]}"
20241109143000,2024-11-09 14:30,0.0,"{""type"":""MultiPoint"",""coordinates"":[]}"
20241109150000,2024-11-09 15:00,0.0,"{""type"":""MultiPoint"",""coordinates"":[]}"
20241109153000,2024-11-09 15:30,0.0,"{""type"":""MultiPoint"",""coordinates"":[]}"
20241109160000,2024-11-09 16:00,0.0,"{""type"":""MultiPoint"",""coordinates"":[]}"
20241109163000,2024-11-09 16:30,0.0,"{""type"":""MultiPoint"",""coordinates"":[]}"
20241109170000,2024-11-09 17:00,0.0,"{""type"":""MultiPoint"",""coordinates"":[]}"
20241109173000,2024-11-09 17:30,0.0,"{""type"":""MultiPoint"",""coordinates"":[]}"
20241109180000,2024-11-09 18:00,0.0,"{""type"":""MultiPoint"",""coordinates"":[]}"
20241109183000,2024-11-09 18:30,0.0,"{""type"":""MultiPoint"",""coordinates"":[]}"
20241109190000,2024-11-09 19:00,0.0,"{""type"":""MultiPoint"",""coordinates"":[]}"
20241109193000,2024-11-09 19:30,0.0,"{""type"":""MultiPoint"",""coordinates"":[]}"
20241109200000,2024-11-09 20:00,0.0,"{""type"":""MultiPoint"",""coordinates"":[]}"
20241109203000,2024-11-09 20:30,0.0,"{""type"":""MultiPoint"",""coordinates"":[]}"
20241109210000,2024-11-09 21:00,0.0,"{""type"":""MultiPoint"",""coordinates"":[]}"
20241109213000,2024-11-09 21:30,0.0,"{""type"":""MultiPoint"",""coordinates"":[]}"
20241109220000,2024-11-09 22:00,0.0,"{""type"":""MultiPoint"",""coordinates"":[]}"
20241109223000,2024-11-09 22:30,0.0,"{""type"":""MultiPoint"",""coordinates"":[]}"
20241109230000,2024-11-09 23:00,0.0,"{""type"":""MultiPoint"",""coordinates"":[]}"
20241109233000,2024-11-09 23:30,0.7599999904632568,"{""type"":""MultiPoint"",""coordinates"":[]}"
20241110000000,2024-11-10 00:00,0.7599999904632568,"{""type"":""MultiPoint"",""coordinates"":[]}"
20241110003000,2024-11-10 00:30,0.17000000178813934,"{""type"":""MultiPoint"",""coordinates"":[]}"
20241110010000,2024-11-10 01:00,0.0,"{""type"":""MultiPoint"",""coordinates"":[]}"
20241110013000,2024-11-10 01:30,0.0,"{""type"":""MultiPoint"",""coordinates"":[]}"
20241110020000,2024-11-10 02:00,0.0,"{""type"":""MultiPoint"",""coordinates"":[]}"
20241110023000,2024-11-10 02:30,0.0,"{""type"":""MultiPoint"",""coordinates"":[]}"
20241110030000,2024-11-10 03:00,0.0,"{""type"":""MultiPoint"",""coordinates"":[]}"
20241110033000,2024-11-10 03:30,0.0,"{""type"":""MultiPoint"",""coordinates"":[]}"
20241110040000,2024-11-10 04:00,0.0,"{""type"":""MultiPoint"",""coordinates"":[]}"
20241110043000,2024-11-10 04:30,0.0,"{""type"":""MultiPoint"",""coordinates"":[]}"
20241110050000,2024-11-10 05:00,0.0,"{""type"":""MultiPoint"",""coordinates"":[]}"
20241110053000,2024-11-10 05:30,0.0,"{""type"":""MultiPoint"",""coordinates"":[]}"
20241110060000,2024-11-10 06:00,0.0,"{""type"":""MultiPoint"",""coordinates"":[]}"
20241110063000,2024-11-10 06:30,0.0,"{""type"":""MultiPoint"",""coordinates"":[]}"
20241110070000,2024-11-10 07:00,0.0,"{""type"":""MultiPoint"",""coordinates"":[]}"
20241110073000,2024-11-10 07:30,0.0,"{""type"":""MultiPoint"",""coordinates"":[]}"
20241110080000,2024-11-10 08:00,0.0,"{""type"":""MultiPoint"",""coordinates"":[]}"
20241110083000,2024-11-10 08:30,0.0,"{""type"":""MultiPoint"",""coordinates"":[]}"
20241110090000,2024-11-10 09:00,0.0,"{""type"":""MultiPoint"",""coordinates"":[]}"
20241110093000,2024-11-10 09:30,0.0,"{""type"":""MultiPoint"",""coordinates"":[]}"
20241110100000,2024-11-10 10:00,0.0,"{""type"":""MultiPoint"",""coordinates"":[]}"
20241110103000,2024-11-10 10:30,0.0,"{""type"":""MultiPoint"",""coordinates"":[]}"
20241110110000,2024-11-10 11:00,0.0,"{""type"":""MultiPoint"",""coordinates"":[]}"
20241110113000,2024-11-10 11:30,0.0,"{""type"":""MultiPoint"",""coordinates"":[]}"
20241110120000,2024-11-10 12:00,0.0,"{""type"":""MultiPoint"",""coordinates"":[]}"
20241110123000,2024-11-10 12:30,1.100000023841858,"{""type"":""MultiPoint"",""coordinates"":[]}"
20241110130000,2024-11-10 13:00,1.100000023841858,"{""type"":""MultiPoint"",""coordinates"":[]}"
20241110133000,2024-11-10 13:30,0.0,"{""type"":""MultiPoint"",""coordinates"":[]}"
20241110140000,2024-11-10 14:00,0.0,"{""type"":""MultiPoint"",""coordinates"":[]}"
20241110143000,2024-11-10 14:30,0.0,"{""type"":""MultiPoint"",""coordinates"":[]}"
20241110150000,2024-11-10 15:00,0.0,"{""type"":""MultiPoint"",""coordinates"":[]}"
20241110153000,2024-11-10 15:30,0.0,"{""type"":""MultiPoint"",""coordinates"":[]}"
20241110160000,2024-11-10 16:00,0.0,"{""type"":""MultiPoint"",""coordinates"":[]}"
20241110163000,2024-11-10 16:30,0.0,"{""type"":""MultiPoint"",""coordinates"":[]}"
20241110170000,2024-11-10 17:00,0.0,"{""type"":""MultiPoint"",""coordinates"":[]}"
20241110173000,2024-11-10 17:30,0.0,"{""type"":""MultiPoint"",""coordinates"":[]}"
20241110180000,2024-11-10 18:00,0.0,"{""type"":""MultiPoint"",""coordinates"":[]}"
20241110183000,2024-11-10 18:30,0.0,"{""type"":""MultiPoint"",""coordinates"":[]}"
20241110190000,2024-11-10 19:00,0.0,"{""type"":""MultiPoint"",""coordinates"":[]}"
20241110193000,2024-11-10 19:30,0.0,"{""type"":""MultiPoint"",""coordinates"":[]}"
20241110200000,2024-11-10 20:00,0.0,"{""type"":""MultiPoint"",""coordinates"":[]}"
20241110203000,2024-11-10 20:30,0.0,"{""type"":""MultiPoint"",""coordinates"":[]}"
20241110210000,2024-11-10 21:00,0.0,"{""type"":""MultiPoint"",""coordinates"":[]}"
20241110213000,2024-11-10 21:30,0.0,"{""type"":""MultiPoint"",""coordinates"":[]}"
20241110220000,2024-11-10 22:00,0.0,"{""type"":""MultiPoint"",""coordinates"":[]}"
20241110223000,2024-11-10 22:30,0.0,"{""type"":""MultiPoint"",""coordinates"":[]}"
20241110230000,2024-11-10 23:00,0.0,"{""type"":""MultiPoint"",""coordinates"":[]}"
20241110233000,2024-11-10 23:30,0.0,"{""type"":""MultiPoint"",""coordinates"":[]}"
20241111000000,2024-11-11 00:00,0.0,"{""type"":""MultiPoint"",""coordinates"":[]}"
20241111003000,2024-11-11 00:30,0.0,"{""type"":""MultiPoint"",""coordinates"":[]}"
20241111010000,2024-11-11 01:00,0.9399999976158142,"{""type"":""MultiPoint"",""coordinates"":[]}"
20241111013000,2024-11-11 01:30,0.0,"{""type"":""MultiPoint"",""coordinates"":[]}"
20241111020000,2024-11-11 02:00,0.0,"{""type"":""MultiPoint"",""coordinates"":[]}"
20241111023000,2024-11-11 02:30,0.0,"{""type"":""MultiPoint"",""coordinates"":[]}"
20241111030000,2024-11-11 03:00,0.0,"{""type"":""MultiPoint"",""coordinates"":[]}"
20241111033000,2024-11-11 03:30,0.0,"{""type"":""MultiPoint"",""coordinates"":[]}"
20241111040000,2024-11-11 04:00,0.0,"{""type"":""MultiPoint"",""coordinates"":[]}"
20241111043000,2024-11-11 04:30,0.0,"{""type"":""MultiPoint"",""coordinates"":[]}"
20241111050000,2024-11-11 05:00,0.0,"{""type"":""MultiPoint"",""coordinates"":[]}"
20241111053000,2024-11-11 05:30,0.0,"{""type"":""MultiPoint"",""coordinates"":[]}"
20241111060000,2024-11-11 06:00,0.0,"{""type"":""MultiPoint"",""coordinates"":[]}"
20241111063000,2024-11-11 06:30,0.0,"{""type"":""MultiPoint"",""coordinates"":[]}"
20241111070000,2024-11-11 07:00,0.0,"{""type"":""MultiPoint"",""coordinates"":[]}"
20241111073000,2024-11-11 07:30,0.0,"{""type"":""MultiPoint"",""coordinates"":[]}"
20241111080000,2024-11-11 08:00,0.0,"{""type"":""MultiPoint"",""coordinates"":[]}"
20241111083000,2024-11-11 08:30,0.0,"{""type"":""MultiPoint"",""coordinates"":[]}"
20241111090000,2024-11-11 09:00,0.0,"{""type"":""MultiPoint"",""coordinates"":[]}"
20241111093000,2024-11-11 09:30,0.0,"{""type"":""MultiPoint"",""coordinates"":[]}"
20241111100000,2024-11-11 10:00,0.0,"{""type"":""MultiPoint"",""coordinates"":[]}"
20241111103000,2024-11-11 10:30,0.0,"{""type"":""MultiPoint"",""coordinates"":[]}"
20241111110000,2024-11-11 11:00,0.0,"{""type"":""MultiPoint"",""coordinates"":[]}"
20241111113000,2024-11-11 11:30,0.0,"{""type"":""MultiPoint"",""coordinates"":[]}"
20241111120000,2024-11-11 12:00,0.0,"{""type"":""MultiPoint"",""coordinates"":[]}"
20241111123000,2024-11-11 12:30,0.0,"{""type"":""MultiPoint"",""coordinates"":[]}"
20241111130000,2024-11-11 13:00,0.0,"{""type"":""MultiPoint"",""coordinates"":[]}"
20241111133000,2024-11-11 13:30,0.0,"{""type"":""MultiPoint"",""coordinates"":[]}"
20241111140000,2024-11-11 14:00,0.0,"{""type"":""MultiPoint"",""coordinates"":[]}"
20241111143000,2024-11-11 14:30,0.0,"{""type"":""MultiPoint"",""coordinates"":[]}"
20241111150000,2024-11-11 15:00,0.0,"{""type"":""MultiPoint"",""coordinates"":[]}"
20241111153000,2024-11-11 15:30,0.0,"{""type"":""MultiPoint"",""coordinates"":[]}"
20241111160000,2024-11-11 16:00,0.0,"{""type"":""MultiPoint"",""coordinates"":[]}"
20241111163000,2024-11-11 16:30,0.0,"{""type"":""MultiPoint"",""coordinates"":[]}"
20241111170000,2024-11-11 17:00,0.0,"{""type"":""MultiPoint"",""coordinates"":[]}"
20241111173000,2024-11-11 17:30,0.0,"{""type"":""MultiPoint"",""coordinates"":[]}"
20241111180000,2024-11-11 18:00,0.0,"{""type"":""MultiPoint"",""coordinates"":[]}"
20241111183000,2024-11-11 18:30,0.0,"{""type"":""MultiPoint"",""coordinates"":[]}"
20241111190000,2024-11-11 19:00,0.0,"{""type"":""MultiPoint"",""coordinates"":[]}"
20241111193000,2024-11-11 19:30,0.0,"{""type"":""MultiPoint"",""coordinates"":[]}"
20241111200000,2024-11-11 20:00,0.0,"{""type"":""MultiPoint"",""coordinates"":[]}"
20241111203000,2024-11-11 20:30,0.0,"{""type"":""MultiPoint"",""coordinates"":[]}"
20241111210000,2024-11-11 21:00,0.0,"{""type"":""MultiPoint"",""coordinates"":[]}"
20241111213000,2024-11-11 21:30,0.0,"{""type"":""MultiPoint"",""coordinates"":[]}"
20241111220000,2024-11-11 22:00,0.0,"{""type"":""MultiPoint"",""coordinates"":[]}"
20241111223000,2024-11-11 22:30,0.0,"{""type"":""MultiPoint"",""coordinates"":[]}"
20241111230000,2024-11-11 23:00,0.0,"{""type"":""MultiPoint"",""coordinates"":[]}"
20241111233000,2024-11-11 23:30,0.0,"{""type"":""MultiPoint"",""coordinates"":[]}"
20241112000000,2024-11-12 00:00,0.0,"{""type"":""MultiPoint"",""coordinates"":[]}"
20241112003000,2024-11-12 00:30,0.0,"{""type"":""MultiPoint"",""coordinates"":[]}"
20241112010000,2024-11-12 01:00,0.0,"{""type"":""MultiPoint"",""coordinates"":[]}"
20241112013000,2024-11-12 01:30,0.0,"{""type"":""MultiPoint"",""coordinates"":[]}"
20241112020000,2024-11-12 02:00,0.0,"{""type"":""MultiPoint"",""coordinates"":[]}"
20241112023000,2024-11-12 02:30,0.0,"{""type"":""MultiPoint"",""coordinates"":[]}"
20241112030000,2024-11-12 03:00,0.0,"{""type"":""MultiPoint"",""coordinates"":[]}"
20241112033000,2024-11-12 03:30,0.0,"{""type"":""MultiPoint"",""coordinates"":[]}"
20241112040000,2024-11-12 04:00,0.0,"{""type"":""MultiPoint"",""coordinates"":[]}"
20241112043000,2024-11-12 04:30,0.0,"{""type"":""MultiPoint"",""coordinates"":[]}"
20241112050000,2024-11-12 05:00,0.0,"{""type"":""MultiPoint"",""coordinates"":[]}"
20241112053000,2024-11-12 05:30,0.0,"{""type"":""MultiPoint"",""coordinates"":[]}"
20241112060000,2024-11-12 06:00,0.0,"{""type"":""MultiPoint"",""coordinates"":[]}"
20241112063000,2024-11-12 06:30,0.0,"{""type"":""MultiPoint"",""coordinates"":[]}"
20241112070000,2024-11-12 07:00,0.0,"{""type"":""MultiPoint"",""coordinates"":[]}"
20241112073000,2024-11-12 07:30,0.0,"{""type"":""MultiPoint"",""coordinates"":[]}"
20241112080000,2024-11-12 08:00,0.0,"{""type"":""MultiPoint"",""coordinates"":[]}"
20241112083000,2024-11-12 08:30,0.0,"{""type"":""MultiPoint"",""coordinates"":[]}"
20241112090000,2024-11-12 09:00,0.0,"{""type"":""MultiPoint"",""coordinates"":[]}"
20241112093000,2024-11-12 09:30,0.0,"{""type"":""MultiPoint"",""coordinates"":[]}"
20241112100000,2024-11-12 10:00,0.0,"{""type"":""MultiPoint"",""coordinates"":[]}"
20241112103000,2024-11-12 10:30,0.0,"{""type"":""MultiPoint"",""coordinates"":[]}"
20241112110000,2024-11-12 11:00,0.0,"{""type"":""MultiPoint"",""coordinates"":[]}"
20241112113000,2024-11-12 11:30,0.0,"{""type"":""MultiPoint"",""coordinates"":[]}"
20241112120000,2024-11-12 12:00,0.0,"{""type"":""MultiPoint"",""coordinates"":[]}"
20241112123000,2024-11-12 12:30,0.07000000029802322,"{""type"":""MultiPoint"",""coordinates"":[]}"
20241112130000,2024-11-12 13:00,0.07000000029802322,"{""type"":""MultiPoint"",""coordinates"":[]}"
20241112133000,2024-11-12 13:30,0.0,"{""type"":""MultiPoint"",""coordinates"":[]}"
20241112140000,2024-11-12 14:00,0.0,"{""type"":""MultiPoint"",""coordinates"":[]}"
20241112143000,2024-11-12 14:30,0.0,"{""type"":""MultiPoint"",""coordinates"":[]}"
20241112150000,2024-11-12 15:00,0.0,"{""type"":""MultiPoint"",""coordinates"":[]}"
20241112153000,2024-11-12 15:30,0.0,"{""type"":""MultiPoint"",""coordinates"":[]}"
20241112160000,2024-11-12 16:00,0.0,"{""type"":""MultiPoint"",""coordinates"":[]}"
20241112163000,2024-11-12 16:30,0.0,"{""type"":""MultiPoint"",""coordinates"":[]}"
20241112170000,2024-11-12 17:00,0.0,"{""type"":""MultiPoint"",""coordinates"":[]}"
20241112173000,2024-11-12 17:30,0.0,"{""type"":""MultiPoint"",""coordinates"":[]}"
20241112180000,2024-11-12 18:00,0.0,"{""type"":""MultiPoint"",""coordinates"":[]}"
20241112183000,2024-11-12 18:30,0.0,"{""type"":""MultiPoint"",""coordinates"":[]}"
20241112190000,2024-11-12 19:00,0.0,"{""type"":""MultiPoint"",""coordinates"":[]}"
20241112193000,2024-11-12 19:30,0.0,"{""type"":""MultiPoint"",""coordinates"":[]}"
20241112200000,2024-11-12 20:00,0.0,"{""type"":""MultiPoint"",""coordinates"":[]}"
20241112203000,2024-11-12 20:30,0.0,"{""type"":""MultiPoint"",""coordinates"":[]}"
20241112210000,2024-11-12 21:00,0.0,"{""type"":""MultiPoint"",""coordinates"":[]}"
20241112213000,2024-11-12 21:30,0.0,"{""type"":""MultiPoint"",""coordinates"":[]}"
20241112220000,2024-11-12 22:00,0.0,"{""type"":""MultiPoint"",""coordinates"":[]}"
20241112223000,2024-11-12 22:30,0.0,"{""type"":""MultiPoint"",""coordinates"":[]}"
20241112230000,2024-11-12 23:00,0.0,"{""type"":""MultiPoint"",""coordinates"":[]}"
20241112233000,2024-11-12 23:30,0.0,"{""type"":""MultiPoint"",""coordinates"":[]}"
20241113000000,2024-11-13 00:00,1.7699999809265137,"{""type"":""MultiPoint"",""coordinates"":[]}"
20241113003000,2024-11-13 00:30,1.7699999809265137,"{""type"":""MultiPoint"",""coordinates"":[]}"
20241113010000,2024-11-13 01:00,1.7699999809265137,"{""type"":""MultiPoint"",""coordinates"":[]}"
20241113013000,2024-11-13 01:30,0.0,"{""type"":""MultiPoint"",""coordinates"":[]}"
20241113020000,2024-11-13 02:00,0.0,"{""type"":""MultiPoint"",""coordinates"":[]}"
20241113023000,2024-11-13 02:30,0.0,"{""type"":""MultiPoint"",""coordinates"":[]}"
20241113030000,2024-11-13 03:00,0.0,"{""type"":""MultiPoint"",""coordinates"":[]}"
20241113033000,2024-11-13 03:30,0.0,"{""type"":""MultiPoint"",""coordinates"":[]}"
20241113040000,2024-11-13 04:00,0.0,"{""type"":""MultiPoint"",""coordinates"":[]}"
20241113043000,2024-11-13 04:30,0.0,"{""type"":""MultiPoint"",""coordinates"":[]}"
20241113050000,2024-11-13 05:00,0.0,"{""type"":""MultiPoint"",""coordinates"":[]}"
20241113053000,2024-11-13 05:30,0.0,"{""type"":""MultiPoint"",""coordinates"":[]}"
20241113060000,2024-11-13 06:00,0.0,"{""type"":""MultiPoint"",""coordinates"":[]}"
20241113063000,2024-11-13 06:30,0.0,"{""type"":""MultiPoint"",""coordinates"":[]}"
20241113070000,2024-11-13 07:00,0.0,"{""type"":""MultiPoint"",""coordinates"":[]}"
20241113073000,2024-11-13 07:30,0.0,"{""type"":""MultiPoint"",""coordinates"":[]}"
20241113080000,2024-11-13 08:00,0.0,"{""type"":""MultiPoint"",""coordinates"":[]}"
20241113083000,2024-11-13 08:30,0.0,"{""type"":""MultiPoint"",""coordinates"":[]}"
20241113090000,2024-11-13 09:00,0.0,"{""type"":""MultiPoint"",""coordinates"":[]}"
20241113093000,2024-11-13 09:30,0.0,"{""type"":""MultiPoint"",""coordinates"":[]}"
20241113100000,2024-11-13 10:00,0.0,"{""type"":""MultiPoint"",""coordinates"":[]}"
20241113103000,2024-11-13 10:30,0.0,"{""type"":""MultiPoint"",""coordinates"":[]}"
20241113110000,2024-11-13 11:00,0.0,"{""type"":""MultiPoint"",""coordinates"":[]}"
20241113113000,2024-11-13 11:30,0.0,"{""type"":""MultiPoint"",""coordinates"":[]}"
20241113120000,2024-11-13 12:00,0.0,"{""type"":""MultiPoint"",""coordinates"":[]}"
20241113123000,2024-11-13 12:30,0.0,"{""type"":""MultiPoint"",""coordinates"":[]}"
20241113130000,2024-11-13 13:00,0.0,"{""type"":""MultiPoint"",""coordinates"":[]}"
20241113133000,2024-11-13 13:30,0.0,"{""type"":""MultiPoint"",""coordinates"":[]}"
20241113140000,2024-11-13 14:00,0.0,"{""type"":""MultiPoint"",""coordinates"":[]}"
20241113143000,2024-11-13 14:30,0.0,"{""type"":""MultiPoint"",""coordinates"":[]}"
20241113150000,2024-11-13 15:00,0.0,"{""type"":""MultiPoint"",""coordinates"":[]}"
20241113153000,2024-11-13 15:30,0.0,"{""type"":""MultiPoint"",""coordinates"":[]}"
20241113160000,2024-11-13 16:00,0.0,"{""type"":""MultiPoint"",""coordinates"":[]}"
20241113163000,2024-11-13 16:30,0.0,"{""type"":""MultiPoint"",""coordinates"":[]}"
20241113170000,2024-11-13 17:00,0.0,"{""type"":""MultiPoint"",""coordinates"":[]}"
20241113173000,2024-11-13 17:30,0.0,"{""type"":""MultiPoint"",""coordinates"":[]}"
20241113180000,2024-11-13 18:00,0.0,"{""type"":""MultiPoint"",""coordinates"":[]}"
20241113183000,2024-11-13 18:30,0.0,"{""type"":""MultiPoint"",""coordinates"":[]}"
20241113190000,2024-11-13 19:00,0.0,"{""type"":""MultiPoint"",""coordinates"":[]}"
20241113193000,2024-11-13 19:30,0.0,"{""type"":""MultiPoint"",""coordinates"":[]}"
20241113200000,2024-11-13 20:00,0.0,"{""type"":""MultiPoint"",""coordinates"":[]}"
20241113203000,2024-11-13 20:30,0.0,"{""type"":""MultiPoint"",""coordinates"":[]}"
20241113210000,2024-11-13 21:00,0.0,"{""type"":""MultiPoint"",""coordinates"":[]}"
20241113213000,2024-11-13 21:30,0.0,"{""type"":""MultiPoint"",""coordinates"":[]}"
20241113220000,2024-11-13 22:00,0.0,"{""type"":""MultiPoint"",""coordinates"":[]}"
20241113223000,2024-11-13 22:30,0.0,"{""type"":""MultiPoint"",""coordinates"":[]}"
20241113230000,2024-11-13 23:00,0.0,"{""type"":""MultiPoint"",""coordinates"":[]}"
20241113233000,2024-11-13 23:30,0.0,"{""type"":""MultiPoint"",""coordinates"":[]}"
20241114000000,2024-11-14 00:00,0.0,"{""type"":""MultiPoint"",""coordinates"":[]}"
20241114003000,2024-11-14 00:30,0.0,"{""type"":""MultiPoint"",""coordinates"":[]}"
20241114010000,2024-11-14 01:00,0.0,"{""type"":""MultiPoint"",""coordinates"":[]}"
20241114013000,2024-11-14 01:30,0.0,"{""type"":""MultiPoint"",""coordinates"":[]}"
20241114020000,2024-11-14 02:00,0.0,"{""type"":""MultiPoint"",""coordinates"":[]}"
20241114023000,2024-11-14 02:30,0.0,"{""type"":""MultiPoint"",""coordinates"":[]}"
20241114030000,2024-11-14 03:00,0.0,"{""type"":""MultiPoint"",""coordinates"":[]}"
20241114033000,2024-11-14 03:30,0.0,"{""type"":""MultiPoint"",""coordinates"":[]}"
20241114040000,2024-11-14 04:00,0.0,"{""type"":""MultiPoint"",""coordinates"":[]}"
20241114043000,2024-11-14 04:30,0.0,"{""type"":""MultiPoint"",""coordinates"":[]}"
20241114050000,2024-11-14 05:00,0.0,"{""type"":""MultiPoint"",""coordinates"":[]}"
20241114053000,2024-11-14 05:30,0.0,"{""type"":""MultiPoint"",""coordinates"":[]}"
20241114060000,2024-11-14 06:00,0.0,"{""type"":""MultiPoint"",""coordinates"":[]}"
20241114063000,2024-11-14 06:30,0.0,"{""type"":""MultiPoint"",""coordinates"":[]}"
20241114070000,2024-11-14 07:00,0.0,"{""type"":""MultiPoint"",""coordinates"":[]}"
20241114073000,2024-11-14 07:30,0.0,"{""type"":""MultiPoint"",""coordinates"":[]}"
20241114080000,2024-11-14 08:00,0.0,"{""type"":""MultiPoint"",""coordinates"":[]}"
20241114083000,2024-11-14 08:30,0.0,"{""type"":""MultiPoint"",""coordinates"":[]}"
20241114090000,2024-11-14 09:00,0.0,"{""type"":""MultiPoint"",""coordinates"":[]}"
20241114093000,2024-11-14 09:30,0.0,"{""type"":""MultiPoint"",""coordinates"":[]}"
20241114100000,2024-11-14 10:00,0.0,"{""type"":""MultiPoint"",""coordinates"":[]}"
20241114103000,2024-11-14 10:30,0.0,"{""type"":""MultiPoint"",""coordinates"":[]}"
20241114110000,2024-11-14 11:00,0.0,"{""type"":""MultiPoint"",""coordinates"":[]}"
20241114113000,2024-11-14 11:30,0.0,"{""type"":""MultiPoint"",""coordinates"":[]}"
20241114120000,2024-11-14 12:00,0.05999999865889549,"{""type"":""MultiPoint"",""coordinates"":[]}"
20241114123000,2024-11-14 12:30,0.0,"{""type"":""MultiPoint"",""coordinates"":[]}"
20241114130000,2024-11-14 13:00,0.0,"{""type"":""MultiPoint"",""coordinates"":[]}"
20241114133000,2024-11-14 13:30,0.0,"{""type"":""MultiPoint"",""coordinates"":[]}"
20241114140000,2024-11-14 14:00,0.0,"{""type"":""MultiPoint"",""coordinates"":[]}"
20241114143000,2024-11-14 14:30,0.0,"{""type"":""MultiPoint"",""coordinates"":[]}"
20241114150000,2024-11-14 15:00,0.0,"{""type"":""MultiPoint"",""coordinates"":[]}"
20241114153000,2024-11-14 15:30,0.0,"{""type"":""MultiPoint"",""coordinates"":[]}"
20241114160000,2024-11-14 16:00,0.0,"{""type"":""MultiPoint"",""coordinates"":[]}"
20241114163000,2024-11-14 16:30,0.0,"{""type"":""MultiPoint"",""coordinates"":[]}"
20241114170000,2024-11-14 17:00,0.0,"{""type"":""MultiPoint"",""coordinates"":[]}"
20241114173000,2024-11-14 17:30,0.0,"{""type"":""MultiPoint"",""coordinates"":[]}"
20241114180000,2024-11-14 18:00,0.0,"{""type"":""MultiPoint"",""coordinates"":[]}"
20241114183000,2024-11-14 18:30,0.0,"{""type"":""MultiPoint"",""coordinates"":[]}"
20241114190000,2024-11-14 19:00,0.0,"{""type"":""MultiPoint"",""coordinates"":[]}"
20241114193000,2024-11-14 19:30,0.0,"{""type"":""MultiPoint"",""coordinates"":[]}"
20241114200000,2024-11-14 20:00,0.0,"{""type"":""MultiPoint"",""coordinates"":[]}"
20241114203000,2024-11-14 20:30,0.0,"{""type"":""MultiPoint"",""coordinates"":[]}"
20241114210000,2024-11-14 21:00,0.0,"{""type"":""MultiPoint"",""coordinates"":[]}"
20241114213000,2024-11-14 21:30,0.0,"{""type"":""MultiPoint"",""coordinates"":[]}"
20241114220000,2024-11-14 22:00,0.0,"{""type"":""MultiPoint"",""coordinates"":[]}"
20241114223000,2024-11-14 22:30,0.0,"{""type"":""MultiPoint"",""coordinates"":[]}"
20241114230000,2024-11-14 23:00,0.0,"{""type"":""MultiPoint"",""coordinates"":[]}"
20241114233000,2024-11-14 23:30,0.0,"{""type"":""MultiPoint"",""coordinates"":[]}"
20241115000000,2024-11-15 00:00,0.0,"{""type"":""MultiPoint"",""coordinates"":[]}"
20241115003000,2024-11-15 00:30,0.0,"{""type"":""MultiPoint"",""coordinates"":[]}"
20241115010000,2024-11-15 01:00,0.0,"{""type"":""MultiPoint"",""coordinates"":[]}"
20241115013000,2024-11-15 01:30,0.0,"{""type"":""MultiPoint"",""coordinates"":[]}"
20241115020000,2024-11-15 02:00,0.0,"{""type"":""MultiPoint"",""coordinates"":[]}"
20241115023000,2024-11-15 02:30,0.0,"{""type"":""MultiPoint"",""coordinates"":[]}"
20241115030000,2024-11-15 03:00,0.0,"{""type"":""MultiPoint"",""coordinates"":[]}"
20241115033000,2024-11-15 03:30,0.0,"{""type"":""MultiPoint"",""coordinates"":[]}"
20241115040000,2024-11-15 04:00,0.0,"{""type"":""MultiPoint"",""coordinates"":[]}"
20241115043000,2024-11-15 04:30,0.0,"{""type"":""MultiPoint"",""coordinates"":[]}"
20241115050000,2024-11-15 05:00,0.0,"{""type"":""MultiPoint"",""coordinates"":[]}"
20241115053000,2024-11-15 05:30,0.0,"{""type"":""MultiPoint"",""coordinates"":[]}"
20241115060000,2024-11-15 06:00,0.0,"{""type"":""MultiPoint"",""coordinates"":[]}"
20241115063000,2024-11-15 06:30,0.0,"{""type"":""MultiPoint"",""coordinates"":[]}"
20241115070000,2024-11-15 07:00,0.0,"{""type"":""MultiPoint"",""coordinates"":[]}"
20241115073000,2024-11-15 07:30,0.0,"{""type"":""MultiPoint"",""coordinates"":[]}"
20241115080000,2024-11-15 08:00,0.0,"{""type"":""MultiPoint"",""coordinates"":[]}"
20241115083000,2024-11-15 08:30,0.0,"{""type"":""MultiPoint"",""coordinates"":[]}"
20241115090000,2024-11-15 09:00,0.0,"{""type"":""MultiPoint"",""coordinates"":[]}"
20241115093000,2024-11-15 09:30,0.0,"{""type"":""MultiPoint"",""coordinates"":[]}"
20241115100000,2024-11-15 10:00,0.0,"{""type"":""MultiPoint"",""coordinates"":[]}"
20241115103000,2024-11-15 10:30,0.0,"{""type"":""MultiPoint"",""coordinates"":[]}"
20241115110000,2024-11-15 11:00,0.0,"{""type"":""MultiPoint"",""coordinates"":[]}"
20241115113000,2024-11-15 11:30,0.0,"{""type"":""MultiPoint"",""coordinates"":[]}"
20241115120000,2024-11-15 12:00,0.0,"{""type"":""MultiPoint"",""coordinates"":[]}"
20241115123000,2024-11-15 12:30,0.0,"{""type"":""MultiPoint"",""coordinates"":[]}"
20241115130000,2024-11-15 13:00,0.0,"{""type"":""MultiPoint"",""coordinates"":[]}"
20241115133000,2024-11-15 13:30,0.0,"{""type"":""MultiPoint"",""coordinates"":[]}"
20241115140000,2024-11-15 14:00,0.0,"{""type"":""MultiPoint"",""coordinates"":[]}"
20241115143000,2024-11-15 14:30,0.0,"{""type"":""MultiPoint"",""coordinates"":[]}"
20241115150000,2024-11-15 15:00,0.0,"{""type"":""MultiPoint"",""coordinates"":[]}"
20241115153000,2024-11-15 15:30,0.0,"{""type"":""MultiPoint"",""coordinates"":[]}"
20241115160000,2024-11-15 16:00,0.0,"{""type"":""MultiPoint"",""coordinates"":[]}"
20241115163000,2024-11-15 16:30,0.0,"{""type"":""MultiPoint"",""coordinates"":[]}"
20241115170000,2024-11-15 17:00,0.0,"{""type"":""MultiPoint"",""coordinates"":[]}"
20241115173000,2024-11-15 17:30,0.0,"{""type"":""MultiPoint"",""coordinates"":[]}"
20241115180000,2024-11-15 18:00,0.0,"{""type"":""MultiPoint"",""coordinates"":[]}"
20241115183000,2024-11-15 18:30,0.0,"{""type"":""MultiPoint"",""coordinates"":[]}"
20241115190000,2024-11-15 19:00,0.0,"{""type"":""MultiPoint"",""coordinates"":[]}"
20241115193000,2024-11-15 19:30,0.0,"{""type"":""MultiPoint"",""coordinates"":[]}"
20241115200000,2024-11-15 20:00,0.0,"{""type"":""MultiPoint"",""coordinates"":[]}"
20241115203000,2024-11-15 20:30,0.0,"{""type"":""MultiPoint"",""coordinates"":[]}"
20241115210000,2024-11-15 21:00,0.0,"{""type"":""MultiPoint"",""coordinates"":[]}"
20241115213000,2024-11-15 21:30,0.0,"{""type"":""MultiPoint"",""coordinates"":[]}"
20241115220000,2024-11-15 22:00,0.0,"{""type"":""MultiPoint"",""coordinates"":[]}"
20241115223000,2024-11-15 22:30,0.0,"{""type"":""MultiPoint"",""coordinates"":[]}"
20241115230000,2024-11-15 23:00,0.0,"{""type"":""MultiPoint"",""coordinates"":[]}"
20241115233000,2024-11-15 23:30,0.0,"{""type"":""MultiPoint"",""coordinates"":[]}"
