{
  "type": "FeatureCollection",
  "features": [
    {
      "type": "Feature",
      "properties": {
        "feature_type": "approximate_locality",
        "name": "Kalari Abdu"
      },
      "geometry": {
        "type": "Point",
        "coordinates": [
          13.28467,
          11.736779999999996
        ]
      }
    },
    {
      "type": "Feature",
      "properties": {
        "feature_type": "study_boundary",
        "radius_km": 5,
        "area_km2": 78.5378450286073
      },
      "geometry": {
        "type": "Polygon",
        "coordinates": [
          [
            [
              13.330536778229705,
              11.737051654230521
            ],
            [
              13.33053666158335,
              11.73649697940226
            ],
            [
              13.330529637373905,
              11.73594234773278
            ],
            [
              13.330515706700762,
              11.735387842752717
            ],
            [
              13.330494871703493,
              11.734833547973126
            ],
            [
              13.330467135561518,
              11.734279546872903
            ],
            [
              13.330432502493586,
              11.733725922886219
            ],
            [
              13.330390977757123,
              11.733172759389952
            ],
            [
              13.33034256764741,
              11.73262013969112
            ],
            [
              13.330287279496615,
              11.732068147014346
            ],
            [
              13.330225121672663,
              11.731516864489311
            ],
            [
              13.330156103577945,
              11.730966375138253
            ],
            [
              13.330080235647882,
              11.730416761863442
            ],
            [
              13.329997529349331,
              11.729868107434699
            ],
            [
              13.329907997178823,
              11.729320494476957
            ],
            [
              13.329811652660672,
              11.728774005457774
            ],
            [
              13.329708510344897,
              11.728228722674949
            ],
            [
              13.329598585805016,
              11.727684728244128
            ],
            [
              13.329481895635674,
              11.727142104086415
            ],
            [
              13.329358457450121,
              11.726600931916057
            ],
            [
              13.329228289877536,
              11.726061293228135
            ],
            [
              13.329091412560194,
              11.72552326928629
            ],
            [
              13.328947846150479,
              11.72498694111049
            ],
            [
              13.328797612307772,
              11.724452389464835
            ],
            [
              13.328640733695138,
              11.72391969484539
            ],
            [
              13.328477233975915,
              11.72338893746807
            ],
            [
              13.328307137810103,
              11.722860197256566
            ],
            [
              13.328130470850653,
              11.722333553830307
            ],
            [
              13.327947259739561,
              11.721809086492481
            ],
            [
              13.327757532103847,
              11.721286874218084
            ],
            [
              13.327561316551368,
              11.720766995642048
            ],
            [
              13.327358642666486,
              11.720249529047386
            ],
            [
              13.327149541005594,
              11.71973455235343
            ],
            [
              13.3269340430925,
              11.719222143104082
            ],
            [
              13.326712181413646,
              11.718712378456157
            ],
            [
              13.326483989413209,
              11.718205335167754
            ],
            [
              13.326249501488034,
              11.717701089586722
            ],
            [
              13.326008752982446,
              11.717199717639147
            ],
            [
              13.3257617801829,
              11.71670129481795
            ],
            [
              13.325508620312496,
              11.7162058961715
            ],
            [
              13.32524931152537,
              11.715713596292337
            ],
            [
              13.324983892900915,
              11.715224469305944
            ],
            [
              13.324712404437884,
              11.714738588859579
            ],
            [
              13.324434887048353,
              11.714256028111203
            ],
            [
              13.32415138255154,
              11.71377685971848
            ],
            [
              13.323861933667498,
              11.713301155827823
            ],
            [
              13.323566584010651,
              11.712828988063547
            ],
            [
              13.323265378083232,
              11.712360427517108
            ],
            [
              13.322958361268551,
              11.711895544736366
            ],
            [
              13.322645579824156,
              11.711434409715016
            ],
            [
              13.322327080874846,
              11.710977091882016
            ],
            [
              13.322002912405575,
              11.710523660091182
            ],
            [
              13.321673123254191,
              11.710074182610796
            ],
            [
              13.321337763104097,
              11.709628727113346
            ],
            [
              13.320996882476733,
              11.709187360665345
            ],
            [
              13.32065053272398,
              11.708750149717247
            ],
            [
              13.320298766020393,
              11.70831716009344
            ],
            [
              13.319941635355358,
              11.707888456982358
            ],
            [
              13.319579194525089,
              11.707464104926657
            ],
            [
              13.319211498124513,
              11.707044167813518
            ],
            [
              13.318838601539067,
              11.706628708865034
            ],
            [
              13.31846056093632,
              11.706217790628706
            ],
            [
              13.31807743325752,
              11.705811474968026
            ],
            [
              13.31768927620902,
              11.705409823053174
            ],
            [
              13.317296148253575,
              11.70501289535182
            ],
            [
              13.316898108601535,
              11.704620751620034
            ],
            [
              13.316495217201922,
              11.70423345089328
            ],
            [
              13.316087534733395,
              11.703851051477574
            ],
            [
              13.315675122595131,
              11.703473610940675
            ],
            [
              13.315258042897543,
              11.70310118610345
            ],
            [
              13.314836358452952,
              11.702733833031317
            ],
            [
              13.314410132766112,
              11.70237160702584
            ],
            [
              13.313979430024656,
              11.702014562616375
            ],
            [
              13.313544315089418,
              11.701662753551899
            ],
            [
              13.31310485348468,
              11.701316232792912
            ],
            [
              13.312661111388296,
              11.700975052503495
            ],
            [
              13.312213155621727,
              11.700639264043433
            ],
            [
              13.31176105363999,
              11.700308917960522
            ],
            [
              13.311304873521498,
              11.699984063982951
            ],
            [
              13.310844683957805,
              11.699664751011849
            ],
            [
              13.31038055424328,
              11.699351027113895
            ],
            [
              13.309912554264658,
              11.699042939514136
            ],
            [
              13.309440754490543,
              11.698740534588849
            ],
            [
              13.308965225960785,
              11.698443857858585
            ],
            [
              13.308486040275794,
              11.69815295398134
            ],
            [
              13.308003269585765,
              11.697867866745817
            ],
            [
              13.307516986579822,
              11.697588639064863
            ],
            [
              13.30702726447508,
              11.697315312968996
            ],
            [
              13.306534177005624,
              11.697047929600117
            ],
            [
              13.306037798411417,
              11.696786529205305
            ],
            [
              13.30553820342713,
              11.696531151130769
            ],
            [
              13.305035467270905,
              11.696281833815954
            ],
            [
              13.304529665633021,
              11.696038614787724
            ],
            [
              13.304020874664529,
              11.695801530654778
            ],
            [
              13.303509170965782,
              11.695570617102089
            ],
            [
              13.302994631574911,
              11.695345908885589
            ],
            [
              13.302477333956254,
              11.695127439826917
            ],
            [
              13.301957355988684,
              11.69491524280835
            ],
            [
              13.301434775953906,
              11.694709349767855
            ],
            [
              13.300909672524677,
              11.694509791694301
            ],
            [
              13.300382124752986,
              11.694316598622784
            ],
            [
              13.29985221205815,
              11.694129799630138
            ],
            [
              13.299320014214876,
              11.693949422830547
            ],
            [
              13.298785611341271,
              11.693775495371328
            ],
            [
              13.298249083886784,
              11.693608043428862
            ],
            [
              13.297710512620109,
              11.693447092204632
            ],
            [
              13.297169978617049,
              11.693292665921483
            ],
            [
              13.296627563248315,
              11.693144787819945
            ],
            [
              13.296083348167294,
              11.693003480154763
            ],
            [
              13.295537415297773,
              11.692868764191534
            ],
            [
              13.294989846821624,
              11.692740660203544
            ],
            [
              13.29444072516644,
              11.692619187468699
            ],
            [
              13.29389013299315,
              11.69250436426664
            ],
            [
              13.293338153183583,
              11.692396207875987
            ],
            [
              13.292784868828017,
              11.692294734571773
            ],
            [
              13.292230363212681,
              11.692199959622956
            ],
            [
              13.291674719807238,
              11.692111897290179
            ],
            [
              13.291118022252231,
              11.692030560823582
            ],
            [
              13.290560354346516,
              11.69195596246085
            ],
            [
              13.29000180003466,
              11.691888113425355
            ],
            [
              13.289442443394327,
              11.691827023924484
            ],
            [
              13.288882368623634,
              11.691772703148091
            ],
            [
              13.288321660028497,
              11.691725159267147
            ],
            [
              13.287760402009956,
              11.691684399432482
            ],
            [
              13.287198679051496,
              11.691650429773752
            ],
            [
              13.286636575706336,
              11.691623255398488
            ],
            [
              13.286074176584728,
              11.691602880391338
            ],
            [
              13.285511566341238,
              11.69158930781347
            ],
            [
              13.284948829662023,
              11.691582539702107
            ],
            [
              13.284386051252088,
              11.69158257707023
            ],
            [
              13.283823315822586,
              11.69158941990641
            ],
            [
              13.283260708078046,
              11.691603067174842
            ],
            [
              13.282698312703673,
              11.691623516815477
            ],
            [
              13.282136214352601,
              11.691650765744356
            ],
            [
              13.281574497633182,
              11.691684809854072
            ],
            [
              13.281013247096256,
              11.691725644014369
            ],
            [
              13.280452547222458,
              11.69177326207296
            ],
            [
              13.279892482409505,
              11.691827656856411
            ],
            [
              13.279333136959522,
              11.691888820171252
            ],
            [
              13.278774595066368,
              11.691956742805198
            ],
            [
              13.27821694080298,
              11.692031414528547
            ],
            [
              13.27766025810874,
              11.692112824095707
            ],
            [
              13.277104630776853,
              11.692200959246902
            ],
            [
              13.276550142441758,
              11.692295806710016
            ],
            [
              13.275996876566555,
              11.692397352202592
            ],
            [
              13.275444916430468,
              11.692505580433965
            ],
            [
              13.274894345116309,
              11.692620475107605
            ],
            [
              13.274345245498008,
              11.692742018923521
            ],
            [
              13.273797700228156,
              11.692870193580891
            ],
            [
              13.273251791725565,
              11.693004979780826
            ],
            [
              13.2727076021629,
              11.693146357229242
            ],
            [
              13.272165213454311,
              11.693294304639945
            ],
            [
              13.271624707243134,
              11.693448799737826
            ],
            [
              13.271086164889612,
              11.693609819262186
            ],
            [
              13.27054966745866,
              11.693777338970278
            ],
            [
              13.270015295707688,
              11.693951333640928
            ],
            [
              13.269483130074466,
              11.69413177707833
            ],
            [
              13.268953250665014,
              11.694318642115999
            ],
            [
              13.268425737241571,
              11.694511900620842
            ],
            [
              13.267900669210619,
              11.694711523497409
            ],
            [
              13.267378125610914,
              11.694917480692247
            ],
            [
              13.266858185101633,
              11.695129741198441
            ],
            [
              13.266340925950528,
              11.69534827306027
            ],
            [
              13.265826426022173,
              11.695573043378008
            ],
            [
              13.265314762766254,
              11.695804018312876
            ],
            [
              13.264806013205915,
              11.696041163092142
            ],
            [
              13.264300253926194,
              11.69628444201433
            ],
            [
              13.263797561062496,
              11.69653381845462
            ],
            [
              13.26329801028915,
              11.696789254870318
            ],
            [
              13.262801676808028,
              11.697050712806531
            ],
            [
              13.262308635337241,
              11.697318152901946
            ],
            [
              13.261818960099895,
              11.69759153489474
            ],
            [
              13.261332724812945,
              11.697870817628633
            ],
            [
              13.26085000267609,
              11.698155959059116
            ],
            [
              13.26037086636078,
              11.698446916259709
            ],
            [
              13.259895387999283,
              11.698743645428467
            ],
            [
              13.259423639173832,
              11.699046101894552
            ],
            [
              13.258955690905863,
              11.69935424012495
            ],
            [
              13.258491613645333,
              11.699668013731317
            ],
            [
              13.258031477260118,
              11.699987375476965
            ],
            [
              13.257575351025514,
              11.700312277283954
            ],
            [
              13.257123303613804,
              11.700642670240322
            ],
            [
              13.256675403083939,
              11.700978504607454
            ],
            [
              13.256231716871287,
              11.701319729827556
            ],
            [
              13.255792311777501,
              11.701666294531249
            ],
            [
              13.255357253960458,
              11.702018146545305
            ],
            [
              13.254926608924313,
              11.702375232900488
            ],
            [
              13.25450044150963,
              11.702737499839532
            ],
            [
              13.254078815883643,
              11.703104892825204
            ],
            [
              13.253661795530588,
              11.703477356548522
            ],
            [
              13.253249443242149,
              11.703854834937065
            ],
            [
              13.252841821108015,
              11.704237271163421
            ],
            [
              13.252438990506528,
              11.704624607653702
            ],
            [
              13.25204101209545,
              11.705016786096248
            ],
            [
              13.251647945802828,
              11.705413747450343
            ],
            [
              13.251259850817979,
              11.705815431955148
            ],
            [
              13.250876785582568,
              11.706221779138643
            ],
            [
              13.250498807781828,
              11.706632727826753
            ],
            [
              13.25012597433585,
              11.707048216152543
            ],
            [
              13.249758341391038,
              11.707468181565499
            ],
            [
              13.249395964311637,
              11.707892560840964
            ],
            [
              13.249038897671399,
              11.708321290089645
            ],
            [
              13.248687195245372,
              11.708754304767204
            ],
            [
              13.248340910001785,
              11.709191539683973
            ],
            [
              13.24800009409409,
              11.709632929014768
            ],
            [
              13.247664798853082,
              11.710078406308785
            ],
            [
              13.247335074779187,
              11.710527904499582
            ],
            [
              13.24701097153484,
              11.71098135591519
            ],
            [
              13.246692537937008,
              11.711438692288269
            ],
            [
              13.246379821949828,
              11.711899844766394
            ],
            [
              13.246072870677386,
              11.712364743922397
            ],
            [
              13.245771730356616,
              11.712833319764826
            ],
            [
              13.245476446350317,
              11.713305501748453
            ],
            [
              13.245187063140335,
              11.713781218784902
            ],
            [
              13.244903624320845,
              11.714260399253336
            ],
            [
              13.244626172591769,
              11.714742971011232
            ],
            [
              13.244354749752365,
              11.715228861405228
            ],
            [
              13.244089396694887,
              11.715717997282066
            ],
            [
              13.243830153398443,
              11.716210304999578
            ],
            [
              13.243577058922952,
              11.716705710437777
            ],
            [
              13.243330151403255,
              11.717204139009997
            ],
            [
              13.243089468043356,
              11.717705515674131
            ],
            [
              13.24285504511081,
              11.71820976494391
            ],
            [
              13.242626917931254,
              11.718716810900244
            ],
            [
              13.242405120883054,
              11.719226577202672
            ],
            [
              13.242189687392145,
              11.71973898710083
            ],
            [
              13.24198064992695,
              11.720253963446003
            ],
            [
              13.241778039993502,
              11.720771428702728
            ],
            [
              13.241581888130662,
              11.72129130496047
            ],
            [
              13.241392223905528,
              11.721813513945326
            ],
            [
              13.241209075908944,
              11.722337977031822
            ],
            [
              13.241032471751188,
              11.72286461525473
            ],
            [
              13.240862438057796,
              11.723393349320961
            ],
            [
              13.240699000465534,
              11.72392409962148
            ],
            [
              13.24054218361852,
              11.72445678624329
            ],
            [
              13.240392011164493,
              11.724991328981478
            ],
            [
              13.240248505751229,
              11.725527647351258
            ],
            [
              13.240111689023117,
              11.726065660600083
            ],
            [
              13.23998158161788,
              11.726605287719822
            ],
            [
              13.239858203163442,
              11.727146447458917
            ],
            [
              13.239741572274955,
              11.727689058334644
            ],
            [
              13.239631706551972,
              11.728233038645334
            ],
            [
              13.23952862257578,
              11.728778306482722
            ],
            [
              13.239432335906875,
              11.729324779744227
            ],
            [
              13.239342861082603,
              11.729872376145336
            ],
            [
              13.239260211614948,
              11.730421013231972
            ],
            [
              13.239184399988464,
              11.730970608392914
            ],
            [
              13.23911543765839,
              11.731521078872234
            ],
            [
              13.239053335048887,
              11.732072341781736
            ],
            [
              13.238998101551452,
              11.732624314113457
            ],
            [
              13.238949745523483,
              11.73317691275213
            ],
            [
              13.238908274286985,
              11.733730054487728
            ],
            [
              13.238873694127456,
              11.734283656027971
            ],
            [
              13.238846010292908,
              11.734837634010857
            ],
            [
              13.238825226993058,
              11.735391905017238
            ],
            [
              13.238811347398668,
              11.735946385583343
            ],
            [
              13.238804373641035,
              11.736500992213374
            ],
            [
              13.238804306811664,
              11.737055641392054
            ],
            [
              13.238811146962059,
              11.73761024959721
            ],
            [
              13.238824893103695,
              11.738164733312347
            ],
            [
              13.238845543208157,
              11.73871900903922
            ],
            [
              13.238873094207399,
              11.73927299331041
            ],
            [
              13.238907541994196,
              11.739826602701877
            ],
            [
              13.238948881422724,
              11.740379753845543
            ],
            [
              13.238997106309325,
              11.740932363441829
            ],
            [
              13.239052209433405,
              11.741484348272193
            ],
            [
              13.23911418253849,
              11.742035625211681
            ],
            [
              13.239183016333456,
              11.742586111241419
            ],
            [
              13.239258700493899,
              11.743135723461151
            ],
            [
              13.239341223663658,
              11.743684379101667
            ],
            [
              13.239430573456508,
              11.74423199553733
            ],
            [
              13.239526736457996,
              11.744778490298474
            ],
            [
              13.239629698227443,
              11.745323781083833
            ],
            [
              13.239739443300081,
              11.745867785772953
            ],
            [
              13.23985595518937,
              11.746410422438554
            ],
            [
              13.23997921638945,
              11.746951609358844
            ],
            [
              13.240109208377753,
              11.747491265029863
            ],
            [
              13.24024591161777,
              11.748029308177736
            ],
            [
              13.240389305561969,
              11.748565657770927
            ],
            [
              13.24053936865486,
              11.749100233032442
            ],
            [
              13.24069607833623,
              11.749632953451979
            ],
            [
              13.2408594110445,
              11.750163738798094
            ],
            [
              13.24102934222027,
              11.750692509130241
            ],
            [
              13.241205846309972,
              11.751219184810848
            ],
            [
              13.241388896769715,
              11.751743686517305
            ],
            [
              13.241578466069255,
              11.752265935253904
            ],
            [
              13.241774525696107,
              11.752785852363758
            ],
            [
              13.241977046159834,
              11.753303359540636
            ],
            [
              13.242185996996453,
              11.753818378840766
            ],
            [
              13.242401346773017,
              11.754330832694576
            ],
            [
              13.242623063092305,
              11.754840643918387
            ],
            [
              13.242851112597707,
              11.755347735726046
            ],
            [
              13.243085460978207,
              11.755852031740476
            ],
            [
              13.24332607297354,
              11.756353456005213
            ],
            [
              13.243572912379477,
              11.756851932995817
            ],
            [
              13.243825942053268,
              11.757347387631295
            ],
            [
              13.244085123919207,
              11.757839745285382
            ],
            [
              13.244350418974353,
              11.758328931797793
            ],
            [
              13.244621787294385,
              11.758814873485413
            ],
            [
              13.244899188039597,
              11.759297497153383
            ],
            [
              13.24518257946103,
              11.759776730106152
            ],
            [
              13.24547191890675,
              11.760252500158412
            ],
            [
              13.24576716282825,
              11.760724735645994
            ],
            [
              13.246068266786988,
              11.761193365436652
            ],
            [
              13.246375185461076,
              11.761658318940814
            ],
            [
              13.246687872652087,
              11.762119526122186
            ],
            [
              13.247006281291991,
              11.762576917508337
            ],
            [
              13.247330363450239,
              11.76303042420115
            ],
            [
              13.247660070340967,
              11.763479977887231
            ],
            [
              13.24799535233033,
              11.763925510848175
            ],
            [
              13.248336158943962,
              11.76436695597082
            ],
            [
              13.248682438874571,
              11.764804246757313
            ],
            [
              13.249034139989657,
              11.76523731733518
            ],
            [
              13.249391209339343,
              11.76566610246722
            ],
            [
              13.249753593164353,
              11.766090537561375
            ],
            [
              13.25012123690409,
              11.76651055868044
            ],
            [
              13.250494085204844,
              11.766926102551718
            ],
            [
              13.250872081928131,
              11.767337106576559
            ],
            [
              13.251255170159132,
              11.767743508839798
            ],
            [
              13.251643292215254,
              11.768145248119083
            ],
            [
              13.252036389654826,
              11.76854226389412
            ],
            [
              13.25243440328588,
              11.768934496355792
            ],
            [
              13.252837273175068,
              11.76932188641517
            ],
            [
              13.253244938656676,
              11.769704375712452
            ],
            [
              13.253657338341778,
              11.770081906625721
            ],
            [
              13.25407441012745,
              11.770454422279682
            ],
            [
              13.254496091206143,
              11.770821866554193
            ],
            [
              13.254922318075126,
              11.771184184092776
            ],
            [
              13.255353026546059,
              11.771541320310927
            ],
            [
              13.255788151754652,
              11.771893221404367
            ],
            [
              13.256227628170441,
              11.772239834357162
            ],
            [
              13.256671389606645,
              11.772581106949705
            ],
            [
              13.257119369230153,
              11.772916987766596
            ],
            [
              13.257571499571583,
              11.773247426204424
            ],
            [
              13.258027712535437,
              11.773572372479348
            ],
            [
              13.258487939410374,
              11.77389177763466
            ],
            [
              13.258952110879555,
              11.77420559354814
            ],
            [
              13.259420157031089,
              11.77451377293933
            ],
            [
              13.259892007368562,
              11.774816269376648
            ],
            [
              13.260367590821664,
              11.77511303728442
            ],
            [
              13.260846835756906,
              11.775404031949735
            ],
            [
              13.261329669988397,
              11.7756892095292
            ],
            [
              13.261816020788743,
              11.77596852705555
            ],
            [
              13.26230581489999,
              11.776241942444141
            ],
            [
              13.26279897854468,
              11.776509414499289
            ],
            [
              13.263295437436966,
              11.776770902920495
            ],
            [
              13.263795116793803,
              11.77702636830852
            ],
            [
              13.264297941346236,
              11.777275772171341
            ],
            [
              13.264803835350731,
              11.777519076929934
            ],
            [
              13.265312722600603,
              11.777756245923985
            ],
            [
              13.2658245264375,
              11.777987243417389
            ],
            [
              13.266339169762974,
              11.778212034603657
            ],
            [
              13.266856575050078,
              11.77843058561117
            ],
            [
              13.267376664355089,
              11.778642863508287
            ],
            [
              13.267899359329233,
              11.778848836308324
            ],
            [
              13.268424581230514,
              11.779048472974369
            ],
            [
              13.268952250935586,
              11.779241743423983
            ],
            [
              13.269482288951682,
              11.779428618533721
            ],
            [
              13.270014615428604,
              11.779609070143552
            ],
            [
              13.270549150170764,
              11.779783071061095
            ],
            [
              13.271085812649279,
              11.779950595065722
            ],
            [
              13.27162452201412,
              11.780111616912535
            ],
            [
              13.272165197106302,
              11.78026611233616
            ],
            [
              13.272707756470124,
              11.780414058054408
            ],
            [
              13.273252118365464,
              11.780555431771813
            ],
            [
              13.273798200780098,
              11.780690212182984
            ],
            [
              13.274345921442071,
              11.780818378975818
            ],
            [
              13.274895197832127,
              11.780939912834576
            ],
            [
              13.275445947196124,
              11.7810547954428
            ],
            [
              13.275998086557548,
              11.781163009486084
            ],
            [
              13.276551532730013,
              11.781264538654666
            ],
            [
              13.277106202329817,
              11.78135936764594
            ],
            [
              13.27766201178852,
              11.781447482166712
            ],
            [
              13.278218877365555,
              11.781528868935396
            ],
            [
              13.278776715160854,
              11.781603515684019
            ],
            [
              13.279335441127513,
              11.781671411160056
            ],
            [
              13.279894971084474,
              11.781732545128145
            ],
            [
              13.28045522072922,
              11.78178690837165
            ],
            [
              13.281016105650492,
              11.781834492694022
            ],
            [
              13.281577541341042,
              11.781875290920064
            ],
            [
              13.282139443210363,
              11.781909296896997
            ],
            [
              13.282701726597464,
              11.781936505495416
            ],
            [
              13.283264306783641,
              11.781956912610056
            ],
            [
              13.283827099005265,
              11.781970515160403
            ],
            [
              13.28439001846656,
              11.781977311091188
            ],
            [
              13.284952980352417,
              11.78197729937267
            ],
            [
              13.28551589984117,
              11.78197048000083
            ],
            [
              13.286078692117416,
              11.78195685399733
            ],
            [
              13.286641272384795,
              11.781936423409423
            ],
            [
              13.287203555878797,
              11.781909191309579
            ],
            [
              13.287765457879553,
              11.781875161795078
            ],
            [
              13.28832689372461,
              11.781834339987373
            ],
            [
              13.288887778821717,
              11.781786732031323
            ],
            [
              13.28944802866158,
              11.781732345094273
            ],
            [
              13.29000755883062,
              11.781671187364957
            ],
            [
              13.290566285023713,
              11.7816032680523
            ],
            [
              13.291124123056905,
              11.781528597384016
            ],
            [
              13.291680988880119,
              11.781447186605046
            ],
            [
              13.292236798589839,
              11.781359047975899
            ],
            [
              13.292791468441768,
              11.781264194770797
            ],
            [
              13.293344914863464,
              11.781162641275642
            ],
            [
              13.293897054466957,
              11.781054402785923
            ],
            [
              13.29444780406132,
              11.780939495604352
            ],
            [
              13.294997080665238,
              11.780817937038456
            ],
            [
              13.295544801519515,
              11.780689745397934
            ],
            [
              13.296090884099568,
              11.78055493999192
            ],
            [
              13.296635246127876,
              11.78041354112605
            ],
            [
              13.297177805586395,
              11.780265570099422
            ],
            [
              13.297718480728948,
              11.780111049201386
            ],
            [
              13.298257190093524,
              11.779950001708166
            ],
            [
              13.298793852514613,
              11.77978245187936
            ],
            [
              13.299328387135416,
              11.77960842495429
            ],
            [
              13.299860713420061,
              11.779427947148188
            ],
            [
              13.300390751165757,
              11.779241045648236
            ],
            [
              13.300918420514881,
              11.779047748609502
            ],
            [
              13.30144364196704,
              11.778848085150644
            ],
            [
              13.30196633639105,
              11.778642085349553
            ],
            [
              13.302486425036895,
              11.77842978023881
            ],
            [
              13.303003829547583,
              11.778211201801016
            ],
            [
              13.303518471970982,
              11.77798638296394
            ],
            [
              13.304030274771575,
              11.777755357595595
            ],
            [
              13.30453916084216,
              11.777518160499085
            ],
            [
              13.30504505351547,
              11.7772748274074
            ],
            [
              13.305547876575746,
              11.777025394978
            ],
            [
              13.306047554270238,
              11.7767699007873
            ],
            [
              13.306544011320621,
              11.776508383324991
            ],
            [
              13.30703717293435,
              11.776240881988244
            ],
            [
              13.307526964815947,
              11.775967437075778
            ],
            [
              13.308013313178202,
              11.77568808978175
            ],
            [
              13.308496144753294,
              11.775402882189594
            ],
            [
              13.308975386803855,
              11.775111857265616
            ],
            [
              13.309450967133929,
              11.774815058852566
            ],
            [
              13.30992281409986,
              11.774512531662987
            ],
            [
              13.310390856621094,
              11.774204321272501
            ],
            [
              13.310855024190902,
              11.773890474112916
            ],
            [
              13.311315246887006,
              11.773571037465217
            ],
            [
              13.311771455382123,
              11.773246059452479
            ],
            [
              13.312223580954416,
              11.772915589032554
            ],
            [
              13.31267155549786,
              11.77257967599072
            ],
            [
              13.313115311532494,
              11.77223837093217
            ],
            [
              13.313554782214613,
              11.771891725274363
            ],
            [
              13.313989901346833,
              11.771539791239302
            ],
            [
              13.314420603388065,
              11.77118262184562
            ],
            [
              13.314846823463403,
              11.770820270900611
            ],
            [
              13.315268497373896,
              11.770452792992108
            ],
            [
              13.315685561606225,
              11.77008024348024
            ],
            [
              13.316097953342272,
              11.769702678489105
            ],
            [
              13.316505610468585,
              11.769320154898294
            ],
            [
              13.31690847158575,
              11.768932730334305
            ],
            [
              13.317306476017617,
              11.768540463161862
            ],
            [
              13.317699563820469,
              11.76814341247512
            ],
            [
              13.318087675792032,
              11.767741638088731
            ],
            [
              13.318470753480407,
              11.767335200528857
            ],
            [
              13.318848739192864,
              11.766924161024011
            ],
            [
              13.319221576004544,
              11.76650858149584
            ],
            [
              13.319589207767013,
              11.766088524549785
            ],
            [
              13.319951579116742,
              11.76566405346564
            ],
            [
              13.32030863548343,
              11.765235232188008
            ],
            [
              13.320660323098217,
              11.76480212531666
            ],
            [
              13.321006589001795,
              11.764364798096787
            ],
            [
              13.321347381052366,
              11.763923316409189
            ],
            [
              13.3216826479335,
              11.76347774676029
            ],
            [
              13.322012339161859,
              11.763028156272169
            ],
            [
              13.32233640509479,
              11.762574612672388
            ],
            [
              13.322654796937803,
              11.762117184283818
            ],
            [
              13.32296746675191,
              11.76165594001431
            ],
            [
              13.323274367460838,
              11.76119094934632
            ],
            [
              13.323575452858119,
              11.760722282326432
            ],
            [
              13.323870677614028,
              11.760250009554788
            ],
            [
              13.324159997282411,
              11.759774202174453
            ],
            [
              13.324443368307374,
              11.759294931860685
            ],
            [
              13.324720748029826,
              11.758812270810129
            ],
            [
              13.324992094693886,
              11.758326291729926
            ],
            [
              13.325257367453185,
              11.757837067826761
            ],
            [
              13.325516526376981,
              11.757344672795826
            ],
            [
              13.325769532456182,
              11.756849180809702
            ],
            [
              13.326016347609194,
              11.756350666507183
            ],
            [
              13.326256934687645,
              11.755849204982018
            ],
            [
              13.326491257481983,
              11.755344871771607
            ],
            [
              13.32671928072689,
              11.75483774284558
            ],
            [
              13.3269409701066,
              11.75432789459439
            ],
            [
              13.327156292260042,
              11.753815403817763
            ],
            [
              13.327365214785855,
              11.753300347713127
            ],
            [
              13.327567706247242,
              11.752782803863992
            ],
            [
              13.3277637361767,
              11.752262850228236
            ],
            [
              13.327953275080585,
              11.75174056512637
            ],
            [
              13.32813629444354,
              11.751216027229715
            ],
            [
              13.328312766732772,
              11.750689315548566
            ],
            [
              13.328482665402175,
              11.750160509420258
            ],
            [
              13.32864596489632,
              11.749629688497237
            ],
            [
              13.32880264065427,
              11.749096932735032
            ],
            [
              13.32895266911328,
              11.74856232238021
            ],
            [
              13.329096027712303,
              11.748025937958289
            ],
            [
              13.329232694895389,
              11.747487860261595
            ],
            [
              13.329362650114891,
              11.74694817033709
            ],
            [
              13.329485873834564,
              11.746406949474151
            ],
            [
              13.329602347532456,
              11.745864279192338
            ],
            [
              13.329712053703702,
              11.745320241229082
            ],
            [
              13.329814975863123,
              11.744774917527392
            ],
            [
              13.329911098547692,
              11.744228390223496
            ],
            [
              13.330000407318845,
              11.743680741634462
            ],
            [
              13.330082888764624,
              11.743132054245793
            ],
            [
              13.330158530501679,
              11.742582410699018
            ],
            [
              13.330227321177109,
              11.742031893779213
            ],
            [
              13.33028925047015,
              11.74148058640254
            ],
            [
              13.330344309093705,
              11.740928571603757
            ],
            [
              13.330392488795715,
              11.7403759325237
            ],
            [
              13.330433782360384,
              11.739822752396767
            ],
            [
              13.330468183609238,
              11.739269114538361
            ],
            [
              13.330495687402035,
              11.738715102332353
            ],
            [
              13.330516289637506,
              11.738160799218514
            ],
            [
              13.330529987253957,
              11.737606288679954
            ],
            [
              13.330536778229705,
              11.737051654230521
            ]
          ]
        ]
      }
    },
    {
      "type": "Feature",
      "properties": {
        "feature_type": "distance_zone",
        "distance_zone": "0\u20132 km",
        "area_km2": 12.566055204577204
      },
      "geometry": {
        "type": "Polygon",
        "coordinates": [
          [
            [
              13.303016574789904,
              11.736889544167424
            ],
            [
              13.303016550149136,
              11.736667677254077
            ],
            [
              13.303013762550798,
              11.736445827342038
            ],
            [
              13.303008212421341,
              11.736224027841928
            ],
            [
              13.302999900603265,
              11.736002312156685
            ],
            [
              13.302988828354975,
              11.735780713676563
            ],
            [
              13.302974997350605,
              11.735559265774071
            ],
            [
              13.302958409679745,
              11.735338001798969
            ],
            [
              13.30293906784713,
              11.735116955073233
            ],
            [
              13.302916974772264,
              11.73489615888604
            ],
            [
              13.302892133788964,
              11.73467564648876
            ],
            [
              13.302864548644859,
              11.734455451089945
            ],
            [
              13.302834223500827,
              11.734235605850314
            ],
            [
              13.302801162930363,
              11.734016143877783
            ],
            [
              13.302765371918877,
              11.733797098222466
            ],
            [
              13.302726855862948,
              11.7335785018717
            ],
            [
              13.302685620569507,
              11.733360387745071
            ],
            [
              13.302641672254953,
              11.73314278868947
            ],
            [
              13.302595017544222,
              11.73292573747413
            ],
            [
              13.302545663469774,
              11.732709266785715
            ],
            [
              13.30249361747054,
              11.73249340922336
            ],
            [
              13.302438887390794,
              11.732278197293807
            ],
            [
              13.302381481478962,
              11.73206366340648
            ],
            [
              13.30232140838639,
              11.731849839868602
            ],
            [
              13.302258677166027,
              11.731636758880363
            ],
            [
              13.302193297271051,
              11.731424452530032
            ],
            [
              13.302125278553468,
              11.731212952789146
            ],
            [
              13.30205463126259,
              11.731002291507693
            ],
            [
              13.30198136604352,
              11.730792500409315
            ],
            [
              13.301905493935521,
              11.730583611086534
            ],
            [
              13.301827026370367,
              11.73037565499599
            ],
            [
              13.301745975170602,
              11.730168663453709
            ],
            [
              13.301662352547774,
              11.729962667630382
            ],
            [
              13.30157617110058,
              11.729757698546678
            ],
            [
              13.301487443812967,
              11.729553787068571
            ],
            [
              13.301396184052182,
              11.729350963902702
            ],
            [
              13.301302405566743,
              11.729149259591718
            ],
            [
              13.301206122484373,
              11.728948704509737
            ],
            [
              13.301107349309875,
              11.728749328857718
            ],
            [
              13.301006100922926,
              11.728551162658936
            ],
            [
              13.300902392575855,
              11.728354235754477
            ],
            [
              13.300796239891332,
              11.72815857779871
            ],
            [
              13.30068765886001,
              11.727964218254854
            ],
            [
              13.30057666583812,
              11.72777118639053
            ],
            [
              13.300463277545004,
              11.72757951127335
            ],
            [
              13.300347511060597,
              11.727389221766545
            ],
            [
              13.300229383822844,
              11.727200346524626
            ],
            [
              13.300108913625078,
              11.727012913989066
            ],
            [
              13.299986118613342,
              11.726826952384013
            ],
            [
              13.299861017283643,
              11.726642489712047
            ],
            [
              13.299733628479174,
              11.726459553749962
            ],
            [
              13.29960397138747,
              11.726278172044577
            ],
            [
              13.299472065537518,
              11.72609837190862
            ],
            [
              13.299337930796812,
              11.725920180416567
            ],
            [
              13.299201587368364,
              11.725743624400605
            ],
            [
              13.29906305578765,
              11.725568730446591
            ],
            [
              13.29892235691953,
              11.72539552489002
            ],
            [
              13.298779511955091,
              11.725224033812097
            ],
            [
              13.298634542408465,
              11.725054283035785
            ],
            [
              13.298487470113578,
              11.72488629812193
            ],
            [
              13.298338317220868,
              11.72472010436541
            ],
            [
              13.298187106193945,
              11.724555726791332
            ],
            [
              13.298033859806207,
              11.724393190151263
            ],
            [
              13.297878601137413,
              11.724232518919496
            ],
            [
              13.297721353570198,
              11.724073737289377
            ],
            [
              13.29756214078656,
              11.723916869169658
            ],
            [
              13.297400986764288,
              11.723761938180902
            ],
            [
              13.297237915773357,
              11.723608967651927
            ],
            [
              13.297072952372256,
              11.723457980616288
            ],
            [
              13.29690612140431,
              11.723308999808824
            ],
            [
              13.29673744799393,
              11.723162047662218
            ],
            [
              13.296566957542817,
              11.723017146303636
            ],
            [
              13.296394675726162,
              11.722874317551389
            ],
            [
              13.296220628488754,
              11.722733582911651
            ],
            [
              13.296044842041091,
              11.722594963575233
            ],
            [
              13.295867342855425,
              11.722458480414366
            ],
            [
              13.295688157661772,
              11.722324153979587
            ],
            [
              13.295507313443894,
              11.722192004496637
            ],
            [
              13.29532483743524,
              11.722062051863414
            ],
            [
              13.29514075711483,
              11.721934315646978
            ],
            [
              13.294955100203133,
              11.72180881508061
            ],
            [
              13.294767894657882,
              11.721685569060918
            ],
            [
              13.294579168669875,
              11.721564596144999
            ],
            [
              13.294388950658721,
              11.721445914547624
            ],
            [
              13.294197269268563,
              11.721329542138529
            ],
            [
              13.294004153363773,
              11.721215496439687
            ],
            [
              13.2938096320246,
              11.721103794622714
            ],
            [
              13.293613734542786,
              11.72099445350626
            ],
            [
              13.293416490417176,
              11.720887489553471
            ],
            [
              13.293217929349254,
              11.720782918869528
            ],
            [
              13.293018081238683,
              11.720680757199226
            ],
            [
              13.29281697617881,
              11.720581019924587
            ],
            [
              13.292614644452124,
              11.720483722062562
            ],
            [
              13.292411116525702,
              11.720388878262767
            ],
            [
              13.292206423046627,
              11.720296502805263
            ],
            [
              13.292000594837369,
              11.72020660959844
            ],
            [
              13.291793662891141,
              11.720119212176888
            ],
            [
              13.291585658367255,
              11.720034323699387
            ],
            [
              13.291376612586404,
              11.71995195694692
            ],
            [
              13.291166557025965,
              11.719872124320736
            ],
            [
              13.290955523315263,
              11.719794837840508
            ],
            [
              13.290743543230791,
              11.71972010914251
            ],
            [
              13.290530648691453,
              11.719647949477867
            ],
            [
              13.290316871753742,
              11.719578369710861
            ],
            [
              13.290102244606919,
              11.719511380317304
            ],
            [
              13.28988679956817,
              11.719446991382956
            ],
            [
              13.28967056907775,
              11.719385212602003
            ],
            [
              13.28945358569408,
              11.719326053275621
            ],
            [
              13.289235882088867,
              11.71926952231055
            ],
            [
              13.289017491042179,
              11.719215628217755
            ],
            [
              13.288798445437505,
              11.719164379111175
            ],
            [
              13.288578778256824,
              11.719115782706472
            ],
            [
              13.288358522575622,
              11.719069846319883
            ],
            [
              13.288137711557926,
              11.719026576867117
            ],
            [
              13.287916378451309,
              11.718985980862314
            ],
            [
              13.287694556581885,
              11.718948064417074
            ],
            [
              13.287472279349299,
              11.718912833239525
            ],
            [
              13.287249580221694,
              11.718880292633468
            ],
            [
              13.287026492730682,
              11.718850447497589
            ],
            [
              13.286803050466292,
              11.718823302324711
            ],
            [
              13.286579287071914,
              11.718798861201119
            ],
            [
              13.286355236239245,
              11.718777127805959
            ],
            [
              13.286130931703212,
              11.718758105410659
            ],
            [
              13.285906407236888,
              11.718741796878474
            ],
            [
              13.28568169664643,
              11.718728204664012
            ],
            [
              13.285456833765974,
              11.71871733081291
            ],
            [
              13.285231852452547,
              11.718709176961486
            ],
            [
              13.285006786580979,
              11.71870374433653
            ],
            [
              13.284781670038802,
              11.718701033755085
            ],
            [
              13.284556536721146,
              11.718701045624353
            ],
            [
              13.284331420525644,
              11.718703779941617
            ],
            [
              13.284106355347332,
              11.718709236294256
            ],
            [
              13.28388137507354,
              11.718717413859789
            ],
            [
              13.283656513578801,
              11.718728311406016
            ],
            [
              13.283431804719756,
              11.7187419272912
            ],
            [
              13.283207282330048,
              11.718758259464305
            ],
            [
              13.282982980215243,
              11.71877730546532
            ],
            [
              13.282758932147729,
              11.718799062425619
            ],
            [
              13.282535171861655,
              11.718823527068395
            ],
            [
              13.282311733047827,
              11.718850695709166
            ],
            [
              13.282088649348667,
              11.718880564256297
            ],
            [
              13.28186595435313,
              11.718913128211666
            ],
            [
              13.281643681591657,
              11.71894838267129
            ],
            [
              13.281421864531127,
              11.71898632232611
            ],
            [
              13.281200536569832,
              11.719026941462744
            ],
            [
              13.280979731032433,
              11.719070233964388
            ],
            [
              13.280759481164957,
              11.719116193311711
            ],
            [
              13.280539820129794,
              11.719164812583864
            ],
            [
              13.280320781000702,
              11.719216084459479
            ],
            [
              13.280102396757837,
              11.719270001217806
            ],
            [
              13.279884700282775,
              11.71932655473987
            ],
            [
              13.279667724353589,
              11.719385736509691
            ],
            [
              13.279451501639889,
              11.719447537615551
            ],
            [
              13.27923606469793,
              11.719511948751359
            ],
            [
              13.279021445965693,
              11.719578960218033
            ],
            [
              13.278807677758017,
              11.71964856192498
            ],
            [
              13.27859479226173,
              11.719720743391594
            ],
            [
              13.278382821530805,
              11.719795493748842
            ],
            [
              13.27817179748154,
              11.719872801740907
            ],
            [
              13.277961751887755,
              11.719952655726875
            ],
            [
              13.277752716376003,
              11.720035043682484
            ],
            [
              13.277544722420819,
              11.720119953201937
            ],
            [
              13.27733780133998,
              11.720207371499784
            ],
            [
              13.277131984289792,
              11.720297285412824
            ],
            [
              13.276927302260399,
              11.72038968140209
            ],
            [
              13.27672378607112,
              11.720484545554903
            ],
            [
              13.276521466365821,
              11.72058186358695
            ],
            [
              13.276320373608282,
              11.720681620844442
            ],
            [
              13.276120538077633,
              11.72078380230632
            ],
            [
              13.275921989863786,
              11.720888392586497
            ],
            [
              13.275724758862903,
              11.720995375936218
            ],
            [
              13.27552887477291,
              11.721104736246378
            ],
            [
              13.27533436708901,
              11.721216457049985
            ],
            [
              13.275141265099265,
              11.721330521524614
            ],
            [
              13.274949597880164,
              11.721446912494963
            ],
            [
              13.274759394292266,
              11.721565612435409
            ],
            [
              13.274570682975842,
              11.72168660347268
            ],
            [
              13.274383492346573,
              11.72180986738851
            ],
            [
              13.27419785059127,
              11.721935385622402
            ],
            [
              13.274013785663634,
              11.722063139274427
            ],
            [
              13.273831325280039,
              11.722193109108048
            ],
            [
              13.273650496915375,
              11.72232527555303
            ],
            [
              13.273471327798896,
              11.722459618708388
            ],
            [
              13.273293844910134,
              11.722596118345365
            ],
            [
              13.273118074974825,
              11.722734753910494
            ],
            [
              13.272944044460903,
              11.722875504528691
            ],
            [
              13.2727717795745,
              11.723018349006379
            ],
            [
              13.272601306256005,
              11.7231632658347
            ],
            [
              13.272432650176162,
              11.72331023319274
            ],
            [
              13.272265836732203,
              11.723459228950816
            ],
            [
              13.272100891044028,
              11.72361023067381
            ],
            [
              13.27193783795041,
              11.723763215624539
            ],
            [
              13.271776702005278,
              11.723918160767175
            ],
            [
              13.271617507473994,
              11.724075042770735
            ],
            [
              13.271460278329723,
              11.72423383801256
            ],
            [
              13.271305038249805,
              11.724394522581893
            ],
            [
              13.271151810612201,
              11.724557072283469
            ],
            [
              13.271000618491968,
              11.724721462641169
            ],
            [
              13.270851484657786,
              11.724887668901674
            ],
            [
              13.270704431568529,
              11.725055666038227
            ],
            [
              13.27055948136988,
              11.725225428754385
            ],
            [
              13.270416655891001,
              11.725396931487817
            ],
            [
              13.270275976641244,
              11.725570148414164
            ],
            [
              13.270137464806906,
              11.725745053450922
            ],
            [
              13.270001141248049,
              11.72592162026136
            ],
            [
              13.269867026495344,
              11.726099822258506
            ],
            [
              13.269735140746993,
              11.726279632609133
            ],
            [
              13.26960550386568,
              11.726461024237793
            ],
            [
              13.269478135375573,
              11.726643969830898
            ],
            [
              13.269353054459396,
              11.726828441840844
            ],
            [
              13.269230279955528,
              11.727014412490139
            ],
            [
              13.26910983035517,
              11.727201853775592
            ],
            [
              13.268991723799562,
              11.727390737472529
            ],
            [
              13.268875978077244,
              11.727581035139039
            ],
            [
              13.268762610621371,
              11.72777271812026
            ],
            [
              13.26865163850711,
              11.727965757552683
            ],
            [
              13.268543078449035,
              11.728160124368511
            ],
            [
              13.268436946798632,
              11.728355789300025
            ],
            [
              13.268333259541825,
              11.728552722883984
            ],
            [
              13.268232032296567,
              11.72875089546607
            ],
            [
              13.26813328031049,
              11.728950277205355
            ],
            [
              13.268037018458603,
              11.729150838078784
            ],
            [
              13.267943261241056,
              11.72935254788569
            ],
            [
              13.26785202278094,
              11.729555376252359
            ],
            [
              13.26776331682218,
              11.729759292636585
            ],
            [
              13.26767715672744,
              11.72996426633228
            ],
            [
              13.267593555476127,
              11.730170266474081
            ],
            [
              13.267512525662422,
              11.730377262042014
            ],
            [
              13.267434079493384,
              11.730585221866153
            ],
            [
              13.267358228787113,
              11.730794114631315
            ],
            [
              13.267284984970964,
              11.731003908881771
            ],
            [
              13.26721435907982,
              11.731214573025992
            ],
            [
              13.267146361754435,
              11.731426075341394
            ],
            [
              13.267081003239827,
              11.731638383979112
            ],
            [
              13.267018293383725,
              11.731851466968813
            ],
            [
              13.266958241635093,
              11.732065292223472
            ],
            [
              13.266900857042694,
              11.732279827544264
            ],
            [
              13.266846148253736,
              11.732495040625341
            ],
            [
              13.266794123512552,
              11.732710899058741
            ],
            [
              13.266744790659372,
              11.73292737033926
            ],
            [
              13.26669815712912,
              11.733144421869335
            ],
            [
              13.266654229950312,
              11.733362020963956
            ],
            [
              13.266613015743975,
              11.7335801348556
            ],
            [
              13.266574520722658,
              11.733798730699135
            ],
            [
              13.266538750689486,
              11.7340177755768
            ],
            [
              13.266505711037293,
              11.734237236503137
            ],
            [
              13.266475406747794,
              11.73445708042996
            ],
            [
              13.26644784239084,
              11.734677274251343
            ],
            [
              13.266423022123714,
              11.7348977848086
            ],
            [
              13.26640094969052,
              11.735118578895262
            ],
            [
              13.266381628421604,
              11.7353396232621
            ],
            [
              13.26636506123304,
              11.735560884622112
            ],
            [
              13.26635125062621,
              11.735782329655553
            ],
            [
              13.266340198687399,
              11.736003925014936
            ],
            [
              13.266331907087494,
              11.736225637330064
            ],
            [
              13.266326377081723,
              11.736447433213048
            ],
            [
              13.266323609509461,
              11.736669279263337
            ],
            [
              13.266323604794099,
              11.736891142072748
            ],
            [
              13.266326362942975,
              11.737112988230491
            ],
            [
              13.266331883547378,
              11.737334784328217
            ],
            [
              13.266340165782593,
              11.737556496965022
            ],
            [
              13.26635120840803,
              11.737778092752498
            ],
            [
              13.266365009767407,
              11.737999538319757
            ],
            [
              13.266381567788985,
              11.738220800318441
            ],
            [
              13.266400879985888,
              11.738441845427772
            ],
            [
              13.266422943456465,
              11.738662640359538
            ],
            [
              13.266447754884735,
              11.738883151863131
            ],
            [
              13.266475310540867,
              11.739103346730541
            ],
            [
              13.266505606281747,
              11.739323191801363
            ],
            [
              13.266538637551593,
              11.739542653967776
            ],
            [
              13.266574399382641,
              11.739761700179564
            ],
            [
              13.266612886395894,
              11.739980297449048
            ],
            [
              13.26665409280191,
              11.740198412856085
            ],
            [
              13.266698012401694,
              11.74041601355302
            ],
            [
              13.266744638587607,
              11.740633066769622
            ],
            [
              13.26679396434437,
              11.740849539818033
            ],
            [
              13.266845982250109,
              11.741065400097686
            ],
            [
              13.266900684477474,
              11.74128061510021
            ],
            [
              13.266958062794814,
              11.741495152414323
            ],
            [
              13.267018108567408,
              11.741708979730745
            ],
            [
              13.267080812758763,
              11.741922064847005
            ],
            [
              13.267146165931978,
              11.742134375672347
            ],
            [
              13.267214158251148,
              11.742345880232543
            ],
            [
              13.267284779482859,
              11.742556546674697
            ],
            [
              13.26735801899771,
              11.742766343272061
            ],
            [
              13.267433865771915,
              11.742975238428802
            ],
            [
              13.267512308388968,
              11.743183200684763
            ],
            [
              13.267593335041344,
              11.743390198720206
            ],
            [
              13.267676933532284,
              11.743596201360528
            ],
            [
              13.267763091277633,
              11.743801177580956
            ],
            [
              13.267851795307713,
              11.74400509651121
            ],
            [
              13.267943032269292,
              11.744207927440172
            ],
            [
              13.268036788427583,
              11.744409639820503
            ],
            [
              13.268133049668311,
              11.744610203273236
            ],
            [
              13.268231801499835,
              11.74480958759237
            ],
            [
              13.268333029055327,
              11.7450077627494
            ],
            [
              13.26843671709501,
              11.745204698897858
            ],
            [
              13.268542850008448,
              11.745400366377794
            ],
            [
              13.268651411816895,
              11.745594735720259
            ],
            [
              13.268762386175698,
              11.745787777651728
            ],
            [
              13.268875756376756,
              11.745979463098523
            ],
            [
              13.26899150535104,
              11.746169763191194
            ],
            [
              13.269109615671145,
              11.746358649268847
            ],
            [
              13.269230069553927,
              11.746546092883486
            ],
            [
              13.269352848863177,
              11.746732065804297
            ],
            [
              13.269477935112342,
              11.746916540021871
            ],
            [
              13.269605309467314,
              11.74709948775247
            ],
            [
              13.269734952749262,
              11.74728088144218
            ],
            [
              13.26986684543752,
              11.747460693771055
            ],
            [
              13.270000967672518,
              11.747638897657275
            ],
            [
              13.270137299258781,
              11.747815466261182
            ],
            [
              13.270275819667962,
              11.747990372989348
            ],
            [
              13.270416508041933,
              11.748163591498573
            ],
            [
              13.270559343195927,
              11.748335095699858
            ],
            [
              13.270704303621725,
              11.748504859762326
            ],
            [
              13.27085136749089,
              11.74867285811714
            ],
            [
              13.27100051265806,
              11.748839065461313
            ],
            [
              13.271151716664283,
              11.749003456761555
            ],
            [
              13.271304956740385,
              11.749166007258035
            ],
            [
              13.271460209810414,
              11.749326692468118
            ],
            [
              13.271617452495104,
              11.749485488190036
            ],
            [
              13.271776661115396,
              11.749642370506539
            ],
            [
              13.271937811696011,
              11.74979731578852
            ],
            [
              13.27210087996905,
              11.74995030069855
            ],
            [
              13.27226584137766,
              11.750101302194413
            ],
            [
              13.27243267107971,
              11.750250297532556
            ],
            [
              13.272601343951562,
              11.750397264271545
            ],
            [
              13.27277183459183,
              11.750542180275428
            ],
            [
              13.272944117325213,
              11.750685023717068
            ],
            [
              13.273118166206372,
              11.75082577308144
            ],
            [
              13.273293955023814,
              11.750964407168869
            ],
            [
              13.273471457303865,
              11.751100905098237
            ],
            [
              13.273650646314643,
              11.751235246310115
            ],
            [
              13.273831495070082,
              11.75136741056985
            ],
            [
              13.274013976334007,
              11.75149737797065
            ],
            [
              13.274198062624228,
              11.751625128936562
            ],
            [
              13.274383726216682,
              11.751750644225416
            ],
            [
              13.274570939149605,
              11.751873904931733
            ],
            [
              13.274759673227763,
              11.751994892489579
            ],
            [
              13.274949900026662,
              11.752113588675353
            ],
            [
              13.275141590896869,
              11.752229975610543
            ],
            [
              13.2753347169683,
              11.752344035764411
            ],
            [
              13.275529249154587,
              11.752455751956644
            ],
            [
              13.27572515815745,
              11.752565107359937
            ],
            [
              13.275922414471106,
              11.752672085502528
            ],
            [
              13.276120988386728,
              11.752776670270691
            ],
            [
              13.276320849996912,
              11.752878845911152
            ],
            [
              13.276521969200182,
              11.752978597033465
            ],
            [
              13.27672431570553,
              11.753075908612349
            ],
            [
              13.276927859036977,
              11.753170765989921
            ],
            [
              13.277132568538162,
              11.753263154877931
            ],
            [
              13.277338413376961,
              11.75335306135992
            ],
            [
              13.277545362550141,
              11.75344047189328
            ],
            [
              13.27775338488802,
              11.75352537331135
            ],
            [
              13.277962449059173,
              11.75360775282534
            ],
            [
              13.278172523575138,
              11.753687598026318
            ],
            [
              13.278383576795184,
              11.753764896887034
            ],
            [
              13.278595576931055,
              11.753839637763768
            ],
            [
              13.278808492051775,
              11.753911809398046
            ],
            [
              13.279022290088454,
              11.753981400918383
            ],
            [
              13.27923693883912,
              11.754048401841882
            ],
            [
              13.279452405973569,
              11.754112802075841
            ],
            [
              13.279668659038247,
              11.754174591919265
            ],
            [
              13.279885665461126,
              11.754233762064318
            ],
            [
              13.280103392556624,
              11.754290303597744
            ],
            [
              13.280321807530527,
              11.754344208002204
            ],
            [
              13.280540877484924,
              11.754395467157554
            ],
            [
              13.280760569423176,
              11.754444073342084
            ],
            [
              13.280980850254885,
              11.754490019233655
            ],
            [
              13.281201686800868,
              11.754533297910838
            ],
            [
              13.281423045798181,
              11.754573902853934
            ],
            [
              13.281644893905112,
              11.754611827945967
            ],
            [
              13.281867197706212,
              11.754647067473593
            ],
            [
              13.28208992371733,
              11.754679616127978
            ],
            [
              13.282313038390665,
              11.754709469005597
            ],
            [
              13.282536508119815,
              11.75473662160896
            ],
            [
              13.282760299244838,
              11.754761069847307
            ],
            [
              13.282984378057344,
              11.754782810037204
            ],
            [
              13.28320871080555,
              11.754801838903129
            ],
            [
              13.283433263699381,
              11.754818153577936
            ],
            [
              13.283658002915566,
              11.754831751603305
            ],
            [
              13.283882894602721,
              11.754842630930112
            ],
            [
              13.284107904886465,
              11.754850789918729
            ],
            [
              13.28433299987452,
              11.754856227339284
            ],
            [
              13.284558145661817,
              11.754858942371836
            ],
            [
              13.284783308335609,
              11.754858934606505
            ],
            [
              13.285008453980577,
              11.754856204043532
            ],
            [
              13.28523354868395,
              11.754850751093286
            ],
            [
              13.28545855854061,
              11.754842576576188
            ],
            [
              13.285683449658203,
              11.754831681722605
            ],
            [
              13.285908188162248,
              11.754818068172654
            ],
            [
              13.286132740201243,
              11.754801737975964
            ],
            [
              13.286357071951764,
              11.754782693591359
            ],
            [
              13.28658114962357,
              11.754760937886482
            ],
            [
              13.286804939464682,
              11.754736474137392
            ],
            [
              13.287028407766487,
              11.75470930602803
            ],
            [
              13.287251520868804,
              11.754679437649704
            ],
            [
              13.287474245164965,
              11.754646873500455
            ],
            [
              13.287696547106881,
              11.754611618484354
            ],
            [
              13.28791839321009,
              11.754573677910825
            ],
            [
              13.288139750058813,
              11.754533057493779
            ],
            [
              13.288360584310986,
              11.754489763350803
            ],
            [
              13.288580862703284,
              11.75444380200221
            ],
            [
              13.288800552056136,
              11.754395180370064
            ],
            [
              13.289019619278728,
              11.754343905777151
            ],
            [
              13.28923803137398,
              11.754289985945851
            ],
            [
              13.289455755443534,
              11.754233428996992
            ],
            [
              13.289672758692701,
              11.75417424344863
            ],
            [
              13.289889008435413,
              11.754112438214749
            ],
            [
              13.290104472099134,
              11.754048022603925
            ],
            [
              13.290319117229787,
              11.75398100631794
            ],
            [
              13.290532911496632,
              11.75391139945029
            ],
            [
              13.29074582269714,
              11.753839212484687
            ],
            [
              13.290957818761859,
              11.753764456293482
            ],
            [
              13.291168867759229,
              11.753687142135991
            ],
            [
              13.291378937900404,
              11.753607281656866
            ],
            [
              13.291587997544044,
              11.753524886884259
            ],
            [
              13.291796015201074,
              11.75343997022808
            ],
            [
              13.292002959539445,
              11.753352544478082
            ],
            [
              13.29220879938884,
              11.753262622801953
            ],
            [
              13.292413503745383,
              11.753170218743332
            ],
            [
              13.2926170417763,
              11.753075346219763
            ],
            [
              13.292819382824575,
              11.7529780195206
            ],
            [
              13.293020496413567,
              11.752878253304853
            ],
            [
              13.293220352251604,
              11.752776062598981
            ],
            [
              13.293418920236537,
              11.75267146279463
            ],
            [
              13.293616170460293,
              11.752564469646298
            ],
            [
              13.293812073213372,
              11.752455099268994
            ],
            [
              13.294006598989323,
              11.75234336813577
            ],
            [
              13.294199718489192,
              11.752229293075276
            ],
            [
              13.294391402625939,
              11.752112891269187
            ],
            [
              13.294581622528819,
              11.751994180249657
            ],
            [
              13.294770349547727,
              11.75187317789663
            ],
            [
              13.294957555257525,
              11.751749902435188
            ],
            [
              13.295143211462321,
              11.751624372432781
            ],
            [
              13.29532729019971,
              11.751496606796431
            ],
            [
              13.295509763744995,
              11.75136662476989
            ],
            [
              13.295690604615363,
              11.751234445930738
            ],
            [
              13.295869785574025,
              11.75110009018743
            ],
            [
              13.296047279634317,
              11.750963577776304
            ],
            [
              13.296223060063769,
              11.750824929258519
            ],
            [
              13.296397100388129,
              11.75068416551696
            ],
            [
              13.29656937439536,
              11.75054130775311
            ],
            [
              13.296739856139572,
              11.750396377483838
            ],
            [
              13.29690851994495,
              11.750249396538143
            ],
            [
              13.297075340409602,
              11.750100387053893
            ],
            [
              13.297240292409409,
              11.749949371474486
            ],
            [
              13.297403351101787,
              11.749796372545447
            ],
            [
              13.29756449192944,
              11.749641413311013
            ],
            [
              13.297723690624064,
              11.749484517110666
            ],
            [
              13.297880923209986,
              11.749325707575618
            ],
            [
              13.298036166007792,
              11.749165008625228
            ],
            [
              13.298189395637884,
              11.749002444463427
            ],
            [
              13.298340589024004,
              11.74883803957505
            ],
            [
              13.298489723396711,
              11.748671818722158
            ],
            [
              13.298636776296808,
              11.748503806940306
            ],
            [
              13.298781725578722,
              11.748334029534755
            ],
            [
              13.298924549413845,
              11.748162512076686
            ],
            [
              13.29906522629382,
              11.747989280399329
            ],
            [
              13.299203735033766,
              11.747814360594075
            ],
            [
              13.299340054775499,
              11.747637779006542
            ],
            [
              13.299474164990635,
              11.747459562232606
            ],
            [
              13.29960604548371,
              11.747279737114402
            ],
            [
              13.299735676395208,
              11.74709833073627
            ],
            [
              13.299863038204556,
              11.746915370420682
            ],
            [
              13.299988111733052,
              11.746730883724107
            ],
            [
              13.300110878146768,
              11.746544898432889
            ],
            [
              13.300231318959376,
              11.746357442559036
            ],
            [
              13.300349416034932,
              11.746168544336008
            ],
            [
              13.300465151590606,
              11.74597823221447
            ],
            [
              13.30057850819936,
              11.74578653485799
            ],
            [
              13.30068946879257,
              11.74559348113873
            ],
            [
              13.300798016662599,
              11.745399100133103
            ],
            [
              13.300904135465299,
              11.745203421117367
            ],
            [
              13.30100780922249,
              11.745006473563254
            ],
            [
              13.301109022324347,
              11.744808287133493
            ],
            [
              13.30120775953176,
              11.744608891677355
            ],
            [
              13.301304005978617,
              11.744408317226155
            ],
            [
              13.301397747174057,
              11.744206593988737
            ],
            [
              13.30148896900463,
              11.744003752346911
            ],
            [
              13.301577657736436,
              11.743799822850871
            ],
            [
              13.301663800017183,
              11.743594836214616
            ],
            [
              13.301747382878196,
              11.743388823311292
            ],
            [
              13.30182839373637,
              11.743181815168567
            ],
            [
              13.301906820396068,
              11.742973842963936
            ],
            [
              13.301982651050938,
              11.742764938020045
            ],
            [
              13.302055874285706,
              11.742555131799955
            ],
            [
              13.302126479077884,
              11.742344455902407
            ],
            [
              13.302194454799428,
              11.74213294205707
            ],
            [
              13.302259791218333,
              11.741920622119741
            ],
            [
              13.302322478500182,
              11.74170752806757
            ],
            [
              13.302382507209606,
              11.74149369199424
            ],
            [
              13.30243986831172,
              11.741279146105098
            ],
            [
              13.302494553173469,
              11.741063922712359
            ],
            [
              13.302546553564929,
              11.740848054230186
            ],
            [
              13.30259586166054,
              11.740631573169846
            ],
            [
              13.30264247004029,
              11.740414512134793
            ],
            [
              13.302686371690813,
              11.74019690381575
            ],
            [
              13.302727560006456,
              11.739978780985815
            ],
            [
              13.302766028790272,
              11.739760176495489
            ],
            [
              13.302801772254934,
              11.739541123267754
            ],
            [
              13.302834785023617,
              11.739321654293082
            ],
            [
              13.302865062130795,
              11.739101802624521
            ],
            [
              13.302892599022998,
              11.738881601372654
            ],
            [
              13.302917391559477,
              11.738661083700649
            ],
            [
              13.302939436012839,
              11.738440282819251
            ],
            [
              13.30295872906959,
              11.73821923198179
            ],
            [
              13.30297526783065,
              11.737997964479156
            ],
            [
              13.30298904981176,
              11.73777651363481
            ],
            [
              13.303000072943878,
              11.737554912799725
            ],
            [
              13.303008335573468,
              11.737333195347396
            ],
            [
              13.303013836462753,
              11.737111394668819
            ],
            [
              13.303016574789904,
              11.736889544167424
            ]
          ]
        ]
      }
    },
    {
      "type": "Feature",
      "properties": {
        "feature_type": "distance_zone",
        "distance_zone": "2\u20135 km",
        "area_km2": 65.97178982403022
      },
      "geometry": {
        "type": "Polygon",
        "coordinates": [
          [
            [
              13.33053666158335,
              11.73649697940226
            ],
            [
              13.330529637373905,
              11.73594234773278
            ],
            [
              13.330515706700762,
              11.735387842752717
            ],
            [
              13.330494871703493,
              11.734833547973126
            ],
            [
              13.330467135561518,
              11.734279546872903
            ],
            [
              13.330432502493586,
              11.733725922886219
            ],
            [
              13.330390977757123,
              11.733172759389952
            ],
            [
              13.33034256764741,
              11.73262013969112
            ],
            [
              13.330287279496615,
              11.732068147014346
            ],
            [
              13.330225121672663,
              11.731516864489311
            ],
            [
              13.330156103577945,
              11.730966375138253
            ],
            [
              13.330080235647882,
              11.730416761863442
            ],
            [
              13.329997529349331,
              11.729868107434699
            ],
            [
              13.329907997178823,
              11.729320494476957
            ],
            [
              13.329811652660672,
              11.728774005457774
            ],
            [
              13.329708510344897,
              11.728228722674949
            ],
            [
              13.329598585805016,
              11.727684728244128
            ],
            [
              13.329481895635674,
              11.727142104086415
            ],
            [
              13.329358457450121,
              11.726600931916057
            ],
            [
              13.329228289877536,
              11.726061293228135
            ],
            [
              13.329091412560194,
              11.72552326928629
            ],
            [
              13.328947846150479,
              11.72498694111049
            ],
            [
              13.328797612307772,
              11.724452389464835
            ],
            [
              13.328640733695138,
              11.72391969484539
            ],
            [
              13.328477233975915,
              11.72338893746807
            ],
            [
              13.328307137810103,
              11.722860197256566
            ],
            [
              13.328130470850653,
              11.722333553830307
            ],
            [
              13.327947259739561,
              11.721809086492481
            ],
            [
              13.327757532103847,
              11.721286874218084
            ],
            [
              13.327561316551368,
              11.720766995642048
            ],
            [
              13.327358642666486,
              11.720249529047386
            ],
            [
              13.327149541005594,
              11.71973455235343
            ],
            [
              13.3269340430925,
              11.719222143104082
            ],
            [
              13.326712181413646,
              11.718712378456157
            ],
            [
              13.326483989413209,
              11.718205335167754
            ],
            [
              13.326249501488034,
              11.717701089586722
            ],
            [
              13.326008752982446,
              11.717199717639147
            ],
            [
              13.3257617801829,
              11.71670129481795
            ],
            [
              13.325508620312496,
              11.7162058961715
            ],
            [
              13.32524931152537,
              11.715713596292337
            ],
            [
              13.324983892900915,
              11.715224469305944
            ],
            [
              13.324712404437884,
              11.714738588859579
            ],
            [
              13.324434887048353,
              11.714256028111203
            ],
            [
              13.32415138255154,
              11.71377685971848
            ],
            [
              13.323861933667498,
              11.713301155827823
            ],
            [
              13.323566584010651,
              11.712828988063547
            ],
            [
              13.323265378083232,
              11.712360427517108
            ],
            [
              13.322958361268551,
              11.711895544736366
            ],
            [
              13.322645579824156,
              11.711434409715016
            ],
            [
              13.322327080874846,
              11.710977091882016
            ],
            [
              13.322002912405575,
              11.710523660091182
            ],
            [
              13.321673123254191,
              11.710074182610796
            ],
            [
              13.321337763104097,
              11.709628727113346
            ],
            [
              13.320996882476733,
              11.709187360665345
            ],
            [
              13.32065053272398,
              11.708750149717247
            ],
            [
              13.320298766020393,
              11.70831716009344
            ],
            [
              13.319941635355358,
              11.707888456982358
            ],
            [
              13.319579194525089,
              11.707464104926657
            ],
            [
              13.319211498124513,
              11.707044167813518
            ],
            [
              13.318838601539067,
              11.706628708865034
            ],
            [
              13.31846056093632,
              11.706217790628706
            ],
            [
              13.31807743325752,
              11.705811474968026
            ],
            [
              13.31768927620902,
              11.705409823053174
            ],
            [
              13.317296148253575,
              11.70501289535182
            ],
            [
              13.316898108601535,
              11.704620751620034
            ],
            [
              13.316495217201922,
              11.70423345089328
            ],
            [
              13.316087534733395,
              11.703851051477574
            ],
            [
              13.315675122595131,
              11.703473610940675
            ],
            [
              13.315258042897543,
              11.70310118610345
            ],
            [
              13.314836358452952,
              11.702733833031317
            ],
            [
              13.314410132766112,
              11.70237160702584
            ],
            [
              13.313979430024656,
              11.702014562616375
            ],
            [
              13.313544315089418,
              11.701662753551899
            ],
            [
              13.31310485348468,
              11.701316232792912
            ],
            [
              13.312661111388296,
              11.700975052503495
            ],
            [
              13.312213155621727,
              11.700639264043433
            ],
            [
              13.31176105363999,
              11.700308917960522
            ],
            [
              13.311304873521498,
              11.699984063982951
            ],
            [
              13.310844683957805,
              11.699664751011849
            ],
            [
              13.31038055424328,
              11.699351027113895
            ],
            [
              13.309912554264658,
              11.699042939514136
            ],
            [
              13.309440754490543,
              11.698740534588849
            ],
            [
              13.308965225960785,
              11.698443857858585
            ],
            [
              13.308486040275794,
              11.69815295398134
            ],
            [
              13.308003269585765,
              11.697867866745817
            ],
            [
              13.307516986579822,
              11.697588639064863
            ],
            [
              13.30702726447508,
              11.697315312968996
            ],
            [
              13.306534177005624,
              11.697047929600117
            ],
            [
              13.306037798411417,
              11.696786529205305
            ],
            [
              13.30553820342713,
              11.696531151130769
            ],
            [
              13.305035467270905,
              11.696281833815954
            ],
            [
              13.304529665633021,
              11.696038614787724
            ],
            [
              13.304020874664529,
              11.695801530654778
            ],
            [
              13.303509170965782,
              11.695570617102089
            ],
            [
              13.302994631574911,
              11.695345908885589
            ],
            [
              13.302477333956254,
              11.695127439826917
            ],
            [
              13.301957355988684,
              11.69491524280835
            ],
            [
              13.301434775953906,
              11.694709349767855
            ],
            [
              13.300909672524677,
              11.694509791694301
            ],
            [
              13.300382124752986,
              11.694316598622784
            ],
            [
              13.29985221205815,
              11.694129799630138
            ],
            [
              13.299320014214876,
              11.693949422830547
            ],
            [
              13.298785611341271,
              11.693775495371328
            ],
            [
              13.298249083886784,
              11.693608043428862
            ],
            [
              13.297710512620109,
              11.693447092204632
            ],
            [
              13.297169978617049,
              11.693292665921483
            ],
            [
              13.296627563248315,
              11.693144787819945
            ],
            [
              13.296083348167294,
              11.693003480154763
            ],
            [
              13.295537415297773,
              11.692868764191534
            ],
            [
              13.294989846821624,
              11.692740660203544
            ],
            [
              13.29444072516644,
              11.692619187468699
            ],
            [
              13.29389013299315,
              11.69250436426664
            ],
            [
              13.293338153183583,
              11.692396207875987
            ],
            [
              13.292784868828017,
              11.692294734571773
            ],
            [
              13.292230363212681,
              11.692199959622956
            ],
            [
              13.291674719807238,
              11.692111897290179
            ],
            [
              13.291118022252231,
              11.692030560823582
            ],
            [
              13.290560354346516,
              11.69195596246085
            ],
            [
              13.29000180003466,
              11.691888113425355
            ],
            [
              13.289442443394327,
              11.691827023924484
            ],
            [
              13.288882368623634,
              11.691772703148091
            ],
            [
              13.288321660028497,
              11.691725159267147
            ],
            [
              13.287760402009956,
              11.691684399432482
            ],
            [
              13.287198679051496,
              11.691650429773752
            ],
            [
              13.286636575706336,
              11.691623255398488
            ],
            [
              13.286074176584728,
              11.691602880391338
            ],
            [
              13.285511566341238,
              11.69158930781347
            ],
            [
              13.284948829662023,
              11.691582539702107
            ],
            [
              13.284386051252088,
              11.69158257707023
            ],
            [
              13.283823315822586,
              11.69158941990641
            ],
            [
              13.283260708078046,
              11.691603067174842
            ],
            [
              13.282698312703673,
              11.691623516815477
            ],
            [
              13.282136214352601,
              11.691650765744356
            ],
            [
              13.281574497633182,
              11.691684809854072
            ],
            [
              13.281013247096256,
              11.691725644014369
            ],
            [
              13.280452547222458,
              11.69177326207296
            ],
            [
              13.279892482409505,
              11.691827656856411
            ],
            [
              13.279333136959522,
              11.691888820171252
            ],
            [
              13.278774595066368,
              11.691956742805198
            ],
            [
              13.27821694080298,
              11.692031414528547
            ],
            [
              13.27766025810874,
              11.692112824095707
            ],
            [
              13.277104630776853,
              11.692200959246902
            ],
            [
              13.276550142441758,
              11.692295806710016
            ],
            [
              13.275996876566555,
              11.692397352202592
            ],
            [
              13.275444916430468,
              11.692505580433965
            ],
            [
              13.274894345116309,
              11.692620475107605
            ],
            [
              13.274345245498008,
              11.692742018923521
            ],
            [
              13.273797700228156,
              11.692870193580891
            ],
            [
              13.273251791725565,
              11.693004979780826
            ],
            [
              13.2727076021629,
              11.693146357229242
            ],
            [
              13.272165213454311,
              11.693294304639945
            ],
            [
              13.271624707243134,
              11.693448799737826
            ],
            [
              13.271086164889612,
              11.693609819262186
            ],
            [
              13.27054966745866,
              11.693777338970278
            ],
            [
              13.270015295707688,
              11.693951333640928
            ],
            [
              13.269483130074466,
              11.69413177707833
            ],
            [
              13.268953250665014,
              11.694318642115999
            ],
            [
              13.268425737241571,
              11.694511900620842
            ],
            [
              13.267900669210619,
              11.694711523497409
            ],
            [
              13.267378125610914,
              11.694917480692247
            ],
            [
              13.266858185101633,
              11.695129741198441
            ],
            [
              13.266340925950528,
              11.69534827306027
            ],
            [
              13.265826426022173,
              11.695573043378008
            ],
            [
              13.265314762766254,
              11.695804018312876
            ],
            [
              13.264806013205915,
              11.696041163092142
            ],
            [
              13.264300253926194,
              11.69628444201433
            ],
            [
              13.263797561062496,
              11.69653381845462
            ],
            [
              13.26329801028915,
              11.696789254870318
            ],
            [
              13.262801676808028,
              11.697050712806531
            ],
            [
              13.262308635337241,
              11.697318152901946
            ],
            [
              13.261818960099895,
              11.69759153489474
            ],
            [
              13.261332724812945,
              11.697870817628633
            ],
            [
              13.26085000267609,
              11.698155959059116
            ],
            [
              13.26037086636078,
              11.698446916259709
            ],
            [
              13.259895387999283,
              11.698743645428467
            ],
            [
              13.259423639173832,
              11.699046101894552
            ],
            [
              13.258955690905863,
              11.69935424012495
            ],
            [
              13.258491613645333,
              11.699668013731317
            ],
            [
              13.258031477260118,
              11.699987375476965
            ],
            [
              13.257575351025514,
              11.700312277283954
            ],
            [
              13.257123303613804,
              11.700642670240322
            ],
            [
              13.256675403083939,
              11.700978504607454
            ],
            [
              13.256231716871287,
              11.701319729827556
            ],
            [
              13.255792311777501,
              11.701666294531249
            ],
            [
              13.255357253960458,
              11.702018146545305
            ],
            [
              13.254926608924313,
              11.702375232900488
            ],
            [
              13.25450044150963,
              11.702737499839532
            ],
            [
              13.254078815883643,
              11.703104892825204
            ],
            [
              13.253661795530588,
              11.703477356548522
            ],
            [
              13.253249443242149,
              11.703854834937065
            ],
            [
              13.252841821108015,
              11.704237271163421
            ],
            [
              13.252438990506528,
              11.704624607653702
            ],
            [
              13.25204101209545,
              11.705016786096248
            ],
            [
              13.251647945802828,
              11.705413747450343
            ],
            [
              13.251259850817979,
              11.705815431955148
            ],
            [
              13.250876785582568,
              11.706221779138643
            ],
            [
              13.250498807781828,
              11.706632727826753
            ],
            [
              13.25012597433585,
              11.707048216152543
            ],
            [
              13.249758341391038,
              11.707468181565499
            ],
            [
              13.249395964311637,
              11.707892560840964
            ],
            [
              13.249038897671399,
              11.708321290089645
            ],
            [
              13.248687195245372,
              11.708754304767204
            ],
            [
              13.248340910001785,
              11.709191539683973
            ],
            [
              13.24800009409409,
              11.709632929014768
            ],
            [
              13.247664798853082,
              11.710078406308785
            ],
            [
              13.247335074779187,
              11.710527904499582
            ],
            [
              13.24701097153484,
              11.71098135591519
            ],
            [
              13.246692537937008,
              11.711438692288269
            ],
            [
              13.246379821949828,
              11.711899844766394
            ],
            [
              13.246072870677386,
              11.712364743922397
            ],
            [
              13.245771730356616,
              11.712833319764826
            ],
            [
              13.245476446350317,
              11.713305501748453
            ],
            [
              13.245187063140335,
              11.713781218784902
            ],
            [
              13.244903624320845,
              11.714260399253336
            ],
            [
              13.244626172591769,
              11.714742971011232
            ],
            [
              13.244354749752365,
              11.715228861405228
            ],
            [
              13.244089396694887,
              11.715717997282066
            ],
            [
              13.243830153398443,
              11.716210304999578
            ],
            [
              13.243577058922952,
              11.716705710437777
            ],
            [
              13.243330151403255,
              11.717204139009997
            ],
            [
              13.243089468043356,
              11.717705515674131
            ],
            [
              13.24285504511081,
              11.71820976494391
            ],
            [
              13.242626917931254,
              11.718716810900244
            ],
            [
              13.242405120883054,
              11.719226577202672
            ],
            [
              13.242189687392145,
              11.71973898710083
            ],
            [
              13.24198064992695,
              11.720253963446003
            ],
            [
              13.241778039993502,
              11.720771428702728
            ],
            [
              13.241581888130662,
              11.72129130496047
            ],
            [
              13.241392223905528,
              11.721813513945326
            ],
            [
              13.241209075908944,
              11.722337977031822
            ],
            [
              13.241032471751188,
              11.72286461525473
            ],
            [
              13.240862438057796,
              11.723393349320961
            ],
            [
              13.240699000465534,
              11.72392409962148
            ],
            [
              13.24054218361852,
              11.72445678624329
            ],
            [
              13.240392011164493,
              11.724991328981478
            ],
            [
              13.240248505751229,
              11.725527647351258
            ],
            [
              13.240111689023117,
              11.726065660600083
            ],
            [
              13.23998158161788,
              11.726605287719822
            ],
            [
              13.239858203163442,
              11.727146447458917
            ],
            [
              13.239741572274955,
              11.727689058334644
            ],
            [
              13.239631706551972,
              11.728233038645334
            ],
            [
              13.23952862257578,
              11.728778306482722
            ],
            [
              13.239432335906875,
              11.729324779744227
            ],
            [
              13.239342861082603,
              11.729872376145336
            ],
            [
              13.239260211614948,
              11.730421013231972
            ],
            [
              13.239184399988464,
              11.730970608392914
            ],
            [
              13.23911543765839,
              11.731521078872234
            ],
            [
              13.239053335048887,
              11.732072341781736
            ],
            [
              13.238998101551452,
              11.732624314113457
            ],
            [
              13.238949745523483,
              11.73317691275213
            ],
            [
              13.238908274286985,
              11.733730054487728
            ],
            [
              13.238873694127456,
              11.734283656027971
            ],
            [
              13.238846010292908,
              11.734837634010857
            ],
            [
              13.238825226993058,
              11.735391905017238
            ],
            [
              13.238811347398668,
              11.735946385583343
            ],
            [
              13.238804373641035,
              11.736500992213374
            ],
            [
              13.238804306811664,
              11.737055641392054
            ],
            [
              13.238811146962059,
              11.73761024959721
            ],
            [
              13.238824893103695,
              11.738164733312347
            ],
            [
              13.238845543208157,
              11.73871900903922
            ],
            [
              13.238873094207399,
              11.73927299331041
            ],
            [
              13.238907541994196,
              11.739826602701877
            ],
            [
              13.238948881422724,
              11.740379753845543
            ],
            [
              13.238997106309325,
              11.740932363441829
            ],
            [
              13.239052209433405,
              11.741484348272193
            ],
            [
              13.23911418253849,
              11.742035625211681
            ],
            [
              13.239183016333456,
              11.742586111241419
            ],
            [
              13.239258700493899,
              11.743135723461151
            ],
            [
              13.239341223663658,
              11.743684379101667
            ],
            [
              13.239430573456508,
              11.74423199553733
            ],
            [
              13.239526736457996,
              11.744778490298474
            ],
            [
              13.239629698227443,
              11.745323781083833
            ],
            [
              13.239739443300081,
              11.745867785772953
            ],
            [
              13.23985595518937,
              11.746410422438554
            ],
            [
              13.23997921638945,
              11.746951609358844
            ],
            [
              13.240109208377753,
              11.747491265029863
            ],
            [
              13.24024591161777,
              11.748029308177736
            ],
            [
              13.240389305561969,
              11.748565657770927
            ],
            [
              13.24053936865486,
              11.749100233032442
            ],
            [
              13.24069607833623,
              11.749632953451979
            ],
            [
              13.2408594110445,
              11.750163738798094
            ],
            [
              13.24102934222027,
              11.750692509130241
            ],
            [
              13.241205846309972,
              11.751219184810848
            ],
            [
              13.241388896769715,
              11.751743686517305
            ],
            [
              13.241578466069255,
              11.752265935253904
            ],
            [
              13.241774525696107,
              11.752785852363758
            ],
            [
              13.241977046159834,
              11.753303359540636
            ],
            [
              13.242185996996453,
              11.753818378840766
            ],
            [
              13.242401346773017,
              11.754330832694576
            ],
            [
              13.242623063092305,
              11.754840643918387
            ],
            [
              13.242851112597707,
              11.755347735726046
            ],
            [
              13.243085460978207,
              11.755852031740476
            ],
            [
              13.24332607297354,
              11.756353456005213
            ],
            [
              13.243572912379477,
              11.756851932995817
            ],
            [
              13.243825942053268,
              11.757347387631295
            ],
            [
              13.244085123919207,
              11.757839745285382
            ],
            [
              13.244350418974353,
              11.758328931797793
            ],
            [
              13.244621787294385,
              11.758814873485413
            ],
            [
              13.244899188039597,
              11.759297497153383
            ],
            [
              13.24518257946103,
              11.759776730106152
            ],
            [
              13.24547191890675,
              11.760252500158412
            ],
            [
              13.24576716282825,
              11.760724735645994
            ],
            [
              13.246068266786988,
              11.761193365436652
            ],
            [
              13.246375185461076,
              11.761658318940814
            ],
            [
              13.246687872652087,
              11.762119526122186
            ],
            [
              13.247006281291991,
              11.762576917508337
            ],
            [
              13.247330363450239,
              11.76303042420115
            ],
            [
              13.247660070340967,
              11.763479977887231
            ],
            [
              13.24799535233033,
              11.763925510848175
            ],
            [
              13.248336158943962,
              11.76436695597082
            ],
            [
              13.248682438874571,
              11.764804246757313
            ],
            [
              13.249034139989657,
              11.76523731733518
            ],
            [
              13.249391209339343,
              11.76566610246722
            ],
            [
              13.249753593164353,
              11.766090537561375
            ],
            [
              13.25012123690409,
              11.76651055868044
            ],
            [
              13.250494085204844,
              11.766926102551718
            ],
            [
              13.250872081928131,
              11.767337106576559
            ],
            [
              13.251255170159132,
              11.767743508839798
            ],
            [
              13.251643292215254,
              11.768145248119083
            ],
            [
              13.252036389654826,
              11.76854226389412
            ],
            [
              13.25243440328588,
              11.768934496355792
            ],
            [
              13.252837273175068,
              11.76932188641517
            ],
            [
              13.253244938656676,
              11.769704375712452
            ],
            [
              13.253657338341778,
              11.770081906625721
            ],
            [
              13.25407441012745,
              11.770454422279682
            ],
            [
              13.254496091206143,
              11.770821866554193
            ],
            [
              13.254922318075126,
              11.771184184092776
            ],
            [
              13.255353026546059,
              11.771541320310927
            ],
            [
              13.255788151754652,
              11.771893221404367
            ],
            [
              13.256227628170441,
              11.772239834357162
            ],
            [
              13.256671389606645,
              11.772581106949705
            ],
            [
              13.257119369230153,
              11.772916987766596
            ],
            [
              13.257571499571583,
              11.773247426204424
            ],
            [
              13.258027712535437,
              11.773572372479348
            ],
            [
              13.258487939410374,
              11.77389177763466
            ],
            [
              13.258952110879555,
              11.77420559354814
            ],
            [
              13.259420157031089,
              11.77451377293933
            ],
            [
              13.259892007368562,
              11.774816269376648
            ],
            [
              13.260367590821664,
              11.77511303728442
            ],
            [
              13.260846835756906,
              11.775404031949735
            ],
            [
              13.261329669988397,
              11.7756892095292
            ],
            [
              13.261816020788743,
              11.77596852705555
            ],
            [
              13.26230581489999,
              11.776241942444141
            ],
            [
              13.26279897854468,
              11.776509414499289
            ],
            [
              13.263295437436966,
              11.776770902920495
            ],
            [
              13.263795116793803,
              11.77702636830852
            ],
            [
              13.264297941346236,
              11.777275772171341
            ],
            [
              13.264803835350731,
              11.777519076929934
            ],
            [
              13.265312722600603,
              11.777756245923985
            ],
            [
              13.2658245264375,
              11.777987243417389
            ],
            [
              13.266339169762974,
              11.778212034603657
            ],
            [
              13.266856575050078,
              11.77843058561117
            ],
            [
              13.267376664355089,
              11.778642863508287
            ],
            [
              13.267899359329233,
              11.778848836308324
            ],
            [
              13.268424581230514,
              11.779048472974369
            ],
            [
              13.268952250935586,
              11.779241743423983
            ],
            [
              13.269482288951682,
              11.779428618533721
            ],
            [
              13.270014615428604,
              11.779609070143552
            ],
            [
              13.270549150170764,
              11.779783071061095
            ],
            [
              13.271085812649279,
              11.779950595065722
            ],
            [
              13.27162452201412,
              11.780111616912535
            ],
            [
              13.272165197106302,
              11.78026611233616
            ],
            [
              13.272707756470124,
              11.780414058054408
            ],
            [
              13.273252118365464,
              11.780555431771813
            ],
            [
              13.273798200780098,
              11.780690212182984
            ],
            [
              13.274345921442071,
              11.780818378975818
            ],
            [
              13.274895197832127,
              11.780939912834576
            ],
            [
              13.275445947196124,
              11.7810547954428
            ],
            [
              13.275998086557548,
              11.781163009486084
            ],
            [
              13.276551532730013,
              11.781264538654666
            ],
            [
              13.277106202329817,
              11.78135936764594
            ],
            [
              13.27766201178852,
              11.781447482166712
            ],
            [
              13.278218877365555,
              11.781528868935396
            ],
            [
              13.278776715160854,
              11.781603515684019
            ],
            [
              13.279335441127513,
              11.781671411160056
            ],
            [
              13.279894971084474,
              11.781732545128145
            ],
            [
              13.28045522072922,
              11.78178690837165
            ],
            [
              13.281016105650492,
              11.781834492694022
            ],
            [
              13.281577541341042,
              11.781875290920064
            ],
            [
              13.282139443210363,
              11.781909296896997
            ],
            [
              13.282701726597464,
              11.781936505495416
            ],
            [
              13.283264306783641,
              11.781956912610056
            ],
            [
              13.283827099005265,
              11.781970515160403
            ],
            [
              13.28439001846656,
              11.781977311091188
            ],
            [
              13.284952980352417,
              11.78197729937267
            ],
            [
              13.28551589984117,
              11.78197048000083
            ],
            [
              13.286078692117416,
              11.78195685399733
            ],
            [
              13.286641272384795,
              11.781936423409423
            ],
            [
              13.287203555878797,
              11.781909191309579
            ],
            [
              13.287765457879553,
              11.781875161795078
            ],
            [
              13.28832689372461,
              11.781834339987373
            ],
            [
              13.288887778821717,
              11.781786732031323
            ],
            [
              13.28944802866158,
              11.781732345094273
            ],
            [
              13.29000755883062,
              11.781671187364957
            ],
            [
              13.290566285023713,
              11.7816032680523
            ],
            [
              13.291124123056905,
              11.781528597384016
            ],
            [
              13.291680988880119,
              11.781447186605046
            ],
            [
              13.292236798589839,
              11.781359047975899
            ],
            [
              13.292791468441768,
              11.781264194770797
            ],
            [
              13.293344914863464,
              11.781162641275642
            ],
            [
              13.293897054466957,
              11.781054402785923
            ],
            [
              13.29444780406132,
              11.780939495604352
            ],
            [
              13.294997080665238,
              11.780817937038456
            ],
            [
              13.295544801519515,
              11.780689745397934
            ],
            [
              13.296090884099568,
              11.78055493999192
            ],
            [
              13.296635246127876,
              11.78041354112605
            ],
            [
              13.297177805586395,
              11.780265570099422
            ],
            [
              13.297718480728948,
              11.780111049201386
            ],
            [
              13.298257190093524,
              11.779950001708166
            ],
            [
              13.298793852514613,
              11.77978245187936
            ],
            [
              13.299328387135416,
              11.77960842495429
            ],
            [
              13.299860713420061,
              11.779427947148188
            ],
            [
              13.300390751165757,
              11.779241045648236
            ],
            [
              13.300918420514881,
              11.779047748609502
            ],
            [
              13.30144364196704,
              11.778848085150644
            ],
            [
              13.30196633639105,
              11.778642085349553
            ],
            [
              13.302486425036895,
              11.77842978023881
            ],
            [
              13.303003829547583,
              11.778211201801016
            ],
            [
              13.303518471970982,
              11.77798638296394
            ],
            [
              13.304030274771575,
              11.777755357595595
            ],
            [
              13.30453916084216,
              11.777518160499085
            ],
            [
              13.30504505351547,
              11.7772748274074
            ],
            [
              13.305547876575746,
              11.777025394978
            ],
            [
              13.306047554270238,
              11.7767699007873
            ],
            [
              13.306544011320621,
              11.776508383324991
            ],
            [
              13.30703717293435,
              11.776240881988244
            ],
            [
              13.307526964815947,
              11.775967437075778
            ],
            [
              13.308013313178202,
              11.77568808978175
            ],
            [
              13.308496144753294,
              11.775402882189594
            ],
            [
              13.308975386803855,
              11.775111857265616
            ],
            [
              13.309450967133929,
              11.774815058852566
            ],
            [
              13.30992281409986,
              11.774512531662987
            ],
            [
              13.310390856621094,
              11.774204321272501
            ],
            [
              13.310855024190902,
              11.773890474112916
            ],
            [
              13.311315246887006,
              11.773571037465217
            ],
            [
              13.311771455382123,
              11.773246059452479
            ],
            [
              13.312223580954416,
              11.772915589032554
            ],
            [
              13.31267155549786,
              11.77257967599072
            ],
            [
              13.313115311532494,
              11.77223837093217
            ],
            [
              13.313554782214613,
              11.771891725274363
            ],
            [
              13.313989901346833,
              11.771539791239302
            ],
            [
              13.314420603388065,
              11.77118262184562
            ],
            [
              13.314846823463403,
              11.770820270900611
            ],
            [
              13.315268497373896,
              11.770452792992108
            ],
            [
              13.315685561606225,
              11.77008024348024
            ],
            [
              13.316097953342272,
              11.769702678489105
            ],
            [
              13.316505610468585,
              11.769320154898294
            ],
            [
              13.31690847158575,
              11.768932730334305
            ],
            [
              13.317306476017617,
              11.768540463161862
            ],
            [
              13.317699563820469,
              11.76814341247512
            ],
            [
              13.318087675792032,
              11.767741638088731
            ],
            [
              13.318470753480407,
              11.767335200528857
            ],
            [
              13.318848739192864,
              11.766924161024011
            ],
            [
              13.319221576004544,
              11.76650858149584
            ],
            [
              13.319589207767013,
              11.766088524549785
            ],
            [
              13.319951579116742,
              11.76566405346564
            ],
            [
              13.32030863548343,
              11.765235232188008
            ],
            [
              13.320660323098217,
              11.76480212531666
            ],
            [
              13.321006589001795,
              11.764364798096787
            ],
            [
              13.321347381052366,
              11.763923316409189
            ],
            [
              13.3216826479335,
              11.76347774676029
            ],
            [
              13.322012339161859,
              11.763028156272169
            ],
            [
              13.32233640509479,
              11.762574612672388
            ],
            [
              13.322654796937803,
              11.762117184283818
            ],
            [
              13.32296746675191,
              11.76165594001431
            ],
            [
              13.323274367460838,
              11.76119094934632
            ],
            [
              13.323575452858119,
              11.760722282326432
            ],
            [
              13.323870677614028,
              11.760250009554788
            ],
            [
              13.324159997282411,
              11.759774202174453
            ],
            [
              13.324443368307374,
              11.759294931860685
            ],
            [
              13.324720748029826,
              11.758812270810129
            ],
            [
              13.324992094693886,
              11.758326291729926
            ],
            [
              13.325257367453185,
              11.757837067826761
            ],
            [
              13.325516526376981,
              11.757344672795826
            ],
            [
              13.325769532456182,
              11.756849180809702
            ],
            [
              13.326016347609194,
              11.756350666507183
            ],
            [
              13.326256934687645,
              11.755849204982018
            ],
            [
              13.326491257481983,
              11.755344871771607
            ],
            [
              13.32671928072689,
              11.75483774284558
            ],
            [
              13.3269409701066,
              11.75432789459439
            ],
            [
              13.327156292260042,
              11.753815403817763
            ],
            [
              13.327365214785855,
              11.753300347713127
            ],
            [
              13.327567706247242,
              11.752782803863992
            ],
            [
              13.3277637361767,
              11.752262850228236
            ],
            [
              13.327953275080585,
              11.75174056512637
            ],
            [
              13.32813629444354,
              11.751216027229715
            ],
            [
              13.328312766732772,
              11.750689315548566
            ],
            [
              13.328482665402175,
              11.750160509420258
            ],
            [
              13.32864596489632,
              11.749629688497237
            ],
            [
              13.32880264065427,
              11.749096932735032
            ],
            [
              13.32895266911328,
              11.74856232238021
            ],
            [
              13.329096027712303,
              11.748025937958289
            ],
            [
              13.329232694895389,
              11.747487860261595
            ],
            [
              13.329362650114891,
              11.74694817033709
            ],
            [
              13.329485873834564,
              11.746406949474151
            ],
            [
              13.329602347532456,
              11.745864279192338
            ],
            [
              13.329712053703702,
              11.745320241229082
            ],
            [
              13.329814975863123,
              11.744774917527392
            ],
            [
              13.329911098547692,
              11.744228390223496
            ],
            [
              13.330000407318845,
              11.743680741634462
            ],
            [
              13.330082888764624,
              11.743132054245793
            ],
            [
              13.330158530501679,
              11.742582410699018
            ],
            [
              13.330227321177109,
              11.742031893779213
            ],
            [
              13.33028925047015,
              11.74148058640254
            ],
            [
              13.330344309093705,
              11.740928571603757
            ],
            [
              13.330392488795715,
              11.7403759325237
            ],
            [
              13.330433782360384,
              11.739822752396767
            ],
            [
              13.330468183609238,
              11.739269114538361
            ],
            [
              13.330495687402035,
              11.738715102332353
            ],
            [
              13.330516289637506,
              11.738160799218514
            ],
            [
              13.330529987253957,
              11.737606288679954
            ],
            [
              13.330536778229705,
              11.737051654230521
            ],
            [
              13.33053666158335,
              11.73649697940226
            ]
          ],
          [
            [
              13.303013836462753,
              11.737111394668819
            ],
            [
              13.303008335573468,
              11.737333195347396
            ],
            [
              13.303000072943878,
              11.737554912799725
            ],
            [
              13.30298904981176,
              11.73777651363481
            ],
            [
              13.30297526783065,
              11.737997964479156
            ],
            [
              13.30295872906959,
              11.73821923198179
            ],
            [
              13.302939436012839,
              11.738440282819251
            ],
            [
              13.302917391559477,
              11.738661083700649
            ],
            [
              13.302892599022998,
              11.738881601372654
            ],
            [
              13.302865062130795,
              11.739101802624521
            ],
            [
              13.302834785023617,
              11.739321654293082
            ],
            [
              13.302801772254934,
              11.739541123267754
            ],
            [
              13.302766028790272,
              11.739760176495489
            ],
            [
              13.302727560006456,
              11.739978780985815
            ],
            [
              13.302686371690813,
              11.74019690381575
            ],
            [
              13.30264247004029,
              11.740414512134793
            ],
            [
              13.30259586166054,
              11.740631573169846
            ],
            [
              13.302546553564929,
              11.740848054230186
            ],
            [
              13.302494553173469,
              11.741063922712359
            ],
            [
              13.30243986831172,
              11.741279146105098
            ],
            [
              13.302382507209606,
              11.74149369199424
            ],
            [
              13.302322478500182,
              11.74170752806757
            ],
            [
              13.302259791218333,
              11.741920622119741
            ],
            [
              13.302194454799428,
              11.74213294205707
            ],
            [
              13.302126479077884,
              11.742344455902407
            ],
            [
              13.302055874285706,
              11.742555131799955
            ],
            [
              13.301982651050938,
              11.742764938020045
            ],
            [
              13.301906820396068,
              11.742973842963936
            ],
            [
              13.30182839373637,
              11.743181815168567
            ],
            [
              13.301747382878196,
              11.743388823311292
            ],
            [
              13.301663800017183,
              11.743594836214616
            ],
            [
              13.301577657736436,
              11.743799822850871
            ],
            [
              13.30148896900463,
              11.744003752346911
            ],
            [
              13.301397747174057,
              11.744206593988737
            ],
            [
              13.301304005978617,
              11.744408317226155
            ],
            [
              13.30120775953176,
              11.744608891677355
            ],
            [
              13.301109022324347,
              11.744808287133493
            ],
            [
              13.30100780922249,
              11.745006473563254
            ],
            [
              13.300904135465299,
              11.745203421117367
            ],
            [
              13.300798016662599,
              11.745399100133103
            ],
            [
              13.30068946879257,
              11.74559348113873
            ],
            [
              13.30057850819936,
              11.74578653485799
            ],
            [
              13.300465151590606,
              11.74597823221447
            ],
            [
              13.300349416034932,
              11.746168544336008
            ],
            [
              13.300231318959376,
              11.746357442559036
            ],
            [
              13.300110878146768,
              11.746544898432889
            ],
            [
              13.299988111733052,
              11.746730883724107
            ],
            [
              13.299863038204556,
              11.746915370420682
            ],
            [
              13.299735676395208,
              11.74709833073627
            ],
            [
              13.29960604548371,
              11.747279737114402
            ],
            [
              13.299474164990635,
              11.747459562232606
            ],
            [
              13.299340054775499,
              11.747637779006542
            ],
            [
              13.299203735033766,
              11.747814360594075
            ],
            [
              13.29906522629382,
              11.747989280399329
            ],
            [
              13.298924549413845,
              11.748162512076686
            ],
            [
              13.298781725578722,
              11.748334029534755
            ],
            [
              13.298636776296808,
              11.748503806940306
            ],
            [
              13.298489723396711,
              11.748671818722158
            ],
            [
              13.298340589024004,
              11.74883803957505
            ],
            [
              13.298189395637884,
              11.749002444463427
            ],
            [
              13.298036166007792,
              11.749165008625228
            ],
            [
              13.297880923209986,
              11.749325707575618
            ],
            [
              13.297723690624064,
              11.749484517110666
            ],
            [
              13.29756449192944,
              11.749641413311013
            ],
            [
              13.297403351101787,
              11.749796372545447
            ],
            [
              13.297240292409409,
              11.749949371474486
            ],
            [
              13.297075340409602,
              11.750100387053893
            ],
            [
              13.29690851994495,
              11.750249396538143
            ],
            [
              13.296739856139572,
              11.750396377483838
            ],
            [
              13.29656937439536,
              11.75054130775311
            ],
            [
              13.296397100388129,
              11.75068416551696
            ],
            [
              13.296223060063769,
              11.750824929258519
            ],
            [
              13.296047279634317,
              11.750963577776304
            ],
            [
              13.295869785574025,
              11.75110009018743
            ],
            [
              13.295690604615363,
              11.751234445930738
            ],
            [
              13.295509763744995,
              11.75136662476989
            ],
            [
              13.29532729019971,
              11.751496606796431
            ],
            [
              13.295143211462321,
              11.751624372432781
            ],
            [
              13.294957555257525,
              11.751749902435188
            ],
            [
              13.294770349547727,
              11.75187317789663
            ],
            [
              13.294581622528819,
              11.751994180249657
            ],
            [
              13.294391402625939,
              11.752112891269187
            ],
            [
              13.294199718489192,
              11.752229293075276
            ],
            [
              13.294006598989323,
              11.75234336813577
            ],
            [
              13.293812073213372,
              11.752455099268994
            ],
            [
              13.293616170460293,
              11.752564469646298
            ],
            [
              13.293418920236537,
              11.75267146279463
            ],
            [
              13.293220352251604,
              11.752776062598981
            ],
            [
              13.293020496413567,
              11.752878253304853
            ],
            [
              13.292819382824575,
              11.7529780195206
            ],
            [
              13.2926170417763,
              11.753075346219763
            ],
            [
              13.292413503745383,
              11.753170218743332
            ],
            [
              13.29220879938884,
              11.753262622801953
            ],
            [
              13.292002959539445,
              11.753352544478082
            ],
            [
              13.291796015201074,
              11.75343997022808
            ],
            [
              13.291587997544044,
              11.753524886884259
            ],
            [
              13.291378937900404,
              11.753607281656866
            ],
            [
              13.291168867759229,
              11.753687142135991
            ],
            [
              13.290957818761859,
              11.753764456293482
            ],
            [
              13.29074582269714,
              11.753839212484687
            ],
            [
              13.290532911496632,
              11.75391139945029
            ],
            [
              13.290319117229787,
              11.75398100631794
            ],
            [
              13.290104472099134,
              11.754048022603925
            ],
            [
              13.289889008435413,
              11.754112438214749
            ],
            [
              13.289672758692701,
              11.75417424344863
            ],
            [
              13.289455755443534,
              11.754233428996992
            ],
            [
              13.28923803137398,
              11.754289985945851
            ],
            [
              13.289019619278728,
              11.754343905777151
            ],
            [
              13.288800552056136,
              11.754395180370064
            ],
            [
              13.288580862703284,
              11.75444380200221
            ],
            [
              13.288360584310986,
              11.754489763350803
            ],
            [
              13.288139750058813,
              11.754533057493779
            ],
            [
              13.28791839321009,
              11.754573677910825
            ],
            [
              13.287696547106881,
              11.754611618484354
            ],
            [
              13.287474245164965,
              11.754646873500455
            ],
            [
              13.287251520868804,
              11.754679437649704
            ],
            [
              13.287028407766487,
              11.75470930602803
            ],
            [
              13.286804939464682,
              11.754736474137392
            ],
            [
              13.28658114962357,
              11.754760937886482
            ],
            [
              13.286357071951764,
              11.754782693591359
            ],
            [
              13.286132740201243,
              11.754801737975964
            ],
            [
              13.285908188162248,
              11.754818068172654
            ],
            [
              13.285683449658203,
              11.754831681722605
            ],
            [
              13.28545855854061,
              11.754842576576188
            ],
            [
              13.28523354868395,
              11.754850751093286
            ],
            [
              13.285008453980577,
              11.754856204043532
            ],
            [
              13.284783308335609,
              11.754858934606505
            ],
            [
              13.284558145661817,
              11.754858942371836
            ],
            [
              13.28433299987452,
              11.754856227339284
            ],
            [
              13.284107904886465,
              11.754850789918729
            ],
            [
              13.283882894602721,
              11.754842630930112
            ],
            [
              13.283658002915566,
              11.754831751603305
            ],
            [
              13.283433263699381,
              11.754818153577936
            ],
            [
              13.28320871080555,
              11.754801838903129
            ],
            [
              13.282984378057344,
              11.754782810037204
            ],
            [
              13.282760299244838,
              11.754761069847307
            ],
            [
              13.282536508119815,
              11.75473662160896
            ],
            [
              13.282313038390665,
              11.754709469005597
            ],
            [
              13.28208992371733,
              11.754679616127978
            ],
            [
              13.281867197706212,
              11.754647067473593
            ],
            [
              13.281644893905112,
              11.754611827945967
            ],
            [
              13.281423045798181,
              11.754573902853934
            ],
            [
              13.281201686800868,
              11.754533297910838
            ],
            [
              13.280980850254885,
              11.754490019233655
            ],
            [
              13.280760569423176,
              11.754444073342084
            ],
            [
              13.280540877484924,
              11.754395467157554
            ],
            [
              13.280321807530527,
              11.754344208002204
            ],
            [
              13.280103392556624,
              11.754290303597744
            ],
            [
              13.279885665461126,
              11.754233762064318
            ],
            [
              13.279668659038247,
              11.754174591919265
            ],
            [
              13.279452405973569,
              11.754112802075841
            ],
            [
              13.27923693883912,
              11.754048401841882
            ],
            [
              13.279022290088454,
              11.753981400918383
            ],
            [
              13.278808492051775,
              11.753911809398046
            ],
            [
              13.278595576931055,
              11.753839637763768
            ],
            [
              13.278383576795184,
              11.753764896887034
            ],
            [
              13.278172523575138,
              11.753687598026318
            ],
            [
              13.277962449059173,
              11.75360775282534
            ],
            [
              13.27775338488802,
              11.75352537331135
            ],
            [
              13.277545362550141,
              11.75344047189328
            ],
            [
              13.277338413376961,
              11.75335306135992
            ],
            [
              13.277132568538162,
              11.753263154877931
            ],
            [
              13.276927859036977,
              11.753170765989921
            ],
            [
              13.27672431570553,
              11.753075908612349
            ],
            [
              13.276521969200182,
              11.752978597033465
            ],
            [
              13.276320849996912,
              11.752878845911152
            ],
            [
              13.276120988386728,
              11.752776670270691
            ],
            [
              13.275922414471106,
              11.752672085502528
            ],
            [
              13.27572515815745,
              11.752565107359937
            ],
            [
              13.275529249154587,
              11.752455751956644
            ],
            [
              13.2753347169683,
              11.752344035764411
            ],
            [
              13.275141590896869,
              11.752229975610543
            ],
            [
              13.274949900026662,
              11.752113588675353
            ],
            [
              13.274759673227763,
              11.751994892489579
            ],
            [
              13.274570939149605,
              11.751873904931733
            ],
            [
              13.274383726216682,
              11.751750644225416
            ],
            [
              13.274198062624228,
              11.751625128936562
            ],
            [
              13.274013976334007,
              11.75149737797065
            ],
            [
              13.273831495070082,
              11.75136741056985
            ],
            [
              13.273650646314643,
              11.751235246310115
            ],
            [
              13.273471457303865,
              11.751100905098237
            ],
            [
              13.273293955023814,
              11.750964407168869
            ],
            [
              13.273118166206372,
              11.75082577308144
            ],
            [
              13.272944117325213,
              11.750685023717068
            ],
            [
              13.27277183459183,
              11.750542180275428
            ],
            [
              13.272601343951562,
              11.750397264271545
            ],
            [
              13.27243267107971,
              11.750250297532556
            ],
            [
              13.27226584137766,
              11.750101302194413
            ],
            [
              13.27210087996905,
              11.74995030069855
            ],
            [
              13.271937811696011,
              11.74979731578852
            ],
            [
              13.271776661115396,
              11.749642370506539
            ],
            [
              13.271617452495104,
              11.749485488190036
            ],
            [
              13.271460209810414,
              11.749326692468118
            ],
            [
              13.271304956740385,
              11.749166007258035
            ],
            [
              13.271151716664283,
              11.749003456761555
            ],
            [
              13.27100051265806,
              11.748839065461313
            ],
            [
              13.27085136749089,
              11.74867285811714
            ],
            [
              13.270704303621725,
              11.748504859762326
            ],
            [
              13.270559343195927,
              11.748335095699858
            ],
            [
              13.270416508041933,
              11.748163591498573
            ],
            [
              13.270275819667962,
              11.747990372989348
            ],
            [
              13.270137299258781,
              11.747815466261182
            ],
            [
              13.270000967672518,
              11.747638897657275
            ],
            [
              13.26986684543752,
              11.747460693771055
            ],
            [
              13.269734952749262,
              11.74728088144218
            ],
            [
              13.269605309467314,
              11.74709948775247
            ],
            [
              13.269477935112342,
              11.746916540021871
            ],
            [
              13.269352848863177,
              11.746732065804297
            ],
            [
              13.269230069553927,
              11.746546092883486
            ],
            [
              13.269109615671145,
              11.746358649268847
            ],
            [
              13.26899150535104,
              11.746169763191194
            ],
            [
              13.268875756376756,
              11.745979463098523
            ],
            [
              13.268762386175698,
              11.745787777651728
            ],
            [
              13.268651411816895,
              11.745594735720259
            ],
            [
              13.268542850008448,
              11.745400366377794
            ],
            [
              13.26843671709501,
              11.745204698897858
            ],
            [
              13.268333029055327,
              11.7450077627494
            ],
            [
              13.268231801499835,
              11.74480958759237
            ],
            [
              13.268133049668311,
              11.744610203273236
            ],
            [
              13.268036788427583,
              11.744409639820503
            ],
            [
              13.267943032269292,
              11.744207927440172
            ],
            [
              13.267851795307713,
              11.74400509651121
            ],
            [
              13.267763091277633,
              11.743801177580956
            ],
            [
              13.267676933532284,
              11.743596201360528
            ],
            [
              13.267593335041344,
              11.743390198720206
            ],
            [
              13.267512308388968,
              11.743183200684763
            ],
            [
              13.267433865771915,
              11.742975238428802
            ],
            [
              13.26735801899771,
              11.742766343272061
            ],
            [
              13.267284779482859,
              11.742556546674697
            ],
            [
              13.267214158251148,
              11.742345880232543
            ],
            [
              13.267146165931978,
              11.742134375672347
            ],
            [
              13.267080812758763,
              11.741922064847005
            ],
            [
              13.267018108567408,
              11.741708979730745
            ],
            [
              13.266958062794814,
              11.741495152414323
            ],
            [
              13.266900684477474,
              11.74128061510021
            ],
            [
              13.266845982250109,
              11.741065400097686
            ],
            [
              13.26679396434437,
              11.740849539818033
            ],
            [
              13.266744638587607,
              11.740633066769622
            ],
            [
              13.266698012401694,
              11.74041601355302
            ],
            [
              13.26665409280191,
              11.740198412856085
            ],
            [
              13.266612886395894,
              11.739980297449048
            ],
            [
              13.266574399382641,
              11.739761700179564
            ],
            [
              13.266538637551593,
              11.739542653967776
            ],
            [
              13.266505606281747,
              11.739323191801363
            ],
            [
              13.266475310540867,
              11.739103346730541
            ],
            [
              13.266447754884735,
              11.738883151863131
            ],
            [
              13.266422943456465,
              11.738662640359538
            ],
            [
              13.266400879985888,
              11.738441845427772
            ],
            [
              13.266381567788985,
              11.738220800318441
            ],
            [
              13.266365009767407,
              11.737999538319757
            ],
            [
              13.26635120840803,
              11.737778092752498
            ],
            [
              13.266340165782593,
              11.737556496965022
            ],
            [
              13.266331883547378,
              11.737334784328217
            ],
            [
              13.266326362942975,
              11.737112988230491
            ],
            [
              13.266323604794099,
              11.736891142072748
            ],
            [
              13.266323609509461,
              11.736669279263337
            ],
            [
              13.266326377081723,
              11.736447433213048
            ],
            [
              13.266331907087494,
              11.736225637330064
            ],
            [
              13.266340198687399,
              11.736003925014936
            ],
            [
              13.26635125062621,
              11.735782329655553
            ],
            [
              13.26636506123304,
              11.735560884622112
            ],
            [
              13.266381628421604,
              11.7353396232621
            ],
            [
              13.26640094969052,
              11.735118578895262
            ],
            [
              13.266423022123714,
              11.7348977848086
            ],
            [
              13.26644784239084,
              11.734677274251343
            ],
            [
              13.266475406747794,
              11.73445708042996
            ],
            [
              13.266505711037293,
              11.734237236503137
            ],
            [
              13.266538750689486,
              11.7340177755768
            ],
            [
              13.266574520722658,
              11.733798730699135
            ],
            [
              13.266613015743975,
              11.7335801348556
            ],
            [
              13.266654229950312,
              11.733362020963956
            ],
            [
              13.26669815712912,
              11.733144421869335
            ],
            [
              13.266744790659372,
              11.73292737033926
            ],
            [
              13.266794123512552,
              11.732710899058741
            ],
            [
              13.266846148253736,
              11.732495040625341
            ],
            [
              13.266900857042694,
              11.732279827544264
            ],
            [
              13.266958241635093,
              11.732065292223472
            ],
            [
              13.267018293383725,
              11.731851466968813
            ],
            [
              13.267081003239827,
              11.731638383979112
            ],
            [
              13.267146361754435,
              11.731426075341394
            ],
            [
              13.26721435907982,
              11.731214573025992
            ],
            [
              13.267284984970964,
              11.731003908881771
            ],
            [
              13.267358228787113,
              11.730794114631315
            ],
            [
              13.267434079493384,
              11.730585221866153
            ],
            [
              13.267512525662422,
              11.730377262042014
            ],
            [
              13.267593555476127,
              11.730170266474081
            ],
            [
              13.26767715672744,
              11.72996426633228
            ],
            [
              13.26776331682218,
              11.729759292636585
            ],
            [
              13.26785202278094,
              11.729555376252359
            ],
            [
              13.267943261241056,
              11.72935254788569
            ],
            [
              13.268037018458603,
              11.729150838078784
            ],
            [
              13.26813328031049,
              11.728950277205355
            ],
            [
              13.268232032296567,
              11.72875089546607
            ],
            [
              13.268333259541825,
              11.728552722883984
            ],
            [
              13.268436946798632,
              11.728355789300025
            ],
            [
              13.268543078449035,
              11.728160124368511
            ],
            [
              13.26865163850711,
              11.727965757552683
            ],
            [
              13.268762610621371,
              11.72777271812026
            ],
            [
              13.268875978077244,
              11.727581035139039
            ],
            [
              13.268991723799562,
              11.727390737472529
            ],
            [
              13.26910983035517,
              11.727201853775592
            ],
            [
              13.269230279955528,
              11.727014412490139
            ],
            [
              13.269353054459396,
              11.726828441840844
            ],
            [
              13.269478135375573,
              11.726643969830898
            ],
            [
              13.26960550386568,
              11.726461024237793
            ],
            [
              13.269735140746993,
              11.726279632609133
            ],
            [
              13.269867026495344,
              11.726099822258506
            ],
            [
              13.270001141248049,
              11.72592162026136
            ],
            [
              13.270137464806906,
              11.725745053450922
            ],
            [
              13.270275976641244,
              11.725570148414164
            ],
            [
              13.270416655891001,
              11.725396931487817
            ],
            [
              13.27055948136988,
              11.725225428754385
            ],
            [
              13.270704431568529,
              11.725055666038227
            ],
            [
              13.270851484657786,
              11.724887668901674
            ],
            [
              13.271000618491968,
              11.724721462641169
            ],
            [
              13.271151810612201,
              11.724557072283469
            ],
            [
              13.271305038249805,
              11.724394522581893
            ],
            [
              13.271460278329723,
              11.72423383801256
            ],
            [
              13.271617507473994,
              11.724075042770735
            ],
            [
              13.271776702005278,
              11.723918160767175
            ],
            [
              13.27193783795041,
              11.723763215624539
            ],
            [
              13.272100891044028,
              11.72361023067381
            ],
            [
              13.272265836732203,
              11.723459228950816
            ],
            [
              13.272432650176162,
              11.72331023319274
            ],
            [
              13.272601306256005,
              11.7231632658347
            ],
            [
              13.2727717795745,
              11.723018349006379
            ],
            [
              13.272944044460903,
              11.722875504528691
            ],
            [
              13.273118074974825,
              11.722734753910494
            ],
            [
              13.273293844910134,
              11.722596118345365
            ],
            [
              13.273471327798896,
              11.722459618708388
            ],
            [
              13.273650496915375,
              11.72232527555303
            ],
            [
              13.273831325280039,
              11.722193109108048
            ],
            [
              13.274013785663634,
              11.722063139274427
            ],
            [
              13.27419785059127,
              11.721935385622402
            ],
            [
              13.274383492346573,
              11.72180986738851
            ],
            [
              13.274570682975842,
              11.72168660347268
            ],
            [
              13.274759394292266,
              11.721565612435409
            ],
            [
              13.274949597880164,
              11.721446912494963
            ],
            [
              13.275141265099265,
              11.721330521524614
            ],
            [
              13.27533436708901,
              11.721216457049985
            ],
            [
              13.27552887477291,
              11.721104736246378
            ],
            [
              13.275724758862903,
              11.720995375936218
            ],
            [
              13.275921989863786,
              11.720888392586497
            ],
            [
              13.276120538077633,
              11.72078380230632
            ],
            [
              13.276320373608282,
              11.720681620844442
            ],
            [
              13.276521466365821,
              11.72058186358695
            ],
            [
              13.27672378607112,
              11.720484545554903
            ],
            [
              13.276927302260399,
              11.72038968140209
            ],
            [
              13.277131984289792,
              11.720297285412824
            ],
            [
              13.27733780133998,
              11.720207371499784
            ],
            [
              13.277544722420819,
              11.720119953201937
            ],
            [
              13.277752716376003,
              11.720035043682484
            ],
            [
              13.277961751887755,
              11.719952655726875
            ],
            [
              13.27817179748154,
              11.719872801740907
            ],
            [
              13.278382821530805,
              11.719795493748842
            ],
            [
              13.27859479226173,
              11.719720743391594
            ],
            [
              13.278807677758017,
              11.71964856192498
            ],
            [
              13.279021445965693,
              11.719578960218033
            ],
            [
              13.27923606469793,
              11.719511948751359
            ],
            [
              13.279451501639889,
              11.719447537615551
            ],
            [
              13.279667724353589,
              11.719385736509691
            ],
            [
              13.279884700282775,
              11.71932655473987
            ],
            [
              13.280102396757837,
              11.719270001217806
            ],
            [
              13.280320781000702,
              11.719216084459479
            ],
            [
              13.280539820129794,
              11.719164812583864
            ],
            [
              13.280759481164957,
              11.719116193311711
            ],
            [
              13.280979731032433,
              11.719070233964388
            ],
            [
              13.281200536569832,
              11.719026941462744
            ],
            [
              13.281421864531127,
              11.71898632232611
            ],
            [
              13.281643681591657,
              11.71894838267129
            ],
            [
              13.28186595435313,
              11.718913128211666
            ],
            [
              13.282088649348667,
              11.718880564256297
            ],
            [
              13.282311733047827,
              11.718850695709166
            ],
            [
              13.282535171861655,
              11.718823527068395
            ],
            [
              13.282758932147729,
              11.718799062425619
            ],
            [
              13.282982980215243,
              11.71877730546532
            ],
            [
              13.283207282330048,
              11.718758259464305
            ],
            [
              13.283431804719756,
              11.7187419272912
            ],
            [
              13.283656513578801,
              11.718728311406016
            ],
            [
              13.28388137507354,
              11.718717413859789
            ],
            [
              13.284106355347332,
              11.718709236294256
            ],
            [
              13.284331420525644,
              11.718703779941617
            ],
            [
              13.284556536721146,
              11.718701045624353
            ],
            [
              13.284781670038802,
              11.718701033755085
            ],
            [
              13.285006786580979,
              11.71870374433653
            ],
            [
              13.285231852452547,
              11.718709176961486
            ],
            [
              13.285456833765974,
              11.71871733081291
            ],
            [
              13.28568169664643,
              11.718728204664012
            ],
            [
              13.285906407236888,
              11.718741796878474
            ],
            [
              13.286130931703212,
              11.718758105410659
            ],
            [
              13.286355236239245,
              11.718777127805959
            ],
            [
              13.286579287071914,
              11.718798861201119
            ],
            [
              13.286803050466292,
              11.718823302324711
            ],
            [
              13.287026492730682,
              11.718850447497589
            ],
            [
              13.287249580221694,
              11.718880292633468
            ],
            [
              13.287472279349299,
              11.718912833239525
            ],
            [
              13.287694556581885,
              11.718948064417074
            ],
            [
              13.287916378451309,
              11.718985980862314
            ],
            [
              13.288137711557926,
              11.719026576867117
            ],
            [
              13.288358522575622,
              11.719069846319883
            ],
            [
              13.288578778256824,
              11.719115782706472
            ],
            [
              13.288798445437505,
              11.719164379111175
            ],
            [
              13.289017491042179,
              11.719215628217755
            ],
            [
              13.289235882088867,
              11.71926952231055
            ],
            [
              13.28945358569408,
              11.719326053275621
            ],
            [
              13.28967056907775,
              11.719385212602003
            ],
            [
              13.28988679956817,
              11.719446991382956
            ],
            [
              13.290102244606919,
              11.719511380317304
            ],
            [
              13.290316871753742,
              11.719578369710861
            ],
            [
              13.290530648691453,
              11.719647949477867
            ],
            [
              13.290743543230791,
              11.71972010914251
            ],
            [
              13.290955523315263,
              11.719794837840508
            ],
            [
              13.291166557025965,
              11.719872124320736
            ],
            [
              13.291376612586404,
              11.71995195694692
            ],
            [
              13.291585658367255,
              11.720034323699387
            ],
            [
              13.291793662891141,
              11.720119212176888
            ],
            [
              13.292000594837369,
              11.72020660959844
            ],
            [
              13.292206423046627,
              11.720296502805263
            ],
            [
              13.292411116525702,
              11.720388878262767
            ],
            [
              13.292614644452124,
              11.720483722062562
            ],
            [
              13.29281697617881,
              11.720581019924587
            ],
            [
              13.293018081238683,
              11.720680757199226
            ],
            [
              13.293217929349254,
              11.720782918869528
            ],
            [
              13.293416490417176,
              11.720887489553471
            ],
            [
              13.293613734542786,
              11.72099445350626
            ],
            [
              13.2938096320246,
              11.721103794622714
            ],
            [
              13.294004153363773,
              11.721215496439687
            ],
            [
              13.294197269268563,
              11.721329542138529
            ],
            [
              13.294388950658721,
              11.721445914547624
            ],
            [
              13.294579168669875,
              11.721564596144999
            ],
            [
              13.294767894657882,
              11.721685569060918
            ],
            [
              13.294955100203133,
              11.72180881508061
            ],
            [
              13.29514075711483,
              11.721934315646978
            ],
            [
              13.29532483743524,
              11.722062051863414
            ],
            [
              13.295507313443894,
              11.722192004496637
            ],
            [
              13.295688157661772,
              11.722324153979587
            ],
            [
              13.295867342855425,
              11.722458480414366
            ],
            [
              13.296044842041091,
              11.722594963575233
            ],
            [
              13.296220628488754,
              11.722733582911651
            ],
            [
              13.296394675726162,
              11.722874317551389
            ],
            [
              13.296566957542817,
              11.723017146303636
            ],
            [
              13.29673744799393,
              11.723162047662218
            ],
            [
              13.29690612140431,
              11.723308999808824
            ],
            [
              13.297072952372256,
              11.723457980616288
            ],
            [
              13.297237915773357,
              11.723608967651927
            ],
            [
              13.297400986764288,
              11.723761938180902
            ],
            [
              13.29756214078656,
              11.723916869169658
            ],
            [
              13.297721353570198,
              11.724073737289377
            ],
            [
              13.297878601137413,
              11.724232518919496
            ],
            [
              13.298033859806207,
              11.724393190151263
            ],
            [
              13.298187106193945,
              11.724555726791332
            ],
            [
              13.298338317220868,
              11.72472010436541
            ],
            [
              13.298487470113578,
              11.72488629812193
            ],
            [
              13.298634542408465,
              11.725054283035785
            ],
            [
              13.298779511955091,
              11.725224033812097
            ],
            [
              13.29892235691953,
              11.72539552489002
            ],
            [
              13.29906305578765,
              11.725568730446591
            ],
            [
              13.299201587368364,
              11.725743624400605
            ],
            [
              13.299337930796812,
              11.725920180416567
            ],
            [
              13.299472065537518,
              11.72609837190862
            ],
            [
              13.29960397138747,
              11.726278172044577
            ],
            [
              13.299733628479174,
              11.726459553749962
            ],
            [
              13.299861017283643,
              11.726642489712047
            ],
            [
              13.299986118613342,
              11.726826952384013
            ],
            [
              13.300108913625078,
              11.727012913989066
            ],
            [
              13.300229383822844,
              11.727200346524626
            ],
            [
              13.300347511060597,
              11.727389221766545
            ],
            [
              13.300463277545004,
              11.72757951127335
            ],
            [
              13.30057666583812,
              11.72777118639053
            ],
            [
              13.30068765886001,
              11.727964218254854
            ],
            [
              13.300796239891332,
              11.72815857779871
            ],
            [
              13.300902392575855,
              11.728354235754477
            ],
            [
              13.301006100922926,
              11.728551162658936
            ],
            [
              13.301107349309875,
              11.728749328857718
            ],
            [
              13.301206122484373,
              11.728948704509737
            ],
            [
              13.301302405566743,
              11.729149259591718
            ],
            [
              13.301396184052182,
              11.729350963902702
            ],
            [
              13.301487443812967,
              11.729553787068571
            ],
            [
              13.30157617110058,
              11.729757698546678
            ],
            [
              13.301662352547774,
              11.729962667630382
            ],
            [
              13.301745975170602,
              11.730168663453709
            ],
            [
              13.301827026370367,
              11.73037565499599
            ],
            [
              13.301905493935521,
              11.730583611086534
            ],
            [
              13.30198136604352,
              11.730792500409315
            ],
            [
              13.30205463126259,
              11.731002291507693
            ],
            [
              13.302125278553468,
              11.731212952789146
            ],
            [
              13.302193297271051,
              11.731424452530032
            ],
            [
              13.302258677166027,
              11.731636758880363
            ],
            [
              13.30232140838639,
              11.731849839868602
            ],
            [
              13.302381481478962,
              11.73206366340648
            ],
            [
              13.302438887390794,
              11.732278197293807
            ],
            [
              13.30249361747054,
              11.73249340922336
            ],
            [
              13.302545663469774,
              11.732709266785715
            ],
            [
              13.302595017544222,
              11.73292573747413
            ],
            [
              13.302641672254953,
              11.73314278868947
            ],
            [
              13.302685620569507,
              11.733360387745071
            ],
            [
              13.302726855862948,
              11.7335785018717
            ],
            [
              13.302765371918877,
              11.733797098222466
            ],
            [
              13.302801162930363,
              11.734016143877783
            ],
            [
              13.302834223500827,
              11.734235605850314
            ],
            [
              13.302864548644859,
              11.734455451089945
            ],
            [
              13.302892133788964,
              11.73467564648876
            ],
            [
              13.302916974772264,
              11.73489615888604
            ],
            [
              13.30293906784713,
              11.735116955073233
            ],
            [
              13.302958409679745,
              11.735338001798969
            ],
            [
              13.302974997350605,
              11.735559265774071
            ],
            [
              13.302988828354975,
              11.735780713676563
            ],
            [
              13.302999900603265,
              11.736002312156685
            ],
            [
              13.303008212421341,
              11.736224027841928
            ],
            [
              13.303013762550798,
              11.736445827342038
            ],
            [
              13.303016550149136,
              11.736667677254077
            ],
            [
              13.303016574789904,
              11.736889544167424
            ],
            [
              13.303013836462753,
              11.737111394668819
            ]
          ]
        ]
      }
    }
  ]
}
